ISO-10303-21;
HEADER;
/* Generated by software containing ST-Developer
 * from STEP Tools, Inc. (www.steptools.com) 
 */

FILE_DESCRIPTION(
/* description */ (''),
/* implementation_level */ '2;1');

FILE_NAME(
/* name */ 'oled.step',
/* time_stamp */ '2026-05-14T16:30:29+05:30',
/* author */ (''),
/* organization */ (''),
/* preprocessor_version */ 'ST-DEVELOPER v20.1',
/* originating_system */ 'Autodesk Translation Framework v15.8.0.0',
/* authorisation */ '');

FILE_SCHEMA (('AUTOMOTIVE_DESIGN { 1 0 10303 214 3 1 1 }'));
ENDSEC;

DATA;
#10=MECHANICAL_DESIGN_GEOMETRIC_PRESENTATION_REPRESENTATION('',(#4716,#4717,
#4718,#4719,#4720,#4721,#4722,#4723,#4724,#4725,#4726,#4727,#4728,#4729,
#4730,#4731,#4732,#4733,#4734,#4735,#4736,#4737,#4738,#4739,#4740,#4741,
#4742,#4743,#4744,#4745,#4746,#4747,#4748,#4749,#4750,#4751,#4752,#4753,
#4754,#4755,#4756,#4757,#4758,#4759,#4760,#4761,#4762,#4763,#4764,#4765,
#4766,#4767,#4768,#4769,#4770,#4771,#4772,#4773,#4774,#4775,#4776,#4777,
#4778,#4779,#4780,#4781,#4782,#4783,#4784,#4785),#9070);
#11=SHAPE_REPRESENTATION_RELATIONSHIP('SRR','None',#9077,#12);
#12=ADVANCED_BREP_SHAPE_REPRESENTATION('',(#13),#9069);
#13=MANIFOLD_SOLID_BREP('oled',#5056);
#14=B_SPLINE_CURVE_WITH_KNOTS('',2,(#6321,#6322,#6323,#6324),
 .UNSPECIFIED.,.F.,.F.,(3,1,3),(0.,1.,2.),.UNSPECIFIED.);
#15=B_SPLINE_CURVE_WITH_KNOTS('',2,(#6328,#6329,#6330,#6331),
 .UNSPECIFIED.,.F.,.F.,(3,1,3),(-2.,-1.,0.),.UNSPECIFIED.);
#16=B_SPLINE_CURVE_WITH_KNOTS('',2,(#6342,#6343,#6344,#6345),
 .UNSPECIFIED.,.F.,.F.,(3,1,3),(0.,1.,2.),.UNSPECIFIED.);
#17=B_SPLINE_CURVE_WITH_KNOTS('',2,(#6347,#6348,#6349,#6350),
 .UNSPECIFIED.,.F.,.F.,(3,1,3),(-2.,-1.,0.),.UNSPECIFIED.);
#18=B_SPLINE_CURVE_WITH_KNOTS('',2,(#6379,#6380,#6381,#6382),
 .UNSPECIFIED.,.F.,.F.,(3,1,3),(0.,1.,2.),.UNSPECIFIED.);
#19=B_SPLINE_CURVE_WITH_KNOTS('',2,(#6384,#6385,#6386,#6387),
 .UNSPECIFIED.,.F.,.F.,(3,1,3),(-2.,-1.,0.),.UNSPECIFIED.);
#20=B_SPLINE_CURVE_WITH_KNOTS('',2,(#6397,#6398,#6399,#6400),
 .UNSPECIFIED.,.F.,.F.,(3,1,3),(0.,1.,2.),.UNSPECIFIED.);
#21=B_SPLINE_CURVE_WITH_KNOTS('',2,(#6401,#6402,#6403,#6404),
 .UNSPECIFIED.,.F.,.F.,(3,1,3),(-2.,-1.,0.),.UNSPECIFIED.);
#22=B_SPLINE_CURVE_WITH_KNOTS('',2,(#6408,#6409,#6410,#6411),
 .UNSPECIFIED.,.F.,.F.,(3,1,3),(0.,1.,2.),.UNSPECIFIED.);
#23=B_SPLINE_CURVE_WITH_KNOTS('',2,(#6413,#6414,#6415,#6416),
 .UNSPECIFIED.,.F.,.F.,(3,1,3),(0.,1.,2.),.UNSPECIFIED.);
#24=B_SPLINE_CURVE_WITH_KNOTS('',2,(#6418,#6419,#6420,#6421),
 .UNSPECIFIED.,.F.,.F.,(3,1,3),(0.,1.,2.),.UNSPECIFIED.);
#25=B_SPLINE_CURVE_WITH_KNOTS('',2,(#6428,#6429,#6430,#6431),
 .UNSPECIFIED.,.F.,.F.,(3,1,3),(0.,1.,2.),.UNSPECIFIED.);
#26=B_SPLINE_CURVE_WITH_KNOTS('',2,(#6442,#6443,#6444,#6445),
 .UNSPECIFIED.,.F.,.F.,(3,1,3),(0.,1.,2.),.UNSPECIFIED.);
#27=B_SPLINE_CURVE_WITH_KNOTS('',2,(#6457,#6458,#6459,#6460),
 .UNSPECIFIED.,.F.,.F.,(3,1,3),(0.,1.,2.),.UNSPECIFIED.);
#28=B_SPLINE_CURVE_WITH_KNOTS('',2,(#6471,#6472,#6473,#6474),
 .UNSPECIFIED.,.F.,.F.,(3,1,3),(0.,1.,2.),.UNSPECIFIED.);
#29=B_SPLINE_CURVE_WITH_KNOTS('',2,(#6496,#6497,#6498,#6499),
 .UNSPECIFIED.,.F.,.F.,(3,1,3),(0.,1.,2.),.UNSPECIFIED.);
#30=B_SPLINE_CURVE_WITH_KNOTS('',2,(#6540,#6541,#6542,#6543),
 .UNSPECIFIED.,.F.,.F.,(3,1,3),(0.,1.,2.),.UNSPECIFIED.);
#31=B_SPLINE_CURVE_WITH_KNOTS('',2,(#6545,#6546,#6547,#6548),
 .UNSPECIFIED.,.F.,.F.,(3,1,3),(0.,1.,2.),.UNSPECIFIED.);
#32=B_SPLINE_CURVE_WITH_KNOTS('',2,(#6550,#6551,#6552,#6553),
 .UNSPECIFIED.,.F.,.F.,(3,1,3),(0.,1.,2.),.UNSPECIFIED.);
#33=B_SPLINE_CURVE_WITH_KNOTS('',2,(#6555,#6556,#6557,#6558),
 .UNSPECIFIED.,.F.,.F.,(3,1,3),(0.,1.,2.),.UNSPECIFIED.);
#34=B_SPLINE_CURVE_WITH_KNOTS('',2,(#6560,#6561,#6562,#6563),
 .UNSPECIFIED.,.F.,.F.,(3,1,3),(0.,1.,2.),.UNSPECIFIED.);
#35=B_SPLINE_CURVE_WITH_KNOTS('',2,(#6565,#6566,#6567,#6568),
 .UNSPECIFIED.,.F.,.F.,(3,1,3),(0.,1.,2.),.UNSPECIFIED.);
#36=B_SPLINE_CURVE_WITH_KNOTS('',2,(#6570,#6571,#6572,#6573),
 .UNSPECIFIED.,.F.,.F.,(3,1,3),(0.,1.,2.),.UNSPECIFIED.);
#37=B_SPLINE_CURVE_WITH_KNOTS('',2,(#6575,#6576,#6577,#6578),
 .UNSPECIFIED.,.F.,.F.,(3,1,3),(0.,1.,2.),.UNSPECIFIED.);
#38=B_SPLINE_CURVE_WITH_KNOTS('',2,(#6584,#6585,#6586,#6587),
 .UNSPECIFIED.,.F.,.F.,(3,1,3),(0.,1.,2.),.UNSPECIFIED.);
#39=B_SPLINE_CURVE_WITH_KNOTS('',2,(#6589,#6590,#6591,#6592),
 .UNSPECIFIED.,.F.,.F.,(3,1,3),(0.,1.,2.),.UNSPECIFIED.);
#40=B_SPLINE_CURVE_WITH_KNOTS('',2,(#6594,#6595,#6596,#6597),
 .UNSPECIFIED.,.F.,.F.,(3,1,3),(0.,1.,2.),.UNSPECIFIED.);
#41=B_SPLINE_CURVE_WITH_KNOTS('',2,(#6599,#6600,#6601,#6602),
 .UNSPECIFIED.,.F.,.F.,(3,1,3),(0.,1.,2.),.UNSPECIFIED.);
#42=B_SPLINE_CURVE_WITH_KNOTS('',2,(#6604,#6605,#6606,#6607),
 .UNSPECIFIED.,.F.,.F.,(3,1,3),(0.,1.,2.),.UNSPECIFIED.);
#43=B_SPLINE_CURVE_WITH_KNOTS('',2,(#6609,#6610,#6611,#6612),
 .UNSPECIFIED.,.F.,.F.,(3,1,3),(0.,1.,2.),.UNSPECIFIED.);
#44=B_SPLINE_CURVE_WITH_KNOTS('',2,(#6614,#6615,#6616,#6617),
 .UNSPECIFIED.,.F.,.F.,(3,1,3),(0.,1.,2.),.UNSPECIFIED.);
#45=B_SPLINE_CURVE_WITH_KNOTS('',2,(#6619,#6620,#6621,#6622),
 .UNSPECIFIED.,.F.,.F.,(3,1,3),(0.,1.,2.),.UNSPECIFIED.);
#46=B_SPLINE_CURVE_WITH_KNOTS('',2,(#6636,#6637,#6638,#6639),
 .UNSPECIFIED.,.F.,.F.,(3,1,3),(0.,1.,2.),.UNSPECIFIED.);
#47=B_SPLINE_CURVE_WITH_KNOTS('',2,(#6651,#6652,#6653,#6654),
 .UNSPECIFIED.,.F.,.F.,(3,1,3),(0.,1.,2.),.UNSPECIFIED.);
#48=B_SPLINE_CURVE_WITH_KNOTS('',2,(#6665,#6666,#6667,#6668),
 .UNSPECIFIED.,.F.,.F.,(3,1,3),(0.,1.,2.),.UNSPECIFIED.);
#49=B_SPLINE_CURVE_WITH_KNOTS('',2,(#6679,#6680,#6681,#6682),
 .UNSPECIFIED.,.F.,.F.,(3,1,3),(0.,1.,2.),.UNSPECIFIED.);
#50=B_SPLINE_CURVE_WITH_KNOTS('',2,(#6693,#6694,#6695,#6696),
 .UNSPECIFIED.,.F.,.F.,(3,1,3),(0.,1.,2.),.UNSPECIFIED.);
#51=B_SPLINE_CURVE_WITH_KNOTS('',2,(#6707,#6708,#6709,#6710),
 .UNSPECIFIED.,.F.,.F.,(3,1,3),(0.,1.,2.),.UNSPECIFIED.);
#52=B_SPLINE_CURVE_WITH_KNOTS('',2,(#6721,#6722,#6723,#6724),
 .UNSPECIFIED.,.F.,.F.,(3,1,3),(0.,1.,2.),.UNSPECIFIED.);
#53=B_SPLINE_CURVE_WITH_KNOTS('',2,(#6735,#6736,#6737,#6738),
 .UNSPECIFIED.,.F.,.F.,(3,1,3),(0.,1.,2.),.UNSPECIFIED.);
#54=B_SPLINE_CURVE_WITH_KNOTS('',2,(#6757,#6758,#6759,#6760),
 .UNSPECIFIED.,.F.,.F.,(3,1,3),(0.,1.,2.),.UNSPECIFIED.);
#55=B_SPLINE_CURVE_WITH_KNOTS('',2,(#6771,#6772,#6773,#6774),
 .UNSPECIFIED.,.F.,.F.,(3,1,3),(0.,1.,2.),.UNSPECIFIED.);
#56=B_SPLINE_CURVE_WITH_KNOTS('',2,(#6785,#6786,#6787,#6788),
 .UNSPECIFIED.,.F.,.F.,(3,1,3),(0.,1.,2.),.UNSPECIFIED.);
#57=B_SPLINE_CURVE_WITH_KNOTS('',2,(#6799,#6800,#6801,#6802),
 .UNSPECIFIED.,.F.,.F.,(3,1,3),(0.,1.,2.),.UNSPECIFIED.);
#58=B_SPLINE_CURVE_WITH_KNOTS('',2,(#6813,#6814,#6815,#6816),
 .UNSPECIFIED.,.F.,.F.,(3,1,3),(0.,1.,2.),.UNSPECIFIED.);
#59=B_SPLINE_CURVE_WITH_KNOTS('',2,(#6827,#6828,#6829,#6830),
 .UNSPECIFIED.,.F.,.F.,(3,1,3),(0.,1.,2.),.UNSPECIFIED.);
#60=B_SPLINE_CURVE_WITH_KNOTS('',2,(#6841,#6842,#6843,#6844),
 .UNSPECIFIED.,.F.,.F.,(3,1,3),(0.,1.,2.),.UNSPECIFIED.);
#61=B_SPLINE_CURVE_WITH_KNOTS('',2,(#6855,#6856,#6857,#6858),
 .UNSPECIFIED.,.F.,.F.,(3,1,3),(0.,1.,2.),.UNSPECIFIED.);
#62=B_SPLINE_CURVE_WITH_KNOTS('',2,(#6869,#6870,#6871,#6872),
 .UNSPECIFIED.,.F.,.F.,(3,1,3),(0.,1.,2.),.UNSPECIFIED.);
#63=B_SPLINE_CURVE_WITH_KNOTS('',2,(#6874,#6875,#6876,#6877),
 .UNSPECIFIED.,.F.,.F.,(3,1,3),(0.,1.,2.),.UNSPECIFIED.);
#64=B_SPLINE_CURVE_WITH_KNOTS('',2,(#6879,#6880,#6881,#6882),
 .UNSPECIFIED.,.F.,.F.,(3,1,3),(0.,1.,2.),.UNSPECIFIED.);
#65=B_SPLINE_CURVE_WITH_KNOTS('',2,(#6888,#6889,#6890,#6891),
 .UNSPECIFIED.,.F.,.F.,(3,1,3),(0.,1.,2.),.UNSPECIFIED.);
#66=B_SPLINE_CURVE_WITH_KNOTS('',2,(#6893,#6894,#6895,#6896),
 .UNSPECIFIED.,.F.,.F.,(3,1,3),(0.,1.,2.),.UNSPECIFIED.);
#67=B_SPLINE_CURVE_WITH_KNOTS('',2,(#6898,#6899,#6900,#6901),
 .UNSPECIFIED.,.F.,.F.,(3,1,3),(0.,1.,2.),.UNSPECIFIED.);
#68=B_SPLINE_CURVE_WITH_KNOTS('',2,(#6903,#6904,#6905,#6906),
 .UNSPECIFIED.,.F.,.F.,(3,1,3),(0.,1.,2.),.UNSPECIFIED.);
#69=B_SPLINE_CURVE_WITH_KNOTS('',2,(#6908,#6909,#6910,#6911),
 .UNSPECIFIED.,.F.,.F.,(3,1,3),(0.,1.,2.),.UNSPECIFIED.);
#70=B_SPLINE_CURVE_WITH_KNOTS('',2,(#6913,#6914,#6915,#6916),
 .UNSPECIFIED.,.F.,.F.,(3,1,3),(0.,1.,2.),.UNSPECIFIED.);
#71=B_SPLINE_CURVE_WITH_KNOTS('',2,(#6918,#6919,#6920,#6921),
 .UNSPECIFIED.,.F.,.F.,(3,1,3),(0.,1.,2.),.UNSPECIFIED.);
#72=B_SPLINE_CURVE_WITH_KNOTS('',2,(#6923,#6924,#6925,#6926),
 .UNSPECIFIED.,.F.,.F.,(3,1,3),(0.,1.,2.),.UNSPECIFIED.);
#73=B_SPLINE_CURVE_WITH_KNOTS('',3,(#6932,#6933,#6934,#6935,#6936,#6937,
#6938),.UNSPECIFIED.,.F.,.F.,(4,3,4),(-0.0138777377539731,-0.00693886887698654,
0.),.UNSPECIFIED.);
#74=B_SPLINE_CURVE_WITH_KNOTS('',2,(#6940,#6941,#6942,#6943),
 .UNSPECIFIED.,.F.,.F.,(3,1,3),(0.,1.,2.),.UNSPECIFIED.);
#75=B_SPLINE_CURVE_WITH_KNOTS('',2,(#6945,#6946,#6947,#6948),
 .UNSPECIFIED.,.F.,.F.,(3,1,3),(0.,1.,2.),.UNSPECIFIED.);
#76=B_SPLINE_CURVE_WITH_KNOTS('',2,(#6950,#6951,#6952,#6953),
 .UNSPECIFIED.,.F.,.F.,(3,1,3),(0.,1.,2.),.UNSPECIFIED.);
#77=B_SPLINE_CURVE_WITH_KNOTS('',2,(#6954,#6955,#6956,#6957),
 .UNSPECIFIED.,.F.,.F.,(3,1,3),(0.,1.,2.),.UNSPECIFIED.);
#78=B_SPLINE_CURVE_WITH_KNOTS('',2,(#6968,#6969,#6970,#6971),
 .UNSPECIFIED.,.F.,.F.,(3,1,3),(0.,1.,2.),.UNSPECIFIED.);
#79=B_SPLINE_CURVE_WITH_KNOTS('',2,(#6983,#6984,#6985,#6986),
 .UNSPECIFIED.,.F.,.F.,(3,1,3),(0.,1.,2.),.UNSPECIFIED.);
#80=B_SPLINE_CURVE_WITH_KNOTS('',2,(#6997,#6998,#6999,#7000),
 .UNSPECIFIED.,.F.,.F.,(3,1,3),(0.,1.,2.),.UNSPECIFIED.);
#81=B_SPLINE_CURVE_WITH_KNOTS('',2,(#7019,#7020,#7021,#7022),
 .UNSPECIFIED.,.F.,.F.,(3,1,3),(0.,1.,2.),.UNSPECIFIED.);
#82=B_SPLINE_CURVE_WITH_KNOTS('',2,(#7033,#7034,#7035,#7036),
 .UNSPECIFIED.,.F.,.F.,(3,1,3),(0.,1.,2.),.UNSPECIFIED.);
#83=B_SPLINE_CURVE_WITH_KNOTS('',2,(#7047,#7048,#7049,#7050),
 .UNSPECIFIED.,.F.,.F.,(3,1,3),(0.,1.,2.),.UNSPECIFIED.);
#84=B_SPLINE_CURVE_WITH_KNOTS('',2,(#7061,#7062,#7063,#7064),
 .UNSPECIFIED.,.F.,.F.,(3,1,3),(0.,1.,2.),.UNSPECIFIED.);
#85=B_SPLINE_CURVE_WITH_KNOTS('',2,(#7075,#7076,#7077,#7078),
 .UNSPECIFIED.,.F.,.F.,(3,1,3),(0.,1.,2.),.UNSPECIFIED.);
#86=B_SPLINE_CURVE_WITH_KNOTS('',2,(#7089,#7090,#7091,#7092),
 .UNSPECIFIED.,.F.,.F.,(3,1,3),(0.,1.,2.),.UNSPECIFIED.);
#87=B_SPLINE_CURVE_WITH_KNOTS('',2,(#7103,#7104,#7105,#7106),
 .UNSPECIFIED.,.F.,.F.,(3,1,3),(0.,1.,2.),.UNSPECIFIED.);
#88=B_SPLINE_CURVE_WITH_KNOTS('',2,(#7117,#7118,#7119,#7120),
 .UNSPECIFIED.,.F.,.F.,(3,1,3),(0.,1.,2.),.UNSPECIFIED.);
#89=B_SPLINE_CURVE_WITH_KNOTS('',3,(#7139,#7140,#7141,#7142,#7143,#7144,
#7145),.UNSPECIFIED.,.F.,.F.,(4,3,4),(-0.0138777377538779,-0.00693886887693893,
0.),.UNSPECIFIED.);
#90=B_SPLINE_CURVE_WITH_KNOTS('',2,(#7156,#7157,#7158,#7159),
 .UNSPECIFIED.,.F.,.F.,(3,1,3),(0.,1.,2.),.UNSPECIFIED.);
#91=B_SPLINE_CURVE_WITH_KNOTS('',2,(#7170,#7171,#7172,#7173),
 .UNSPECIFIED.,.F.,.F.,(3,1,3),(0.,1.,2.),.UNSPECIFIED.);
#92=B_SPLINE_CURVE_WITH_KNOTS('',2,(#7184,#7185,#7186,#7187),
 .UNSPECIFIED.,.F.,.F.,(3,1,3),(0.,1.,2.),.UNSPECIFIED.);
#93=B_SPLINE_CURVE_WITH_KNOTS('',2,(#7197,#7198,#7199,#7200),
 .UNSPECIFIED.,.F.,.F.,(3,1,3),(0.,1.,2.),.UNSPECIFIED.);
#94=B_SPLINE_CURVE_WITH_KNOTS('',2,(#7265,#7266,#7267,#7268),
 .UNSPECIFIED.,.F.,.F.,(3,1,3),(0.,1.,2.),.UNSPECIFIED.);
#95=B_SPLINE_CURVE_WITH_KNOTS('',2,(#7270,#7271,#7272,#7273),
 .UNSPECIFIED.,.F.,.F.,(3,1,3),(0.,1.,2.),.UNSPECIFIED.);
#96=B_SPLINE_CURVE_WITH_KNOTS('',2,(#7275,#7276,#7277,#7278),
 .UNSPECIFIED.,.F.,.F.,(3,1,3),(0.,1.,2.),.UNSPECIFIED.);
#97=B_SPLINE_CURVE_WITH_KNOTS('',2,(#7290,#7291,#7292,#7293),
 .UNSPECIFIED.,.F.,.F.,(3,1,3),(0.,1.,2.),.UNSPECIFIED.);
#98=B_SPLINE_CURVE_WITH_KNOTS('',2,(#7295,#7296,#7297,#7298),
 .UNSPECIFIED.,.F.,.F.,(3,1,3),(0.,1.,2.),.UNSPECIFIED.);
#99=B_SPLINE_CURVE_WITH_KNOTS('',2,(#7300,#7301,#7302,#7303),
 .UNSPECIFIED.,.F.,.F.,(3,1,3),(0.,1.,2.),.UNSPECIFIED.);
#100=B_SPLINE_CURVE_WITH_KNOTS('',2,(#7305,#7306,#7307,#7308),
 .UNSPECIFIED.,.F.,.F.,(3,1,3),(0.,1.,2.),.UNSPECIFIED.);
#101=B_SPLINE_CURVE_WITH_KNOTS('',2,(#7310,#7311,#7312,#7313),
 .UNSPECIFIED.,.F.,.F.,(3,1,3),(0.,1.,2.),.UNSPECIFIED.);
#102=B_SPLINE_CURVE_WITH_KNOTS('',2,(#7315,#7316,#7317,#7318),
 .UNSPECIFIED.,.F.,.F.,(3,1,3),(0.,1.,2.),.UNSPECIFIED.);
#103=B_SPLINE_CURVE_WITH_KNOTS('',2,(#7324,#7325,#7326,#7327),
 .UNSPECIFIED.,.F.,.F.,(3,1,3),(0.,1.,2.),.UNSPECIFIED.);
#104=B_SPLINE_CURVE_WITH_KNOTS('',2,(#7329,#7330,#7331,#7332),
 .UNSPECIFIED.,.F.,.F.,(3,1,3),(0.,1.,2.),.UNSPECIFIED.);
#105=B_SPLINE_CURVE_WITH_KNOTS('',2,(#7334,#7335,#7336,#7337),
 .UNSPECIFIED.,.F.,.F.,(3,1,3),(0.,1.,2.),.UNSPECIFIED.);
#106=B_SPLINE_CURVE_WITH_KNOTS('',2,(#7339,#7340,#7341,#7342),
 .UNSPECIFIED.,.F.,.F.,(3,1,3),(0.,1.,2.),.UNSPECIFIED.);
#107=B_SPLINE_CURVE_WITH_KNOTS('',2,(#7343,#7344,#7345,#7346),
 .UNSPECIFIED.,.F.,.F.,(3,1,3),(0.,1.,2.),.UNSPECIFIED.);
#108=B_SPLINE_CURVE_WITH_KNOTS('',2,(#7357,#7358,#7359,#7360),
 .UNSPECIFIED.,.F.,.F.,(3,1,3),(0.,1.,2.),.UNSPECIFIED.);
#109=B_SPLINE_CURVE_WITH_KNOTS('',2,(#7372,#7373,#7374,#7375),
 .UNSPECIFIED.,.F.,.F.,(3,1,3),(0.,1.,2.),.UNSPECIFIED.);
#110=B_SPLINE_CURVE_WITH_KNOTS('',2,(#7386,#7387,#7388,#7389),
 .UNSPECIFIED.,.F.,.F.,(3,1,3),(0.,1.,2.),.UNSPECIFIED.);
#111=B_SPLINE_CURVE_WITH_KNOTS('',2,(#7420,#7421,#7422,#7423),
 .UNSPECIFIED.,.F.,.F.,(3,1,3),(0.,1.,2.),.UNSPECIFIED.);
#112=B_SPLINE_CURVE_WITH_KNOTS('',2,(#7434,#7435,#7436,#7437),
 .UNSPECIFIED.,.F.,.F.,(3,1,3),(0.,1.,2.),.UNSPECIFIED.);
#113=B_SPLINE_CURVE_WITH_KNOTS('',2,(#7448,#7449,#7450,#7451),
 .UNSPECIFIED.,.F.,.F.,(3,1,3),(0.,1.,2.),.UNSPECIFIED.);
#114=B_SPLINE_CURVE_WITH_KNOTS('',2,(#7462,#7463,#7464,#7465),
 .UNSPECIFIED.,.F.,.F.,(3,1,3),(0.,1.,2.),.UNSPECIFIED.);
#115=B_SPLINE_CURVE_WITH_KNOTS('',2,(#7476,#7477,#7478,#7479),
 .UNSPECIFIED.,.F.,.F.,(3,1,3),(0.,1.,2.),.UNSPECIFIED.);
#116=B_SPLINE_CURVE_WITH_KNOTS('',2,(#7490,#7491,#7492,#7493),
 .UNSPECIFIED.,.F.,.F.,(3,1,3),(0.,1.,2.),.UNSPECIFIED.);
#117=B_SPLINE_CURVE_WITH_KNOTS('',2,(#7512,#7513,#7514,#7515),
 .UNSPECIFIED.,.F.,.F.,(3,1,3),(0.,1.,2.),.UNSPECIFIED.);
#118=B_SPLINE_CURVE_WITH_KNOTS('',2,(#7526,#7527,#7528,#7529),
 .UNSPECIFIED.,.F.,.F.,(3,1,3),(0.,1.,2.),.UNSPECIFIED.);
#119=B_SPLINE_CURVE_WITH_KNOTS('',2,(#7540,#7541,#7542,#7543),
 .UNSPECIFIED.,.F.,.F.,(3,1,3),(0.,1.,2.),.UNSPECIFIED.);
#120=B_SPLINE_CURVE_WITH_KNOTS('',2,(#7554,#7555,#7556,#7557),
 .UNSPECIFIED.,.F.,.F.,(3,1,3),(0.,1.,2.),.UNSPECIFIED.);
#121=B_SPLINE_CURVE_WITH_KNOTS('',2,(#7567,#7568,#7569,#7570),
 .UNSPECIFIED.,.F.,.F.,(3,1,3),(0.,1.,2.),.UNSPECIFIED.);
#122=B_SPLINE_CURVE_WITH_KNOTS('',2,(#7581,#7582,#7583,#7584),
 .UNSPECIFIED.,.F.,.F.,(3,1,3),(0.,1.,2.),.UNSPECIFIED.);
#123=B_SPLINE_CURVE_WITH_KNOTS('',2,(#7588,#7589,#7590,#7591),
 .UNSPECIFIED.,.F.,.F.,(3,1,3),(-2.,-1.,0.),.UNSPECIFIED.);
#124=B_SPLINE_CURVE_WITH_KNOTS('',2,(#7602,#7603,#7604,#7605),
 .UNSPECIFIED.,.F.,.F.,(3,1,3),(0.,1.,2.),.UNSPECIFIED.);
#125=B_SPLINE_CURVE_WITH_KNOTS('',2,(#7607,#7608,#7609,#7610),
 .UNSPECIFIED.,.F.,.F.,(3,1,3),(-2.,-1.,0.),.UNSPECIFIED.);
#126=B_SPLINE_CURVE_WITH_KNOTS('',2,(#7639,#7640,#7641,#7642),
 .UNSPECIFIED.,.F.,.F.,(3,1,3),(0.,1.,2.),.UNSPECIFIED.);
#127=B_SPLINE_CURVE_WITH_KNOTS('',2,(#7644,#7645,#7646,#7647),
 .UNSPECIFIED.,.F.,.F.,(3,1,3),(-2.,-1.,0.),.UNSPECIFIED.);
#128=B_SPLINE_CURVE_WITH_KNOTS('',2,(#7657,#7658,#7659,#7660),
 .UNSPECIFIED.,.F.,.F.,(3,1,3),(0.,1.,2.),.UNSPECIFIED.);
#129=B_SPLINE_CURVE_WITH_KNOTS('',2,(#7661,#7662,#7663,#7664),
 .UNSPECIFIED.,.F.,.F.,(3,1,3),(-2.,-1.,0.),.UNSPECIFIED.);
#130=B_SPLINE_CURVE_WITH_KNOTS('',2,(#7668,#7669,#7670,#7671),
 .UNSPECIFIED.,.F.,.F.,(3,1,3),(0.,1.,2.),.UNSPECIFIED.);
#131=B_SPLINE_CURVE_WITH_KNOTS('',2,(#7673,#7674,#7675,#7676),
 .UNSPECIFIED.,.F.,.F.,(3,1,3),(0.,1.,2.),.UNSPECIFIED.);
#132=B_SPLINE_CURVE_WITH_KNOTS('',2,(#7678,#7679,#7680,#7681),
 .UNSPECIFIED.,.F.,.F.,(3,1,3),(0.,1.,2.),.UNSPECIFIED.);
#133=B_SPLINE_CURVE_WITH_KNOTS('',2,(#7688,#7689,#7690,#7691),
 .UNSPECIFIED.,.F.,.F.,(3,1,3),(0.,1.,2.),.UNSPECIFIED.);
#134=B_SPLINE_CURVE_WITH_KNOTS('',2,(#7702,#7703,#7704,#7705),
 .UNSPECIFIED.,.F.,.F.,(3,1,3),(0.,1.,2.),.UNSPECIFIED.);
#135=B_SPLINE_CURVE_WITH_KNOTS('',2,(#7717,#7718,#7719,#7720),
 .UNSPECIFIED.,.F.,.F.,(3,1,3),(0.,1.,2.),.UNSPECIFIED.);
#136=B_SPLINE_CURVE_WITH_KNOTS('',2,(#7731,#7732,#7733,#7734),
 .UNSPECIFIED.,.F.,.F.,(3,1,3),(0.,1.,2.),.UNSPECIFIED.);
#137=B_SPLINE_CURVE_WITH_KNOTS('',2,(#7756,#7757,#7758,#7759),
 .UNSPECIFIED.,.F.,.F.,(3,1,3),(0.,1.,2.),.UNSPECIFIED.);
#138=B_SPLINE_CURVE_WITH_KNOTS('',2,(#7806,#7807,#7808,#7809),
 .UNSPECIFIED.,.F.,.F.,(3,1,3),(0.,1.,2.),.UNSPECIFIED.);
#139=B_SPLINE_CURVE_WITH_KNOTS('',2,(#7811,#7812,#7813,#7814),
 .UNSPECIFIED.,.F.,.F.,(3,1,3),(0.,1.,2.),.UNSPECIFIED.);
#140=B_SPLINE_CURVE_WITH_KNOTS('',2,(#7816,#7817,#7818,#7819),
 .UNSPECIFIED.,.F.,.F.,(3,1,3),(0.,1.,2.),.UNSPECIFIED.);
#141=B_SPLINE_CURVE_WITH_KNOTS('',2,(#7825,#7826,#7827,#7828),
 .UNSPECIFIED.,.F.,.F.,(3,1,3),(0.,1.,2.),.UNSPECIFIED.);
#142=B_SPLINE_CURVE_WITH_KNOTS('',2,(#7830,#7831,#7832,#7833),
 .UNSPECIFIED.,.F.,.F.,(3,1,3),(0.,1.,2.),.UNSPECIFIED.);
#143=B_SPLINE_CURVE_WITH_KNOTS('',2,(#7835,#7836,#7837,#7838),
 .UNSPECIFIED.,.F.,.F.,(3,1,3),(0.,1.,2.),.UNSPECIFIED.);
#144=B_SPLINE_CURVE_WITH_KNOTS('',2,(#7840,#7841,#7842,#7843),
 .UNSPECIFIED.,.F.,.F.,(3,1,3),(0.,1.,2.),.UNSPECIFIED.);
#145=B_SPLINE_CURVE_WITH_KNOTS('',2,(#7845,#7846,#7847,#7848),
 .UNSPECIFIED.,.F.,.F.,(3,1,3),(0.,1.,2.),.UNSPECIFIED.);
#146=B_SPLINE_CURVE_WITH_KNOTS('',2,(#7850,#7851,#7852,#7853),
 .UNSPECIFIED.,.F.,.F.,(3,1,3),(0.,1.,2.),.UNSPECIFIED.);
#147=B_SPLINE_CURVE_WITH_KNOTS('',2,(#7855,#7856,#7857,#7858),
 .UNSPECIFIED.,.F.,.F.,(3,1,3),(0.,1.,2.),.UNSPECIFIED.);
#148=B_SPLINE_CURVE_WITH_KNOTS('',2,(#7860,#7861,#7862,#7863),
 .UNSPECIFIED.,.F.,.F.,(3,1,3),(0.,1.,2.),.UNSPECIFIED.);
#149=B_SPLINE_CURVE_WITH_KNOTS('',3,(#7869,#7870,#7871,#7872,#7873,#7874,
#7875),.UNSPECIFIED.,.F.,.F.,(4,3,4),(-0.013877737753945,-0.00693886887697251,
0.),.UNSPECIFIED.);
#150=B_SPLINE_CURVE_WITH_KNOTS('',2,(#7877,#7878,#7879,#7880),
 .UNSPECIFIED.,.F.,.F.,(3,1,3),(0.,1.,2.),.UNSPECIFIED.);
#151=B_SPLINE_CURVE_WITH_KNOTS('',2,(#7882,#7883,#7884,#7885),
 .UNSPECIFIED.,.F.,.F.,(3,1,3),(0.,1.,2.),.UNSPECIFIED.);
#152=B_SPLINE_CURVE_WITH_KNOTS('',2,(#7887,#7888,#7889,#7890),
 .UNSPECIFIED.,.F.,.F.,(3,1,3),(0.,1.,2.),.UNSPECIFIED.);
#153=B_SPLINE_CURVE_WITH_KNOTS('',2,(#7891,#7892,#7893,#7894),
 .UNSPECIFIED.,.F.,.F.,(3,1,3),(0.,1.,2.),.UNSPECIFIED.);
#154=B_SPLINE_CURVE_WITH_KNOTS('',2,(#7905,#7906,#7907,#7908),
 .UNSPECIFIED.,.F.,.F.,(3,1,3),(0.,1.,2.),.UNSPECIFIED.);
#155=B_SPLINE_CURVE_WITH_KNOTS('',2,(#7920,#7921,#7922,#7923),
 .UNSPECIFIED.,.F.,.F.,(3,1,3),(0.,1.,2.),.UNSPECIFIED.);
#156=B_SPLINE_CURVE_WITH_KNOTS('',2,(#7934,#7935,#7936,#7937),
 .UNSPECIFIED.,.F.,.F.,(3,1,3),(0.,1.,2.),.UNSPECIFIED.);
#157=B_SPLINE_CURVE_WITH_KNOTS('',2,(#7956,#7957,#7958,#7959),
 .UNSPECIFIED.,.F.,.F.,(3,1,3),(0.,1.,2.),.UNSPECIFIED.);
#158=B_SPLINE_CURVE_WITH_KNOTS('',2,(#7970,#7971,#7972,#7973),
 .UNSPECIFIED.,.F.,.F.,(3,1,3),(0.,1.,2.),.UNSPECIFIED.);
#159=B_SPLINE_CURVE_WITH_KNOTS('',2,(#7984,#7985,#7986,#7987),
 .UNSPECIFIED.,.F.,.F.,(3,1,3),(0.,1.,2.),.UNSPECIFIED.);
#160=B_SPLINE_CURVE_WITH_KNOTS('',2,(#7998,#7999,#8000,#8001),
 .UNSPECIFIED.,.F.,.F.,(3,1,3),(0.,1.,2.),.UNSPECIFIED.);
#161=B_SPLINE_CURVE_WITH_KNOTS('',2,(#8012,#8013,#8014,#8015),
 .UNSPECIFIED.,.F.,.F.,(3,1,3),(0.,1.,2.),.UNSPECIFIED.);
#162=B_SPLINE_CURVE_WITH_KNOTS('',2,(#8026,#8027,#8028,#8029),
 .UNSPECIFIED.,.F.,.F.,(3,1,3),(0.,1.,2.),.UNSPECIFIED.);
#163=B_SPLINE_CURVE_WITH_KNOTS('',2,(#8040,#8041,#8042,#8043),
 .UNSPECIFIED.,.F.,.F.,(3,1,3),(0.,1.,2.),.UNSPECIFIED.);
#164=B_SPLINE_CURVE_WITH_KNOTS('',2,(#8054,#8055,#8056,#8057),
 .UNSPECIFIED.,.F.,.F.,(3,1,3),(0.,1.,2.),.UNSPECIFIED.);
#165=B_SPLINE_CURVE_WITH_KNOTS('',3,(#8076,#8077,#8078,#8079,#8080,#8081,
#8082),.UNSPECIFIED.,.F.,.F.,(4,3,4),(-0.0138777377539458,-0.0069388688769729,
0.),.UNSPECIFIED.);
#166=B_SPLINE_CURVE_WITH_KNOTS('',2,(#8093,#8094,#8095,#8096),
 .UNSPECIFIED.,.F.,.F.,(3,1,3),(0.,1.,2.),.UNSPECIFIED.);
#167=B_SPLINE_CURVE_WITH_KNOTS('',2,(#8107,#8108,#8109,#8110),
 .UNSPECIFIED.,.F.,.F.,(3,1,3),(0.,1.,2.),.UNSPECIFIED.);
#168=B_SPLINE_CURVE_WITH_KNOTS('',2,(#8121,#8122,#8123,#8124),
 .UNSPECIFIED.,.F.,.F.,(3,1,3),(0.,1.,2.),.UNSPECIFIED.);
#169=B_SPLINE_CURVE_WITH_KNOTS('',2,(#8134,#8135,#8136,#8137),
 .UNSPECIFIED.,.F.,.F.,(3,1,3),(0.,1.,2.),.UNSPECIFIED.);
#170=B_SPLINE_CURVE_WITH_KNOTS('',2,(#8141,#8142,#8143,#8144),
 .UNSPECIFIED.,.F.,.F.,(3,1,3),(0.,1.,2.),.UNSPECIFIED.);
#171=B_SPLINE_CURVE_WITH_KNOTS('',2,(#8146,#8147,#8148,#8149),
 .UNSPECIFIED.,.F.,.F.,(3,1,3),(0.,1.,2.),.UNSPECIFIED.);
#172=B_SPLINE_CURVE_WITH_KNOTS('',2,(#8151,#8152,#8153,#8154),
 .UNSPECIFIED.,.F.,.F.,(3,1,3),(0.,1.,2.),.UNSPECIFIED.);
#173=B_SPLINE_CURVE_WITH_KNOTS('',2,(#8160,#8161,#8162,#8163),
 .UNSPECIFIED.,.F.,.F.,(3,1,3),(0.,1.,2.),.UNSPECIFIED.);
#174=B_SPLINE_CURVE_WITH_KNOTS('',2,(#8165,#8166,#8167,#8168),
 .UNSPECIFIED.,.F.,.F.,(3,1,3),(0.,1.,2.),.UNSPECIFIED.);
#175=B_SPLINE_CURVE_WITH_KNOTS('',2,(#8170,#8171,#8172,#8173),
 .UNSPECIFIED.,.F.,.F.,(3,1,3),(0.,1.,2.),.UNSPECIFIED.);
#176=B_SPLINE_CURVE_WITH_KNOTS('',2,(#8175,#8176,#8177,#8178),
 .UNSPECIFIED.,.F.,.F.,(3,1,3),(0.,1.,2.),.UNSPECIFIED.);
#177=B_SPLINE_CURVE_WITH_KNOTS('',2,(#8180,#8181,#8182,#8183),
 .UNSPECIFIED.,.F.,.F.,(3,1,3),(0.,1.,2.),.UNSPECIFIED.);
#178=B_SPLINE_CURVE_WITH_KNOTS('',2,(#8185,#8186,#8187,#8188),
 .UNSPECIFIED.,.F.,.F.,(3,1,3),(0.,1.,2.),.UNSPECIFIED.);
#179=B_SPLINE_CURVE_WITH_KNOTS('',2,(#8190,#8191,#8192,#8193),
 .UNSPECIFIED.,.F.,.F.,(3,1,3),(0.,1.,2.),.UNSPECIFIED.);
#180=B_SPLINE_CURVE_WITH_KNOTS('',2,(#8195,#8196,#8197,#8198),
 .UNSPECIFIED.,.F.,.F.,(3,1,3),(0.,1.,2.),.UNSPECIFIED.);
#181=B_SPLINE_CURVE_WITH_KNOTS('',3,(#8204,#8205,#8206,#8207,#8208,#8209,
#8210),.UNSPECIFIED.,.F.,.F.,(4,3,4),(-0.0138777377539496,-0.00693886887697475,
0.),.UNSPECIFIED.);
#182=B_SPLINE_CURVE_WITH_KNOTS('',2,(#8212,#8213,#8214,#8215),
 .UNSPECIFIED.,.F.,.F.,(3,1,3),(0.,1.,2.),.UNSPECIFIED.);
#183=B_SPLINE_CURVE_WITH_KNOTS('',2,(#8217,#8218,#8219,#8220),
 .UNSPECIFIED.,.F.,.F.,(3,1,3),(0.,1.,2.),.UNSPECIFIED.);
#184=B_SPLINE_CURVE_WITH_KNOTS('',2,(#8222,#8223,#8224,#8225),
 .UNSPECIFIED.,.F.,.F.,(3,1,3),(0.,1.,2.),.UNSPECIFIED.);
#185=B_SPLINE_CURVE_WITH_KNOTS('',2,(#8226,#8227,#8228,#8229),
 .UNSPECIFIED.,.F.,.F.,(3,1,3),(0.,1.,2.),.UNSPECIFIED.);
#186=B_SPLINE_CURVE_WITH_KNOTS('',2,(#8240,#8241,#8242,#8243),
 .UNSPECIFIED.,.F.,.F.,(3,1,3),(0.,1.,2.),.UNSPECIFIED.);
#187=B_SPLINE_CURVE_WITH_KNOTS('',2,(#8255,#8256,#8257,#8258),
 .UNSPECIFIED.,.F.,.F.,(3,1,3),(0.,1.,2.),.UNSPECIFIED.);
#188=B_SPLINE_CURVE_WITH_KNOTS('',2,(#8269,#8270,#8271,#8272),
 .UNSPECIFIED.,.F.,.F.,(3,1,3),(0.,1.,2.),.UNSPECIFIED.);
#189=B_SPLINE_CURVE_WITH_KNOTS('',2,(#8291,#8292,#8293,#8294),
 .UNSPECIFIED.,.F.,.F.,(3,1,3),(0.,1.,2.),.UNSPECIFIED.);
#190=B_SPLINE_CURVE_WITH_KNOTS('',2,(#8305,#8306,#8307,#8308),
 .UNSPECIFIED.,.F.,.F.,(3,1,3),(0.,1.,2.),.UNSPECIFIED.);
#191=B_SPLINE_CURVE_WITH_KNOTS('',2,(#8319,#8320,#8321,#8322),
 .UNSPECIFIED.,.F.,.F.,(3,1,3),(0.,1.,2.),.UNSPECIFIED.);
#192=B_SPLINE_CURVE_WITH_KNOTS('',2,(#8333,#8334,#8335,#8336),
 .UNSPECIFIED.,.F.,.F.,(3,1,3),(0.,1.,2.),.UNSPECIFIED.);
#193=B_SPLINE_CURVE_WITH_KNOTS('',2,(#8347,#8348,#8349,#8350),
 .UNSPECIFIED.,.F.,.F.,(3,1,3),(0.,1.,2.),.UNSPECIFIED.);
#194=B_SPLINE_CURVE_WITH_KNOTS('',2,(#8361,#8362,#8363,#8364),
 .UNSPECIFIED.,.F.,.F.,(3,1,3),(0.,1.,2.),.UNSPECIFIED.);
#195=B_SPLINE_CURVE_WITH_KNOTS('',2,(#8375,#8376,#8377,#8378),
 .UNSPECIFIED.,.F.,.F.,(3,1,3),(0.,1.,2.),.UNSPECIFIED.);
#196=B_SPLINE_CURVE_WITH_KNOTS('',2,(#8389,#8390,#8391,#8392),
 .UNSPECIFIED.,.F.,.F.,(3,1,3),(0.,1.,2.),.UNSPECIFIED.);
#197=B_SPLINE_CURVE_WITH_KNOTS('',3,(#8411,#8412,#8413,#8414,#8415,#8416,
#8417),.UNSPECIFIED.,.F.,.F.,(4,3,4),(-0.0138777377539517,-0.00693886887697584,
0.),.UNSPECIFIED.);
#198=B_SPLINE_CURVE_WITH_KNOTS('',2,(#8428,#8429,#8430,#8431),
 .UNSPECIFIED.,.F.,.F.,(3,1,3),(0.,1.,2.),.UNSPECIFIED.);
#199=B_SPLINE_CURVE_WITH_KNOTS('',2,(#8442,#8443,#8444,#8445),
 .UNSPECIFIED.,.F.,.F.,(3,1,3),(0.,1.,2.),.UNSPECIFIED.);
#200=B_SPLINE_CURVE_WITH_KNOTS('',2,(#8456,#8457,#8458,#8459),
 .UNSPECIFIED.,.F.,.F.,(3,1,3),(0.,1.,2.),.UNSPECIFIED.);
#201=B_SPLINE_CURVE_WITH_KNOTS('',2,(#8469,#8470,#8471,#8472),
 .UNSPECIFIED.,.F.,.F.,(3,1,3),(0.,1.,2.),.UNSPECIFIED.);
#202=B_SPLINE_CURVE_WITH_KNOTS('',2,(#8476,#8477,#8478,#8479),
 .UNSPECIFIED.,.F.,.F.,(3,1,3),(0.,1.,2.),.UNSPECIFIED.);
#203=B_SPLINE_CURVE_WITH_KNOTS('',2,(#8481,#8482,#8483,#8484),
 .UNSPECIFIED.,.F.,.F.,(3,1,3),(0.,1.,2.),.UNSPECIFIED.);
#204=B_SPLINE_CURVE_WITH_KNOTS('',2,(#8486,#8487,#8488,#8489),
 .UNSPECIFIED.,.F.,.F.,(3,1,3),(0.,1.,2.),.UNSPECIFIED.);
#205=B_SPLINE_CURVE_WITH_KNOTS('',2,(#8491,#8492,#8493,#8494),
 .UNSPECIFIED.,.F.,.F.,(3,1,3),(0.,1.,2.),.UNSPECIFIED.);
#206=B_SPLINE_CURVE_WITH_KNOTS('',2,(#8496,#8497,#8498,#8499),
 .UNSPECIFIED.,.F.,.F.,(3,1,3),(0.,1.,2.),.UNSPECIFIED.);
#207=B_SPLINE_CURVE_WITH_KNOTS('',2,(#8501,#8502,#8503,#8504),
 .UNSPECIFIED.,.F.,.F.,(3,1,3),(0.,1.,2.),.UNSPECIFIED.);
#208=B_SPLINE_CURVE_WITH_KNOTS('',2,(#8506,#8507,#8508,#8509),
 .UNSPECIFIED.,.F.,.F.,(3,1,3),(0.,1.,2.),.UNSPECIFIED.);
#209=B_SPLINE_CURVE_WITH_KNOTS('',2,(#8511,#8512,#8513,#8514),
 .UNSPECIFIED.,.F.,.F.,(3,1,3),(0.,1.,2.),.UNSPECIFIED.);
#210=B_SPLINE_CURVE_WITH_KNOTS('',2,(#8520,#8521,#8522,#8523),
 .UNSPECIFIED.,.F.,.F.,(3,1,3),(0.,1.,2.),.UNSPECIFIED.);
#211=B_SPLINE_CURVE_WITH_KNOTS('',2,(#8525,#8526,#8527,#8528),
 .UNSPECIFIED.,.F.,.F.,(3,1,3),(0.,1.,2.),.UNSPECIFIED.);
#212=B_SPLINE_CURVE_WITH_KNOTS('',2,(#8530,#8531,#8532,#8533),
 .UNSPECIFIED.,.F.,.F.,(3,1,3),(0.,1.,2.),.UNSPECIFIED.);
#213=B_SPLINE_CURVE_WITH_KNOTS('',2,(#8535,#8536,#8537,#8538),
 .UNSPECIFIED.,.F.,.F.,(3,1,3),(0.,1.,2.),.UNSPECIFIED.);
#214=B_SPLINE_CURVE_WITH_KNOTS('',2,(#8540,#8541,#8542,#8543),
 .UNSPECIFIED.,.F.,.F.,(3,1,3),(0.,1.,2.),.UNSPECIFIED.);
#215=B_SPLINE_CURVE_WITH_KNOTS('',2,(#8545,#8546,#8547,#8548),
 .UNSPECIFIED.,.F.,.F.,(3,1,3),(0.,1.,2.),.UNSPECIFIED.);
#216=B_SPLINE_CURVE_WITH_KNOTS('',2,(#8550,#8551,#8552,#8553),
 .UNSPECIFIED.,.F.,.F.,(3,1,3),(0.,1.,2.),.UNSPECIFIED.);
#217=B_SPLINE_CURVE_WITH_KNOTS('',2,(#8555,#8556,#8557,#8558),
 .UNSPECIFIED.,.F.,.F.,(3,1,3),(0.,1.,2.),.UNSPECIFIED.);
#218=B_SPLINE_CURVE_WITH_KNOTS('',2,(#8572,#8573,#8574,#8575),
 .UNSPECIFIED.,.F.,.F.,(3,1,3),(0.,1.,2.),.UNSPECIFIED.);
#219=B_SPLINE_CURVE_WITH_KNOTS('',2,(#8587,#8588,#8589,#8590),
 .UNSPECIFIED.,.F.,.F.,(3,1,3),(0.,1.,2.),.UNSPECIFIED.);
#220=B_SPLINE_CURVE_WITH_KNOTS('',2,(#8601,#8602,#8603,#8604),
 .UNSPECIFIED.,.F.,.F.,(3,1,3),(0.,1.,2.),.UNSPECIFIED.);
#221=B_SPLINE_CURVE_WITH_KNOTS('',2,(#8615,#8616,#8617,#8618),
 .UNSPECIFIED.,.F.,.F.,(3,1,3),(0.,1.,2.),.UNSPECIFIED.);
#222=B_SPLINE_CURVE_WITH_KNOTS('',2,(#8629,#8630,#8631,#8632),
 .UNSPECIFIED.,.F.,.F.,(3,1,3),(0.,1.,2.),.UNSPECIFIED.);
#223=B_SPLINE_CURVE_WITH_KNOTS('',2,(#8643,#8644,#8645,#8646),
 .UNSPECIFIED.,.F.,.F.,(3,1,3),(0.,1.,2.),.UNSPECIFIED.);
#224=B_SPLINE_CURVE_WITH_KNOTS('',2,(#8657,#8658,#8659,#8660),
 .UNSPECIFIED.,.F.,.F.,(3,1,3),(0.,1.,2.),.UNSPECIFIED.);
#225=B_SPLINE_CURVE_WITH_KNOTS('',2,(#8671,#8672,#8673,#8674),
 .UNSPECIFIED.,.F.,.F.,(3,1,3),(0.,1.,2.),.UNSPECIFIED.);
#226=B_SPLINE_CURVE_WITH_KNOTS('',2,(#8693,#8694,#8695,#8696),
 .UNSPECIFIED.,.F.,.F.,(3,1,3),(0.,1.,2.),.UNSPECIFIED.);
#227=B_SPLINE_CURVE_WITH_KNOTS('',2,(#8707,#8708,#8709,#8710),
 .UNSPECIFIED.,.F.,.F.,(3,1,3),(0.,1.,2.),.UNSPECIFIED.);
#228=B_SPLINE_CURVE_WITH_KNOTS('',2,(#8721,#8722,#8723,#8724),
 .UNSPECIFIED.,.F.,.F.,(3,1,3),(0.,1.,2.),.UNSPECIFIED.);
#229=B_SPLINE_CURVE_WITH_KNOTS('',2,(#8735,#8736,#8737,#8738),
 .UNSPECIFIED.,.F.,.F.,(3,1,3),(0.,1.,2.),.UNSPECIFIED.);
#230=B_SPLINE_CURVE_WITH_KNOTS('',2,(#8749,#8750,#8751,#8752),
 .UNSPECIFIED.,.F.,.F.,(3,1,3),(0.,1.,2.),.UNSPECIFIED.);
#231=B_SPLINE_CURVE_WITH_KNOTS('',2,(#8763,#8764,#8765,#8766),
 .UNSPECIFIED.,.F.,.F.,(3,1,3),(0.,1.,2.),.UNSPECIFIED.);
#232=B_SPLINE_CURVE_WITH_KNOTS('',2,(#8777,#8778,#8779,#8780),
 .UNSPECIFIED.,.F.,.F.,(3,1,3),(0.,1.,2.),.UNSPECIFIED.);
#233=B_SPLINE_CURVE_WITH_KNOTS('',2,(#8791,#8792,#8793,#8794),
 .UNSPECIFIED.,.F.,.F.,(3,1,3),(0.,1.,2.),.UNSPECIFIED.);
#234=B_SPLINE_SURFACE_WITH_KNOTS('',2,1,((#6311,#6312),(#6313,#6314),(#6315,
#6316),(#6317,#6318)),.UNSPECIFIED.,.F.,.F.,.F.,(3,1,3),(2,2),(0.,1.,2.),
(0.,0.0012),.UNSPECIFIED.);
#235=B_SPLINE_SURFACE_WITH_KNOTS('',2,1,((#6333,#6334),(#6335,#6336),(#6337,
#6338),(#6339,#6340)),.UNSPECIFIED.,.F.,.F.,.F.,(3,1,3),(2,2),(0.,1.,2.),
(0.,0.0012),.UNSPECIFIED.);
#236=B_SPLINE_SURFACE_WITH_KNOTS('',2,1,((#6370,#6371),(#6372,#6373),(#6374,
#6375),(#6376,#6377)),.UNSPECIFIED.,.F.,.F.,.F.,(3,1,3),(2,2),(0.,1.,2.),
(0.,0.0012),.UNSPECIFIED.);
#237=B_SPLINE_SURFACE_WITH_KNOTS('',2,1,((#6389,#6390),(#6391,#6392),(#6393,
#6394),(#6395,#6396)),.UNSPECIFIED.,.F.,.F.,.F.,(3,1,3),(2,2),(0.,1.,2.),
(0.,0.0012),.UNSPECIFIED.);
#238=B_SPLINE_SURFACE_WITH_KNOTS('',2,1,((#6432,#6433),(#6434,#6435),(#6436,
#6437),(#6438,#6439)),.UNSPECIFIED.,.F.,.F.,.F.,(3,1,3),(2,2),(0.,1.,2.),
(0.,0.0012),.UNSPECIFIED.);
#239=B_SPLINE_SURFACE_WITH_KNOTS('',2,1,((#6448,#6449),(#6450,#6451),(#6452,
#6453),(#6454,#6455)),.UNSPECIFIED.,.F.,.F.,.F.,(3,1,3),(2,2),(0.,1.,2.),
(0.,0.0012),.UNSPECIFIED.);
#240=B_SPLINE_SURFACE_WITH_KNOTS('',2,1,((#6462,#6463),(#6464,#6465),(#6466,
#6467),(#6468,#6469)),.UNSPECIFIED.,.F.,.F.,.F.,(3,1,3),(2,2),(0.,1.,2.),
(0.,0.0012),.UNSPECIFIED.);
#241=B_SPLINE_SURFACE_WITH_KNOTS('',2,1,((#6488,#6489),(#6490,#6491),(#6492,
#6493),(#6494,#6495)),.UNSPECIFIED.,.F.,.F.,.F.,(3,1,3),(2,2),(0.,1.,2.),
(0.,0.0012),.UNSPECIFIED.);
#242=B_SPLINE_SURFACE_WITH_KNOTS('',2,1,((#6626,#6627),(#6628,#6629),(#6630,
#6631),(#6632,#6633)),.UNSPECIFIED.,.F.,.F.,.F.,(3,1,3),(2,2),(0.,1.,2.),
(0.,0.0012),.UNSPECIFIED.);
#243=B_SPLINE_SURFACE_WITH_KNOTS('',2,1,((#6642,#6643),(#6644,#6645),(#6646,
#6647),(#6648,#6649)),.UNSPECIFIED.,.F.,.F.,.F.,(3,1,3),(2,2),(0.,1.,2.),
(0.,0.0012),.UNSPECIFIED.);
#244=B_SPLINE_SURFACE_WITH_KNOTS('',2,1,((#6656,#6657),(#6658,#6659),(#6660,
#6661),(#6662,#6663)),.UNSPECIFIED.,.F.,.F.,.F.,(3,1,3),(2,2),(0.,1.,2.),
(0.,0.0012),.UNSPECIFIED.);
#245=B_SPLINE_SURFACE_WITH_KNOTS('',2,1,((#6670,#6671),(#6672,#6673),(#6674,
#6675),(#6676,#6677)),.UNSPECIFIED.,.F.,.F.,.F.,(3,1,3),(2,2),(0.,1.,2.),
(0.,0.0012),.UNSPECIFIED.);
#246=B_SPLINE_SURFACE_WITH_KNOTS('',2,1,((#6684,#6685),(#6686,#6687),(#6688,
#6689),(#6690,#6691)),.UNSPECIFIED.,.F.,.F.,.F.,(3,1,3),(2,2),(0.,1.,2.),
(0.,0.0012),.UNSPECIFIED.);
#247=B_SPLINE_SURFACE_WITH_KNOTS('',2,1,((#6698,#6699),(#6700,#6701),(#6702,
#6703),(#6704,#6705)),.UNSPECIFIED.,.F.,.F.,.F.,(3,1,3),(2,2),(0.,1.,2.),
(0.,0.0012),.UNSPECIFIED.);
#248=B_SPLINE_SURFACE_WITH_KNOTS('',2,1,((#6712,#6713),(#6714,#6715),(#6716,
#6717),(#6718,#6719)),.UNSPECIFIED.,.F.,.F.,.F.,(3,1,3),(2,2),(0.,1.,2.),
(0.,0.0012),.UNSPECIFIED.);
#249=B_SPLINE_SURFACE_WITH_KNOTS('',2,1,((#6726,#6727),(#6728,#6729),(#6730,
#6731),(#6732,#6733)),.UNSPECIFIED.,.F.,.F.,.F.,(3,1,3),(2,2),(0.,1.,2.),
(0.,0.0012),.UNSPECIFIED.);
#250=B_SPLINE_SURFACE_WITH_KNOTS('',2,1,((#6748,#6749),(#6750,#6751),(#6752,
#6753),(#6754,#6755)),.UNSPECIFIED.,.F.,.F.,.F.,(3,1,3),(2,2),(0.,1.,2.),
(0.,0.0012),.UNSPECIFIED.);
#251=B_SPLINE_SURFACE_WITH_KNOTS('',2,1,((#6762,#6763),(#6764,#6765),(#6766,
#6767),(#6768,#6769)),.UNSPECIFIED.,.F.,.F.,.F.,(3,1,3),(2,2),(0.,1.,2.),
(0.,0.0012),.UNSPECIFIED.);
#252=B_SPLINE_SURFACE_WITH_KNOTS('',2,1,((#6776,#6777),(#6778,#6779),(#6780,
#6781),(#6782,#6783)),.UNSPECIFIED.,.F.,.F.,.F.,(3,1,3),(2,2),(0.,1.,2.),
(0.,0.0012),.UNSPECIFIED.);
#253=B_SPLINE_SURFACE_WITH_KNOTS('',2,1,((#6790,#6791),(#6792,#6793),(#6794,
#6795),(#6796,#6797)),.UNSPECIFIED.,.F.,.F.,.F.,(3,1,3),(2,2),(0.,1.,2.),
(0.,0.0012),.UNSPECIFIED.);
#254=B_SPLINE_SURFACE_WITH_KNOTS('',2,1,((#6804,#6805),(#6806,#6807),(#6808,
#6809),(#6810,#6811)),.UNSPECIFIED.,.F.,.F.,.F.,(3,1,3),(2,2),(0.,1.,2.),
(0.,0.0012),.UNSPECIFIED.);
#255=B_SPLINE_SURFACE_WITH_KNOTS('',2,1,((#6818,#6819),(#6820,#6821),(#6822,
#6823),(#6824,#6825)),.UNSPECIFIED.,.F.,.F.,.F.,(3,1,3),(2,2),(0.,1.,2.),
(0.,0.0012),.UNSPECIFIED.);
#256=B_SPLINE_SURFACE_WITH_KNOTS('',2,1,((#6832,#6833),(#6834,#6835),(#6836,
#6837),(#6838,#6839)),.UNSPECIFIED.,.F.,.F.,.F.,(3,1,3),(2,2),(0.,1.,2.),
(0.,0.0012),.UNSPECIFIED.);
#257=B_SPLINE_SURFACE_WITH_KNOTS('',2,1,((#6846,#6847),(#6848,#6849),(#6850,
#6851),(#6852,#6853)),.UNSPECIFIED.,.F.,.F.,.F.,(3,1,3),(2,2),(0.,1.,2.),
(0.,0.0012),.UNSPECIFIED.);
#258=B_SPLINE_SURFACE_WITH_KNOTS('',2,1,((#6958,#6959),(#6960,#6961),(#6962,
#6963),(#6964,#6965)),.UNSPECIFIED.,.F.,.F.,.F.,(3,1,3),(2,2),(0.,1.,2.),
(0.,0.0012),.UNSPECIFIED.);
#259=B_SPLINE_SURFACE_WITH_KNOTS('',2,1,((#6974,#6975),(#6976,#6977),(#6978,
#6979),(#6980,#6981)),.UNSPECIFIED.,.F.,.F.,.F.,(3,1,3),(2,2),(0.,1.,2.),
(0.,0.0012),.UNSPECIFIED.);
#260=B_SPLINE_SURFACE_WITH_KNOTS('',2,1,((#6988,#6989),(#6990,#6991),(#6992,
#6993),(#6994,#6995)),.UNSPECIFIED.,.F.,.F.,.F.,(3,1,3),(2,2),(0.,1.,2.),
(0.,0.0012),.UNSPECIFIED.);
#261=B_SPLINE_SURFACE_WITH_KNOTS('',2,1,((#7010,#7011),(#7012,#7013),(#7014,
#7015),(#7016,#7017)),.UNSPECIFIED.,.F.,.F.,.F.,(3,1,3),(2,2),(0.,1.,2.),
(0.,0.0012),.UNSPECIFIED.);
#262=B_SPLINE_SURFACE_WITH_KNOTS('',2,1,((#7024,#7025),(#7026,#7027),(#7028,
#7029),(#7030,#7031)),.UNSPECIFIED.,.F.,.F.,.F.,(3,1,3),(2,2),(0.,1.,2.),
(0.,0.0012),.UNSPECIFIED.);
#263=B_SPLINE_SURFACE_WITH_KNOTS('',2,1,((#7038,#7039),(#7040,#7041),(#7042,
#7043),(#7044,#7045)),.UNSPECIFIED.,.F.,.F.,.F.,(3,1,3),(2,2),(0.,1.,2.),
(0.,0.0012),.UNSPECIFIED.);
#264=B_SPLINE_SURFACE_WITH_KNOTS('',2,1,((#7052,#7053),(#7054,#7055),(#7056,
#7057),(#7058,#7059)),.UNSPECIFIED.,.F.,.F.,.F.,(3,1,3),(2,2),(0.,1.,2.),
(0.,0.0012),.UNSPECIFIED.);
#265=B_SPLINE_SURFACE_WITH_KNOTS('',2,1,((#7066,#7067),(#7068,#7069),(#7070,
#7071),(#7072,#7073)),.UNSPECIFIED.,.F.,.F.,.F.,(3,1,3),(2,2),(0.,1.,2.),
(0.,0.0012),.UNSPECIFIED.);
#266=B_SPLINE_SURFACE_WITH_KNOTS('',2,1,((#7080,#7081),(#7082,#7083),(#7084,
#7085),(#7086,#7087)),.UNSPECIFIED.,.F.,.F.,.F.,(3,1,3),(2,2),(0.,1.,2.),
(0.,0.0012),.UNSPECIFIED.);
#267=B_SPLINE_SURFACE_WITH_KNOTS('',2,1,((#7094,#7095),(#7096,#7097),(#7098,
#7099),(#7100,#7101)),.UNSPECIFIED.,.F.,.F.,.F.,(3,1,3),(2,2),(0.,1.,2.),
(0.,0.0012),.UNSPECIFIED.);
#268=B_SPLINE_SURFACE_WITH_KNOTS('',2,1,((#7108,#7109),(#7110,#7111),(#7112,
#7113),(#7114,#7115)),.UNSPECIFIED.,.F.,.F.,.F.,(3,1,3),(2,2),(0.,1.,2.),
(0.,0.0012),.UNSPECIFIED.);
#269=B_SPLINE_SURFACE_WITH_KNOTS('',2,1,((#7130,#7131),(#7132,#7133),(#7134,
#7135),(#7136,#7137)),.UNSPECIFIED.,.F.,.F.,.F.,(3,1,3),(2,2),(0.,1.,2.),
(0.,0.0012),.UNSPECIFIED.);
#270=B_SPLINE_SURFACE_WITH_KNOTS('',2,1,((#7147,#7148),(#7149,#7150),(#7151,
#7152),(#7153,#7154)),.UNSPECIFIED.,.F.,.F.,.F.,(3,1,3),(2,2),(0.,1.,2.),
(0.,0.0012),.UNSPECIFIED.);
#271=B_SPLINE_SURFACE_WITH_KNOTS('',2,1,((#7161,#7162),(#7163,#7164),(#7165,
#7166),(#7167,#7168)),.UNSPECIFIED.,.F.,.F.,.F.,(3,1,3),(2,2),(0.,1.,2.),
(0.,0.0012),.UNSPECIFIED.);
#272=B_SPLINE_SURFACE_WITH_KNOTS('',2,1,((#7175,#7176),(#7177,#7178),(#7179,
#7180),(#7181,#7182)),.UNSPECIFIED.,.F.,.F.,.F.,(3,1,3),(2,2),(0.,1.,2.),
(0.,0.0012),.UNSPECIFIED.);
#273=B_SPLINE_SURFACE_WITH_KNOTS('',2,1,((#7189,#7190),(#7191,#7192),(#7193,
#7194),(#7195,#7196)),.UNSPECIFIED.,.F.,.F.,.F.,(3,1,3),(2,2),(0.,1.,2.),
(0.,0.0012),.UNSPECIFIED.);
#274=B_SPLINE_SURFACE_WITH_KNOTS('',2,1,((#7347,#7348),(#7349,#7350),(#7351,
#7352),(#7353,#7354)),.UNSPECIFIED.,.F.,.F.,.F.,(3,1,3),(2,2),(0.,1.,2.),
(0.,0.0012),.UNSPECIFIED.);
#275=B_SPLINE_SURFACE_WITH_KNOTS('',2,1,((#7363,#7364),(#7365,#7366),(#7367,
#7368),(#7369,#7370)),.UNSPECIFIED.,.F.,.F.,.F.,(3,1,3),(2,2),(0.,1.,2.),
(0.,0.0012),.UNSPECIFIED.);
#276=B_SPLINE_SURFACE_WITH_KNOTS('',2,1,((#7377,#7378),(#7379,#7380),(#7381,
#7382),(#7383,#7384)),.UNSPECIFIED.,.F.,.F.,.F.,(3,1,3),(2,2),(0.,1.,2.),
(0.,0.0012),.UNSPECIFIED.);
#277=B_SPLINE_SURFACE_WITH_KNOTS('',2,1,((#7411,#7412),(#7413,#7414),(#7415,
#7416),(#7417,#7418)),.UNSPECIFIED.,.F.,.F.,.F.,(3,1,3),(2,2),(0.,1.,2.),
(0.,0.0012),.UNSPECIFIED.);
#278=B_SPLINE_SURFACE_WITH_KNOTS('',2,1,((#7425,#7426),(#7427,#7428),(#7429,
#7430),(#7431,#7432)),.UNSPECIFIED.,.F.,.F.,.F.,(3,1,3),(2,2),(0.,1.,2.),
(0.,0.0012),.UNSPECIFIED.);
#279=B_SPLINE_SURFACE_WITH_KNOTS('',2,1,((#7439,#7440),(#7441,#7442),(#7443,
#7444),(#7445,#7446)),.UNSPECIFIED.,.F.,.F.,.F.,(3,1,3),(2,2),(0.,1.,2.),
(0.,0.0012),.UNSPECIFIED.);
#280=B_SPLINE_SURFACE_WITH_KNOTS('',2,1,((#7453,#7454),(#7455,#7456),(#7457,
#7458),(#7459,#7460)),.UNSPECIFIED.,.F.,.F.,.F.,(3,1,3),(2,2),(0.,1.,2.),
(0.,0.0012),.UNSPECIFIED.);
#281=B_SPLINE_SURFACE_WITH_KNOTS('',2,1,((#7467,#7468),(#7469,#7470),(#7471,
#7472),(#7473,#7474)),.UNSPECIFIED.,.F.,.F.,.F.,(3,1,3),(2,2),(0.,1.,2.),
(0.,0.0012),.UNSPECIFIED.);
#282=B_SPLINE_SURFACE_WITH_KNOTS('',2,1,((#7481,#7482),(#7483,#7484),(#7485,
#7486),(#7487,#7488)),.UNSPECIFIED.,.F.,.F.,.F.,(3,1,3),(2,2),(0.,1.,2.),
(0.,0.0012),.UNSPECIFIED.);
#283=B_SPLINE_SURFACE_WITH_KNOTS('',2,1,((#7503,#7504),(#7505,#7506),(#7507,
#7508),(#7509,#7510)),.UNSPECIFIED.,.F.,.F.,.F.,(3,1,3),(2,2),(0.,1.,2.),
(0.,0.0012),.UNSPECIFIED.);
#284=B_SPLINE_SURFACE_WITH_KNOTS('',2,1,((#7517,#7518),(#7519,#7520),(#7521,
#7522),(#7523,#7524)),.UNSPECIFIED.,.F.,.F.,.F.,(3,1,3),(2,2),(0.,1.,2.),
(0.,0.0012),.UNSPECIFIED.);
#285=B_SPLINE_SURFACE_WITH_KNOTS('',2,1,((#7531,#7532),(#7533,#7534),(#7535,
#7536),(#7537,#7538)),.UNSPECIFIED.,.F.,.F.,.F.,(3,1,3),(2,2),(0.,1.,2.),
(0.,0.0012),.UNSPECIFIED.);
#286=B_SPLINE_SURFACE_WITH_KNOTS('',2,1,((#7545,#7546),(#7547,#7548),(#7549,
#7550),(#7551,#7552)),.UNSPECIFIED.,.F.,.F.,.F.,(3,1,3),(2,2),(0.,1.,2.),
(0.,0.0012),.UNSPECIFIED.);
#287=B_SPLINE_SURFACE_WITH_KNOTS('',2,1,((#7559,#7560),(#7561,#7562),(#7563,
#7564),(#7565,#7566)),.UNSPECIFIED.,.F.,.F.,.F.,(3,1,3),(2,2),(0.,1.,2.),
(0.,0.0012),.UNSPECIFIED.);
#288=B_SPLINE_SURFACE_WITH_KNOTS('',2,1,((#7571,#7572),(#7573,#7574),(#7575,
#7576),(#7577,#7578)),.UNSPECIFIED.,.F.,.F.,.F.,(3,1,3),(2,2),(0.,1.,2.),
(0.,0.0012),.UNSPECIFIED.);
#289=B_SPLINE_SURFACE_WITH_KNOTS('',2,1,((#7593,#7594),(#7595,#7596),(#7597,
#7598),(#7599,#7600)),.UNSPECIFIED.,.F.,.F.,.F.,(3,1,3),(2,2),(0.,1.,2.),
(0.,0.0012),.UNSPECIFIED.);
#290=B_SPLINE_SURFACE_WITH_KNOTS('',2,1,((#7630,#7631),(#7632,#7633),(#7634,
#7635),(#7636,#7637)),.UNSPECIFIED.,.F.,.F.,.F.,(3,1,3),(2,2),(0.,1.,2.),
(0.,0.0012),.UNSPECIFIED.);
#291=B_SPLINE_SURFACE_WITH_KNOTS('',2,1,((#7649,#7650),(#7651,#7652),(#7653,
#7654),(#7655,#7656)),.UNSPECIFIED.,.F.,.F.,.F.,(3,1,3),(2,2),(0.,1.,2.),
(0.,0.0012),.UNSPECIFIED.);
#292=B_SPLINE_SURFACE_WITH_KNOTS('',2,1,((#7692,#7693),(#7694,#7695),(#7696,
#7697),(#7698,#7699)),.UNSPECIFIED.,.F.,.F.,.F.,(3,1,3),(2,2),(0.,1.,2.),
(0.,0.0012),.UNSPECIFIED.);
#293=B_SPLINE_SURFACE_WITH_KNOTS('',2,1,((#7708,#7709),(#7710,#7711),(#7712,
#7713),(#7714,#7715)),.UNSPECIFIED.,.F.,.F.,.F.,(3,1,3),(2,2),(0.,1.,2.),
(0.,0.0012),.UNSPECIFIED.);
#294=B_SPLINE_SURFACE_WITH_KNOTS('',2,1,((#7722,#7723),(#7724,#7725),(#7726,
#7727),(#7728,#7729)),.UNSPECIFIED.,.F.,.F.,.F.,(3,1,3),(2,2),(0.,1.,2.),
(0.,0.0012),.UNSPECIFIED.);
#295=B_SPLINE_SURFACE_WITH_KNOTS('',2,1,((#7748,#7749),(#7750,#7751),(#7752,
#7753),(#7754,#7755)),.UNSPECIFIED.,.F.,.F.,.F.,(3,1,3),(2,2),(0.,1.,2.),
(0.,0.0012),.UNSPECIFIED.);
#296=B_SPLINE_SURFACE_WITH_KNOTS('',2,1,((#7895,#7896),(#7897,#7898),(#7899,
#7900),(#7901,#7902)),.UNSPECIFIED.,.F.,.F.,.F.,(3,1,3),(2,2),(0.,1.,2.),
(0.,0.0012),.UNSPECIFIED.);
#297=B_SPLINE_SURFACE_WITH_KNOTS('',2,1,((#7911,#7912),(#7913,#7914),(#7915,
#7916),(#7917,#7918)),.UNSPECIFIED.,.F.,.F.,.F.,(3,1,3),(2,2),(0.,1.,2.),
(0.,0.0012),.UNSPECIFIED.);
#298=B_SPLINE_SURFACE_WITH_KNOTS('',2,1,((#7925,#7926),(#7927,#7928),(#7929,
#7930),(#7931,#7932)),.UNSPECIFIED.,.F.,.F.,.F.,(3,1,3),(2,2),(0.,1.,2.),
(0.,0.0012),.UNSPECIFIED.);
#299=B_SPLINE_SURFACE_WITH_KNOTS('',2,1,((#7947,#7948),(#7949,#7950),(#7951,
#7952),(#7953,#7954)),.UNSPECIFIED.,.F.,.F.,.F.,(3,1,3),(2,2),(0.,1.,2.),
(0.,0.0012),.UNSPECIFIED.);
#300=B_SPLINE_SURFACE_WITH_KNOTS('',2,1,((#7961,#7962),(#7963,#7964),(#7965,
#7966),(#7967,#7968)),.UNSPECIFIED.,.F.,.F.,.F.,(3,1,3),(2,2),(0.,1.,2.),
(0.,0.0012),.UNSPECIFIED.);
#301=B_SPLINE_SURFACE_WITH_KNOTS('',2,1,((#7975,#7976),(#7977,#7978),(#7979,
#7980),(#7981,#7982)),.UNSPECIFIED.,.F.,.F.,.F.,(3,1,3),(2,2),(0.,1.,2.),
(0.,0.0012),.UNSPECIFIED.);
#302=B_SPLINE_SURFACE_WITH_KNOTS('',2,1,((#7989,#7990),(#7991,#7992),(#7993,
#7994),(#7995,#7996)),.UNSPECIFIED.,.F.,.F.,.F.,(3,1,3),(2,2),(0.,1.,2.),
(0.,0.0012),.UNSPECIFIED.);
#303=B_SPLINE_SURFACE_WITH_KNOTS('',2,1,((#8003,#8004),(#8005,#8006),(#8007,
#8008),(#8009,#8010)),.UNSPECIFIED.,.F.,.F.,.F.,(3,1,3),(2,2),(0.,1.,2.),
(0.,0.0012),.UNSPECIFIED.);
#304=B_SPLINE_SURFACE_WITH_KNOTS('',2,1,((#8017,#8018),(#8019,#8020),(#8021,
#8022),(#8023,#8024)),.UNSPECIFIED.,.F.,.F.,.F.,(3,1,3),(2,2),(0.,1.,2.),
(0.,0.0012),.UNSPECIFIED.);
#305=B_SPLINE_SURFACE_WITH_KNOTS('',2,1,((#8031,#8032),(#8033,#8034),(#8035,
#8036),(#8037,#8038)),.UNSPECIFIED.,.F.,.F.,.F.,(3,1,3),(2,2),(0.,1.,2.),
(0.,0.0012),.UNSPECIFIED.);
#306=B_SPLINE_SURFACE_WITH_KNOTS('',2,1,((#8045,#8046),(#8047,#8048),(#8049,
#8050),(#8051,#8052)),.UNSPECIFIED.,.F.,.F.,.F.,(3,1,3),(2,2),(0.,1.,2.),
(0.,0.0012),.UNSPECIFIED.);
#307=B_SPLINE_SURFACE_WITH_KNOTS('',2,1,((#8067,#8068),(#8069,#8070),(#8071,
#8072),(#8073,#8074)),.UNSPECIFIED.,.F.,.F.,.F.,(3,1,3),(2,2),(0.,1.,2.),
(0.,0.0012),.UNSPECIFIED.);
#308=B_SPLINE_SURFACE_WITH_KNOTS('',2,1,((#8084,#8085),(#8086,#8087),(#8088,
#8089),(#8090,#8091)),.UNSPECIFIED.,.F.,.F.,.F.,(3,1,3),(2,2),(0.,1.,2.),
(0.,0.0012),.UNSPECIFIED.);
#309=B_SPLINE_SURFACE_WITH_KNOTS('',2,1,((#8098,#8099),(#8100,#8101),(#8102,
#8103),(#8104,#8105)),.UNSPECIFIED.,.F.,.F.,.F.,(3,1,3),(2,2),(0.,1.,2.),
(0.,0.0012),.UNSPECIFIED.);
#310=B_SPLINE_SURFACE_WITH_KNOTS('',2,1,((#8112,#8113),(#8114,#8115),(#8116,
#8117),(#8118,#8119)),.UNSPECIFIED.,.F.,.F.,.F.,(3,1,3),(2,2),(0.,1.,2.),
(0.,0.0012),.UNSPECIFIED.);
#311=B_SPLINE_SURFACE_WITH_KNOTS('',2,1,((#8126,#8127),(#8128,#8129),(#8130,
#8131),(#8132,#8133)),.UNSPECIFIED.,.F.,.F.,.F.,(3,1,3),(2,2),(0.,1.,2.),
(0.,0.0012),.UNSPECIFIED.);
#312=B_SPLINE_SURFACE_WITH_KNOTS('',2,1,((#8230,#8231),(#8232,#8233),(#8234,
#8235),(#8236,#8237)),.UNSPECIFIED.,.F.,.F.,.F.,(3,1,3),(2,2),(0.,1.,2.),
(0.,0.0012),.UNSPECIFIED.);
#313=B_SPLINE_SURFACE_WITH_KNOTS('',2,1,((#8246,#8247),(#8248,#8249),(#8250,
#8251),(#8252,#8253)),.UNSPECIFIED.,.F.,.F.,.F.,(3,1,3),(2,2),(0.,1.,2.),
(0.,0.0012),.UNSPECIFIED.);
#314=B_SPLINE_SURFACE_WITH_KNOTS('',2,1,((#8260,#8261),(#8262,#8263),(#8264,
#8265),(#8266,#8267)),.UNSPECIFIED.,.F.,.F.,.F.,(3,1,3),(2,2),(0.,1.,2.),
(0.,0.0012),.UNSPECIFIED.);
#315=B_SPLINE_SURFACE_WITH_KNOTS('',2,1,((#8282,#8283),(#8284,#8285),(#8286,
#8287),(#8288,#8289)),.UNSPECIFIED.,.F.,.F.,.F.,(3,1,3),(2,2),(0.,1.,2.),
(0.,0.0012),.UNSPECIFIED.);
#316=B_SPLINE_SURFACE_WITH_KNOTS('',2,1,((#8296,#8297),(#8298,#8299),(#8300,
#8301),(#8302,#8303)),.UNSPECIFIED.,.F.,.F.,.F.,(3,1,3),(2,2),(0.,1.,2.),
(0.,0.0012),.UNSPECIFIED.);
#317=B_SPLINE_SURFACE_WITH_KNOTS('',2,1,((#8310,#8311),(#8312,#8313),(#8314,
#8315),(#8316,#8317)),.UNSPECIFIED.,.F.,.F.,.F.,(3,1,3),(2,2),(0.,1.,2.),
(0.,0.0012),.UNSPECIFIED.);
#318=B_SPLINE_SURFACE_WITH_KNOTS('',2,1,((#8324,#8325),(#8326,#8327),(#8328,
#8329),(#8330,#8331)),.UNSPECIFIED.,.F.,.F.,.F.,(3,1,3),(2,2),(0.,1.,2.),
(0.,0.0012),.UNSPECIFIED.);
#319=B_SPLINE_SURFACE_WITH_KNOTS('',2,1,((#8338,#8339),(#8340,#8341),(#8342,
#8343),(#8344,#8345)),.UNSPECIFIED.,.F.,.F.,.F.,(3,1,3),(2,2),(0.,1.,2.),
(0.,0.0012),.UNSPECIFIED.);
#320=B_SPLINE_SURFACE_WITH_KNOTS('',2,1,((#8352,#8353),(#8354,#8355),(#8356,
#8357),(#8358,#8359)),.UNSPECIFIED.,.F.,.F.,.F.,(3,1,3),(2,2),(0.,1.,2.),
(0.,0.0012),.UNSPECIFIED.);
#321=B_SPLINE_SURFACE_WITH_KNOTS('',2,1,((#8366,#8367),(#8368,#8369),(#8370,
#8371),(#8372,#8373)),.UNSPECIFIED.,.F.,.F.,.F.,(3,1,3),(2,2),(0.,1.,2.),
(0.,0.0012),.UNSPECIFIED.);
#322=B_SPLINE_SURFACE_WITH_KNOTS('',2,1,((#8380,#8381),(#8382,#8383),(#8384,
#8385),(#8386,#8387)),.UNSPECIFIED.,.F.,.F.,.F.,(3,1,3),(2,2),(0.,1.,2.),
(0.,0.0012),.UNSPECIFIED.);
#323=B_SPLINE_SURFACE_WITH_KNOTS('',2,1,((#8402,#8403),(#8404,#8405),(#8406,
#8407),(#8408,#8409)),.UNSPECIFIED.,.F.,.F.,.F.,(3,1,3),(2,2),(0.,1.,2.),
(0.,0.0012),.UNSPECIFIED.);
#324=B_SPLINE_SURFACE_WITH_KNOTS('',2,1,((#8419,#8420),(#8421,#8422),(#8423,
#8424),(#8425,#8426)),.UNSPECIFIED.,.F.,.F.,.F.,(3,1,3),(2,2),(0.,1.,2.),
(0.,0.0012),.UNSPECIFIED.);
#325=B_SPLINE_SURFACE_WITH_KNOTS('',2,1,((#8433,#8434),(#8435,#8436),(#8437,
#8438),(#8439,#8440)),.UNSPECIFIED.,.F.,.F.,.F.,(3,1,3),(2,2),(0.,1.,2.),
(0.,0.0012),.UNSPECIFIED.);
#326=B_SPLINE_SURFACE_WITH_KNOTS('',2,1,((#8447,#8448),(#8449,#8450),(#8451,
#8452),(#8453,#8454)),.UNSPECIFIED.,.F.,.F.,.F.,(3,1,3),(2,2),(0.,1.,2.),
(0.,0.0012),.UNSPECIFIED.);
#327=B_SPLINE_SURFACE_WITH_KNOTS('',2,1,((#8461,#8462),(#8463,#8464),(#8465,
#8466),(#8467,#8468)),.UNSPECIFIED.,.F.,.F.,.F.,(3,1,3),(2,2),(0.,1.,2.),
(0.,0.0012),.UNSPECIFIED.);
#328=B_SPLINE_SURFACE_WITH_KNOTS('',2,1,((#8562,#8563),(#8564,#8565),(#8566,
#8567),(#8568,#8569)),.UNSPECIFIED.,.F.,.F.,.F.,(3,1,3),(2,2),(0.,1.,2.),
(0.,0.0012),.UNSPECIFIED.);
#329=B_SPLINE_SURFACE_WITH_KNOTS('',2,1,((#8578,#8579),(#8580,#8581),(#8582,
#8583),(#8584,#8585)),.UNSPECIFIED.,.F.,.F.,.F.,(3,1,3),(2,2),(0.,1.,2.),
(0.,0.0012),.UNSPECIFIED.);
#330=B_SPLINE_SURFACE_WITH_KNOTS('',2,1,((#8592,#8593),(#8594,#8595),(#8596,
#8597),(#8598,#8599)),.UNSPECIFIED.,.F.,.F.,.F.,(3,1,3),(2,2),(0.,1.,2.),
(0.,0.0012),.UNSPECIFIED.);
#331=B_SPLINE_SURFACE_WITH_KNOTS('',2,1,((#8606,#8607),(#8608,#8609),(#8610,
#8611),(#8612,#8613)),.UNSPECIFIED.,.F.,.F.,.F.,(3,1,3),(2,2),(0.,1.,2.),
(0.,0.0012),.UNSPECIFIED.);
#332=B_SPLINE_SURFACE_WITH_KNOTS('',2,1,((#8620,#8621),(#8622,#8623),(#8624,
#8625),(#8626,#8627)),.UNSPECIFIED.,.F.,.F.,.F.,(3,1,3),(2,2),(0.,1.,2.),
(0.,0.0012),.UNSPECIFIED.);
#333=B_SPLINE_SURFACE_WITH_KNOTS('',2,1,((#8634,#8635),(#8636,#8637),(#8638,
#8639),(#8640,#8641)),.UNSPECIFIED.,.F.,.F.,.F.,(3,1,3),(2,2),(0.,1.,2.),
(0.,0.0012),.UNSPECIFIED.);
#334=B_SPLINE_SURFACE_WITH_KNOTS('',2,1,((#8648,#8649),(#8650,#8651),(#8652,
#8653),(#8654,#8655)),.UNSPECIFIED.,.F.,.F.,.F.,(3,1,3),(2,2),(0.,1.,2.),
(0.,0.0012),.UNSPECIFIED.);
#335=B_SPLINE_SURFACE_WITH_KNOTS('',2,1,((#8662,#8663),(#8664,#8665),(#8666,
#8667),(#8668,#8669)),.UNSPECIFIED.,.F.,.F.,.F.,(3,1,3),(2,2),(0.,1.,2.),
(0.,0.0012),.UNSPECIFIED.);
#336=B_SPLINE_SURFACE_WITH_KNOTS('',2,1,((#8684,#8685),(#8686,#8687),(#8688,
#8689),(#8690,#8691)),.UNSPECIFIED.,.F.,.F.,.F.,(3,1,3),(2,2),(0.,1.,2.),
(0.,0.0012),.UNSPECIFIED.);
#337=B_SPLINE_SURFACE_WITH_KNOTS('',2,1,((#8698,#8699),(#8700,#8701),(#8702,
#8703),(#8704,#8705)),.UNSPECIFIED.,.F.,.F.,.F.,(3,1,3),(2,2),(0.,1.,2.),
(0.,0.0012),.UNSPECIFIED.);
#338=B_SPLINE_SURFACE_WITH_KNOTS('',2,1,((#8712,#8713),(#8714,#8715),(#8716,
#8717),(#8718,#8719)),.UNSPECIFIED.,.F.,.F.,.F.,(3,1,3),(2,2),(0.,1.,2.),
(0.,0.0012),.UNSPECIFIED.);
#339=B_SPLINE_SURFACE_WITH_KNOTS('',2,1,((#8726,#8727),(#8728,#8729),(#8730,
#8731),(#8732,#8733)),.UNSPECIFIED.,.F.,.F.,.F.,(3,1,3),(2,2),(0.,1.,2.),
(0.,0.0012),.UNSPECIFIED.);
#340=B_SPLINE_SURFACE_WITH_KNOTS('',2,1,((#8740,#8741),(#8742,#8743),(#8744,
#8745),(#8746,#8747)),.UNSPECIFIED.,.F.,.F.,.F.,(3,1,3),(2,2),(0.,1.,2.),
(0.,0.0012),.UNSPECIFIED.);
#341=B_SPLINE_SURFACE_WITH_KNOTS('',2,1,((#8754,#8755),(#8756,#8757),(#8758,
#8759),(#8760,#8761)),.UNSPECIFIED.,.F.,.F.,.F.,(3,1,3),(2,2),(0.,1.,2.),
(0.,0.0012),.UNSPECIFIED.);
#342=B_SPLINE_SURFACE_WITH_KNOTS('',2,1,((#8768,#8769),(#8770,#8771),(#8772,
#8773),(#8774,#8775)),.UNSPECIFIED.,.F.,.F.,.F.,(3,1,3),(2,2),(0.,1.,2.),
(0.,0.0012),.UNSPECIFIED.);
#343=B_SPLINE_SURFACE_WITH_KNOTS('',2,1,((#8782,#8783),(#8784,#8785),(#8786,
#8787),(#8788,#8789)),.UNSPECIFIED.,.F.,.F.,.F.,(3,1,3),(2,2),(0.,1.,2.),
(0.,0.0012),.UNSPECIFIED.);
#344=FACE_BOUND('',#787,.T.);
#345=FACE_BOUND('',#790,.T.);
#346=FACE_BOUND('',#793,.T.);
#347=FACE_BOUND('',#796,.T.);
#348=FACE_BOUND('',#799,.T.);
#349=FACE_BOUND('',#802,.T.);
#350=FACE_BOUND('',#805,.T.);
#351=FACE_BOUND('',#808,.T.);
#352=FACE_BOUND('',#818,.T.);
#353=FACE_BOUND('',#835,.T.);
#354=FACE_BOUND('',#933,.T.);
#355=FACE_BOUND('',#1013,.T.);
#356=FACE_BOUND('',#1014,.T.);
#357=FACE_BOUND('',#1015,.T.);
#358=FACE_BOUND('',#1016,.T.);
#359=FACE_BOUND('',#1017,.T.);
#360=FACE_BOUND('',#1018,.T.);
#361=FACE_BOUND('',#1019,.T.);
#362=FACE_BOUND('',#1020,.T.);
#363=FACE_BOUND('',#1021,.T.);
#364=FACE_BOUND('',#1022,.T.);
#365=FACE_BOUND('',#1023,.T.);
#366=FACE_BOUND('',#1024,.T.);
#367=FACE_BOUND('',#1025,.T.);
#368=FACE_BOUND('',#1026,.T.);
#369=FACE_BOUND('',#1027,.T.);
#370=FACE_BOUND('',#1028,.T.);
#371=FACE_BOUND('',#1029,.T.);
#372=FACE_BOUND('',#1030,.T.);
#373=FACE_BOUND('',#1074,.T.);
#374=FACE_BOUND('',#1085,.T.);
#375=FACE_BOUND('',#1086,.T.);
#376=FACE_BOUND('',#1087,.T.);
#377=FACE_BOUND('',#1088,.T.);
#378=PLANE('',#5073);
#379=PLANE('',#5078);
#380=PLANE('',#5083);
#381=PLANE('',#5088);
#382=PLANE('',#5093);
#383=PLANE('',#5098);
#384=PLANE('',#5103);
#385=PLANE('',#5108);
#386=PLANE('',#5110);
#387=PLANE('',#5111);
#388=PLANE('',#5112);
#389=PLANE('',#5113);
#390=PLANE('',#5114);
#391=PLANE('',#5115);
#392=PLANE('',#5116);
#393=PLANE('',#5117);
#394=PLANE('',#5118);
#395=PLANE('',#5119);
#396=PLANE('',#5120);
#397=PLANE('',#5121);
#398=PLANE('',#5122);
#399=PLANE('',#5123);
#400=PLANE('',#5124);
#401=PLANE('',#5125);
#402=PLANE('',#5126);
#403=PLANE('',#5127);
#404=PLANE('',#5128);
#405=PLANE('',#5129);
#406=PLANE('',#5130);
#407=PLANE('',#5131);
#408=PLANE('',#5132);
#409=PLANE('',#5133);
#410=PLANE('',#5134);
#411=PLANE('',#5135);
#412=PLANE('',#5136);
#413=PLANE('',#5137);
#414=PLANE('',#5138);
#415=PLANE('',#5139);
#416=PLANE('',#5140);
#417=PLANE('',#5141);
#418=PLANE('',#5142);
#419=PLANE('',#5143);
#420=PLANE('',#5144);
#421=PLANE('',#5145);
#422=PLANE('',#5146);
#423=PLANE('',#5147);
#424=PLANE('',#5148);
#425=PLANE('',#5149);
#426=PLANE('',#5150);
#427=PLANE('',#5151);
#428=PLANE('',#5152);
#429=PLANE('',#5153);
#430=PLANE('',#5154);
#431=PLANE('',#5155);
#432=PLANE('',#5156);
#433=PLANE('',#5157);
#434=PLANE('',#5158);
#435=PLANE('',#5159);
#436=PLANE('',#5160);
#437=PLANE('',#5161);
#438=PLANE('',#5162);
#439=PLANE('',#5163);
#440=PLANE('',#5164);
#441=PLANE('',#5165);
#442=PLANE('',#5166);
#443=PLANE('',#5167);
#444=PLANE('',#5168);
#445=PLANE('',#5169);
#446=PLANE('',#5170);
#447=PLANE('',#5171);
#448=PLANE('',#5172);
#449=PLANE('',#5173);
#450=PLANE('',#5174);
#451=PLANE('',#5175);
#452=PLANE('',#5176);
#453=PLANE('',#5177);
#454=PLANE('',#5178);
#455=PLANE('',#5179);
#456=PLANE('',#5180);
#457=PLANE('',#5181);
#458=PLANE('',#5182);
#459=PLANE('',#5183);
#460=PLANE('',#5184);
#461=PLANE('',#5185);
#462=PLANE('',#5186);
#463=PLANE('',#5187);
#464=PLANE('',#5188);
#465=PLANE('',#5189);
#466=PLANE('',#5190);
#467=PLANE('',#5191);
#468=PLANE('',#5192);
#469=PLANE('',#5193);
#470=PLANE('',#5194);
#471=PLANE('',#5195);
#472=PLANE('',#5196);
#473=PLANE('',#5197);
#474=PLANE('',#5198);
#475=PLANE('',#5199);
#476=PLANE('',#5200);
#477=PLANE('',#5201);
#478=PLANE('',#5202);
#479=PLANE('',#5206);
#480=PLANE('',#5207);
#481=PLANE('',#5210);
#482=PLANE('',#5216);
#483=PLANE('',#5218);
#484=PLANE('',#5219);
#485=PLANE('',#5226);
#486=PLANE('',#5227);
#487=PLANE('',#5234);
#488=PLANE('',#5235);
#489=PLANE('',#5236);
#490=PLANE('',#5237);
#491=PLANE('',#5238);
#492=PLANE('',#5239);
#493=PLANE('',#5240);
#494=PLANE('',#5243);
#495=PLANE('',#5246);
#496=PLANE('',#5249);
#497=PLANE('',#5252);
#498=PLANE('',#5254);
#499=PLANE('',#5256);
#500=PLANE('',#5257);
#501=PLANE('',#5258);
#502=PLANE('',#5259);
#503=PLANE('',#5260);
#504=PLANE('',#5261);
#505=PLANE('',#5262);
#506=PLANE('',#5263);
#507=PLANE('',#5264);
#508=PLANE('',#5265);
#509=PLANE('',#5270);
#510=PLANE('',#5271);
#511=PLANE('',#5272);
#512=PLANE('',#5273);
#513=PLANE('',#5274);
#514=PLANE('',#5275);
#515=FACE_OUTER_BOUND('',#785,.T.);
#516=FACE_OUTER_BOUND('',#786,.T.);
#517=FACE_OUTER_BOUND('',#788,.T.);
#518=FACE_OUTER_BOUND('',#789,.T.);
#519=FACE_OUTER_BOUND('',#791,.T.);
#520=FACE_OUTER_BOUND('',#792,.T.);
#521=FACE_OUTER_BOUND('',#794,.T.);
#522=FACE_OUTER_BOUND('',#795,.T.);
#523=FACE_OUTER_BOUND('',#797,.T.);
#524=FACE_OUTER_BOUND('',#798,.T.);
#525=FACE_OUTER_BOUND('',#800,.T.);
#526=FACE_OUTER_BOUND('',#801,.T.);
#527=FACE_OUTER_BOUND('',#803,.T.);
#528=FACE_OUTER_BOUND('',#804,.T.);
#529=FACE_OUTER_BOUND('',#806,.T.);
#530=FACE_OUTER_BOUND('',#807,.T.);
#531=FACE_OUTER_BOUND('',#809,.T.);
#532=FACE_OUTER_BOUND('',#810,.T.);
#533=FACE_OUTER_BOUND('',#811,.T.);
#534=FACE_OUTER_BOUND('',#812,.T.);
#535=FACE_OUTER_BOUND('',#813,.T.);
#536=FACE_OUTER_BOUND('',#814,.T.);
#537=FACE_OUTER_BOUND('',#815,.T.);
#538=FACE_OUTER_BOUND('',#816,.T.);
#539=FACE_OUTER_BOUND('',#817,.T.);
#540=FACE_OUTER_BOUND('',#819,.T.);
#541=FACE_OUTER_BOUND('',#820,.T.);
#542=FACE_OUTER_BOUND('',#821,.T.);
#543=FACE_OUTER_BOUND('',#822,.T.);
#544=FACE_OUTER_BOUND('',#823,.T.);
#545=FACE_OUTER_BOUND('',#824,.T.);
#546=FACE_OUTER_BOUND('',#825,.T.);
#547=FACE_OUTER_BOUND('',#826,.T.);
#548=FACE_OUTER_BOUND('',#827,.T.);
#549=FACE_OUTER_BOUND('',#828,.T.);
#550=FACE_OUTER_BOUND('',#829,.T.);
#551=FACE_OUTER_BOUND('',#830,.T.);
#552=FACE_OUTER_BOUND('',#831,.T.);
#553=FACE_OUTER_BOUND('',#832,.T.);
#554=FACE_OUTER_BOUND('',#833,.T.);
#555=FACE_OUTER_BOUND('',#834,.T.);
#556=FACE_OUTER_BOUND('',#836,.T.);
#557=FACE_OUTER_BOUND('',#837,.T.);
#558=FACE_OUTER_BOUND('',#838,.T.);
#559=FACE_OUTER_BOUND('',#839,.T.);
#560=FACE_OUTER_BOUND('',#840,.T.);
#561=FACE_OUTER_BOUND('',#841,.T.);
#562=FACE_OUTER_BOUND('',#842,.T.);
#563=FACE_OUTER_BOUND('',#843,.T.);
#564=FACE_OUTER_BOUND('',#844,.T.);
#565=FACE_OUTER_BOUND('',#845,.T.);
#566=FACE_OUTER_BOUND('',#846,.T.);
#567=FACE_OUTER_BOUND('',#847,.T.);
#568=FACE_OUTER_BOUND('',#848,.T.);
#569=FACE_OUTER_BOUND('',#849,.T.);
#570=FACE_OUTER_BOUND('',#850,.T.);
#571=FACE_OUTER_BOUND('',#851,.T.);
#572=FACE_OUTER_BOUND('',#852,.T.);
#573=FACE_OUTER_BOUND('',#853,.T.);
#574=FACE_OUTER_BOUND('',#854,.T.);
#575=FACE_OUTER_BOUND('',#855,.T.);
#576=FACE_OUTER_BOUND('',#856,.T.);
#577=FACE_OUTER_BOUND('',#857,.T.);
#578=FACE_OUTER_BOUND('',#858,.T.);
#579=FACE_OUTER_BOUND('',#859,.T.);
#580=FACE_OUTER_BOUND('',#860,.T.);
#581=FACE_OUTER_BOUND('',#861,.T.);
#582=FACE_OUTER_BOUND('',#862,.T.);
#583=FACE_OUTER_BOUND('',#863,.T.);
#584=FACE_OUTER_BOUND('',#864,.T.);
#585=FACE_OUTER_BOUND('',#865,.T.);
#586=FACE_OUTER_BOUND('',#866,.T.);
#587=FACE_OUTER_BOUND('',#867,.T.);
#588=FACE_OUTER_BOUND('',#868,.T.);
#589=FACE_OUTER_BOUND('',#869,.T.);
#590=FACE_OUTER_BOUND('',#870,.T.);
#591=FACE_OUTER_BOUND('',#871,.T.);
#592=FACE_OUTER_BOUND('',#872,.T.);
#593=FACE_OUTER_BOUND('',#873,.T.);
#594=FACE_OUTER_BOUND('',#874,.T.);
#595=FACE_OUTER_BOUND('',#875,.T.);
#596=FACE_OUTER_BOUND('',#876,.T.);
#597=FACE_OUTER_BOUND('',#877,.T.);
#598=FACE_OUTER_BOUND('',#878,.T.);
#599=FACE_OUTER_BOUND('',#879,.T.);
#600=FACE_OUTER_BOUND('',#880,.T.);
#601=FACE_OUTER_BOUND('',#881,.T.);
#602=FACE_OUTER_BOUND('',#882,.T.);
#603=FACE_OUTER_BOUND('',#883,.T.);
#604=FACE_OUTER_BOUND('',#884,.T.);
#605=FACE_OUTER_BOUND('',#885,.T.);
#606=FACE_OUTER_BOUND('',#886,.T.);
#607=FACE_OUTER_BOUND('',#887,.T.);
#608=FACE_OUTER_BOUND('',#888,.T.);
#609=FACE_OUTER_BOUND('',#889,.T.);
#610=FACE_OUTER_BOUND('',#890,.T.);
#611=FACE_OUTER_BOUND('',#891,.T.);
#612=FACE_OUTER_BOUND('',#892,.T.);
#613=FACE_OUTER_BOUND('',#893,.T.);
#614=FACE_OUTER_BOUND('',#894,.T.);
#615=FACE_OUTER_BOUND('',#895,.T.);
#616=FACE_OUTER_BOUND('',#896,.T.);
#617=FACE_OUTER_BOUND('',#897,.T.);
#618=FACE_OUTER_BOUND('',#898,.T.);
#619=FACE_OUTER_BOUND('',#899,.T.);
#620=FACE_OUTER_BOUND('',#900,.T.);
#621=FACE_OUTER_BOUND('',#901,.T.);
#622=FACE_OUTER_BOUND('',#902,.T.);
#623=FACE_OUTER_BOUND('',#903,.T.);
#624=FACE_OUTER_BOUND('',#904,.T.);
#625=FACE_OUTER_BOUND('',#905,.T.);
#626=FACE_OUTER_BOUND('',#906,.T.);
#627=FACE_OUTER_BOUND('',#907,.T.);
#628=FACE_OUTER_BOUND('',#908,.T.);
#629=FACE_OUTER_BOUND('',#909,.T.);
#630=FACE_OUTER_BOUND('',#910,.T.);
#631=FACE_OUTER_BOUND('',#911,.T.);
#632=FACE_OUTER_BOUND('',#912,.T.);
#633=FACE_OUTER_BOUND('',#913,.T.);
#634=FACE_OUTER_BOUND('',#914,.T.);
#635=FACE_OUTER_BOUND('',#915,.T.);
#636=FACE_OUTER_BOUND('',#916,.T.);
#637=FACE_OUTER_BOUND('',#917,.T.);
#638=FACE_OUTER_BOUND('',#918,.T.);
#639=FACE_OUTER_BOUND('',#919,.T.);
#640=FACE_OUTER_BOUND('',#920,.T.);
#641=FACE_OUTER_BOUND('',#921,.T.);
#642=FACE_OUTER_BOUND('',#922,.T.);
#643=FACE_OUTER_BOUND('',#923,.T.);
#644=FACE_OUTER_BOUND('',#924,.T.);
#645=FACE_OUTER_BOUND('',#925,.T.);
#646=FACE_OUTER_BOUND('',#926,.T.);
#647=FACE_OUTER_BOUND('',#927,.T.);
#648=FACE_OUTER_BOUND('',#928,.T.);
#649=FACE_OUTER_BOUND('',#929,.T.);
#650=FACE_OUTER_BOUND('',#930,.T.);
#651=FACE_OUTER_BOUND('',#931,.T.);
#652=FACE_OUTER_BOUND('',#932,.T.);
#653=FACE_OUTER_BOUND('',#934,.T.);
#654=FACE_OUTER_BOUND('',#935,.T.);
#655=FACE_OUTER_BOUND('',#936,.T.);
#656=FACE_OUTER_BOUND('',#937,.T.);
#657=FACE_OUTER_BOUND('',#938,.T.);
#658=FACE_OUTER_BOUND('',#939,.T.);
#659=FACE_OUTER_BOUND('',#940,.T.);
#660=FACE_OUTER_BOUND('',#941,.T.);
#661=FACE_OUTER_BOUND('',#942,.T.);
#662=FACE_OUTER_BOUND('',#943,.T.);
#663=FACE_OUTER_BOUND('',#944,.T.);
#664=FACE_OUTER_BOUND('',#945,.T.);
#665=FACE_OUTER_BOUND('',#946,.T.);
#666=FACE_OUTER_BOUND('',#947,.T.);
#667=FACE_OUTER_BOUND('',#948,.T.);
#668=FACE_OUTER_BOUND('',#949,.T.);
#669=FACE_OUTER_BOUND('',#950,.T.);
#670=FACE_OUTER_BOUND('',#951,.T.);
#671=FACE_OUTER_BOUND('',#952,.T.);
#672=FACE_OUTER_BOUND('',#953,.T.);
#673=FACE_OUTER_BOUND('',#954,.T.);
#674=FACE_OUTER_BOUND('',#955,.T.);
#675=FACE_OUTER_BOUND('',#956,.T.);
#676=FACE_OUTER_BOUND('',#957,.T.);
#677=FACE_OUTER_BOUND('',#958,.T.);
#678=FACE_OUTER_BOUND('',#959,.T.);
#679=FACE_OUTER_BOUND('',#960,.T.);
#680=FACE_OUTER_BOUND('',#961,.T.);
#681=FACE_OUTER_BOUND('',#962,.T.);
#682=FACE_OUTER_BOUND('',#963,.T.);
#683=FACE_OUTER_BOUND('',#964,.T.);
#684=FACE_OUTER_BOUND('',#965,.T.);
#685=FACE_OUTER_BOUND('',#966,.T.);
#686=FACE_OUTER_BOUND('',#967,.T.);
#687=FACE_OUTER_BOUND('',#968,.T.);
#688=FACE_OUTER_BOUND('',#969,.T.);
#689=FACE_OUTER_BOUND('',#970,.T.);
#690=FACE_OUTER_BOUND('',#971,.T.);
#691=FACE_OUTER_BOUND('',#972,.T.);
#692=FACE_OUTER_BOUND('',#973,.T.);
#693=FACE_OUTER_BOUND('',#974,.T.);
#694=FACE_OUTER_BOUND('',#975,.T.);
#695=FACE_OUTER_BOUND('',#976,.T.);
#696=FACE_OUTER_BOUND('',#977,.T.);
#697=FACE_OUTER_BOUND('',#978,.T.);
#698=FACE_OUTER_BOUND('',#979,.T.);
#699=FACE_OUTER_BOUND('',#980,.T.);
#700=FACE_OUTER_BOUND('',#981,.T.);
#701=FACE_OUTER_BOUND('',#982,.T.);
#702=FACE_OUTER_BOUND('',#983,.T.);
#703=FACE_OUTER_BOUND('',#984,.T.);
#704=FACE_OUTER_BOUND('',#985,.T.);
#705=FACE_OUTER_BOUND('',#986,.T.);
#706=FACE_OUTER_BOUND('',#987,.T.);
#707=FACE_OUTER_BOUND('',#988,.T.);
#708=FACE_OUTER_BOUND('',#989,.T.);
#709=FACE_OUTER_BOUND('',#990,.T.);
#710=FACE_OUTER_BOUND('',#991,.T.);
#711=FACE_OUTER_BOUND('',#992,.T.);
#712=FACE_OUTER_BOUND('',#993,.T.);
#713=FACE_OUTER_BOUND('',#994,.T.);
#714=FACE_OUTER_BOUND('',#995,.T.);
#715=FACE_OUTER_BOUND('',#996,.T.);
#716=FACE_OUTER_BOUND('',#997,.T.);
#717=FACE_OUTER_BOUND('',#998,.T.);
#718=FACE_OUTER_BOUND('',#999,.T.);
#719=FACE_OUTER_BOUND('',#1000,.T.);
#720=FACE_OUTER_BOUND('',#1001,.T.);
#721=FACE_OUTER_BOUND('',#1002,.T.);
#722=FACE_OUTER_BOUND('',#1003,.T.);
#723=FACE_OUTER_BOUND('',#1004,.T.);
#724=FACE_OUTER_BOUND('',#1005,.T.);
#725=FACE_OUTER_BOUND('',#1006,.T.);
#726=FACE_OUTER_BOUND('',#1007,.T.);
#727=FACE_OUTER_BOUND('',#1008,.T.);
#728=FACE_OUTER_BOUND('',#1009,.T.);
#729=FACE_OUTER_BOUND('',#1010,.T.);
#730=FACE_OUTER_BOUND('',#1011,.T.);
#731=FACE_OUTER_BOUND('',#1012,.T.);
#732=FACE_OUTER_BOUND('',#1031,.T.);
#733=FACE_OUTER_BOUND('',#1032,.T.);
#734=FACE_OUTER_BOUND('',#1033,.T.);
#735=FACE_OUTER_BOUND('',#1034,.T.);
#736=FACE_OUTER_BOUND('',#1035,.T.);
#737=FACE_OUTER_BOUND('',#1036,.T.);
#738=FACE_OUTER_BOUND('',#1037,.T.);
#739=FACE_OUTER_BOUND('',#1038,.T.);
#740=FACE_OUTER_BOUND('',#1039,.T.);
#741=FACE_OUTER_BOUND('',#1040,.T.);
#742=FACE_OUTER_BOUND('',#1041,.T.);
#743=FACE_OUTER_BOUND('',#1042,.T.);
#744=FACE_OUTER_BOUND('',#1043,.T.);
#745=FACE_OUTER_BOUND('',#1044,.T.);
#746=FACE_OUTER_BOUND('',#1045,.T.);
#747=FACE_OUTER_BOUND('',#1046,.T.);
#748=FACE_OUTER_BOUND('',#1047,.T.);
#749=FACE_OUTER_BOUND('',#1048,.T.);
#750=FACE_OUTER_BOUND('',#1049,.T.);
#751=FACE_OUTER_BOUND('',#1050,.T.);
#752=FACE_OUTER_BOUND('',#1051,.T.);
#753=FACE_OUTER_BOUND('',#1052,.T.);
#754=FACE_OUTER_BOUND('',#1053,.T.);
#755=FACE_OUTER_BOUND('',#1054,.T.);
#756=FACE_OUTER_BOUND('',#1055,.T.);
#757=FACE_OUTER_BOUND('',#1056,.T.);
#758=FACE_OUTER_BOUND('',#1057,.T.);
#759=FACE_OUTER_BOUND('',#1058,.T.);
#760=FACE_OUTER_BOUND('',#1059,.T.);
#761=FACE_OUTER_BOUND('',#1060,.T.);
#762=FACE_OUTER_BOUND('',#1061,.T.);
#763=FACE_OUTER_BOUND('',#1062,.T.);
#764=FACE_OUTER_BOUND('',#1063,.T.);
#765=FACE_OUTER_BOUND('',#1064,.T.);
#766=FACE_OUTER_BOUND('',#1065,.T.);
#767=FACE_OUTER_BOUND('',#1066,.T.);
#768=FACE_OUTER_BOUND('',#1067,.T.);
#769=FACE_OUTER_BOUND('',#1068,.T.);
#770=FACE_OUTER_BOUND('',#1069,.T.);
#771=FACE_OUTER_BOUND('',#1070,.T.);
#772=FACE_OUTER_BOUND('',#1071,.T.);
#773=FACE_OUTER_BOUND('',#1072,.T.);
#774=FACE_OUTER_BOUND('',#1073,.T.);
#775=FACE_OUTER_BOUND('',#1075,.T.);
#776=FACE_OUTER_BOUND('',#1076,.T.);
#777=FACE_OUTER_BOUND('',#1077,.T.);
#778=FACE_OUTER_BOUND('',#1078,.T.);
#779=FACE_OUTER_BOUND('',#1079,.T.);
#780=FACE_OUTER_BOUND('',#1080,.T.);
#781=FACE_OUTER_BOUND('',#1081,.T.);
#782=FACE_OUTER_BOUND('',#1082,.T.);
#783=FACE_OUTER_BOUND('',#1083,.T.);
#784=FACE_OUTER_BOUND('',#1084,.T.);
#785=EDGE_LOOP('',(#3249,#3250,#3251,#3252));
#786=EDGE_LOOP('',(#3253));
#787=EDGE_LOOP('',(#3254));
#788=EDGE_LOOP('',(#3255,#3256,#3257,#3258));
#789=EDGE_LOOP('',(#3259));
#790=EDGE_LOOP('',(#3260));
#791=EDGE_LOOP('',(#3261,#3262,#3263,#3264));
#792=EDGE_LOOP('',(#3265));
#793=EDGE_LOOP('',(#3266));
#794=EDGE_LOOP('',(#3267,#3268,#3269,#3270));
#795=EDGE_LOOP('',(#3271));
#796=EDGE_LOOP('',(#3272));
#797=EDGE_LOOP('',(#3273,#3274,#3275,#3276));
#798=EDGE_LOOP('',(#3277));
#799=EDGE_LOOP('',(#3278));
#800=EDGE_LOOP('',(#3279,#3280,#3281,#3282));
#801=EDGE_LOOP('',(#3283));
#802=EDGE_LOOP('',(#3284));
#803=EDGE_LOOP('',(#3285,#3286,#3287,#3288));
#804=EDGE_LOOP('',(#3289));
#805=EDGE_LOOP('',(#3290));
#806=EDGE_LOOP('',(#3291,#3292,#3293,#3294));
#807=EDGE_LOOP('',(#3295));
#808=EDGE_LOOP('',(#3296));
#809=EDGE_LOOP('',(#3297,#3298,#3299,#3300));
#810=EDGE_LOOP('',(#3301,#3302,#3303,#3304));
#811=EDGE_LOOP('',(#3305,#3306,#3307,#3308));
#812=EDGE_LOOP('',(#3309,#3310,#3311,#3312));
#813=EDGE_LOOP('',(#3313,#3314,#3315,#3316));
#814=EDGE_LOOP('',(#3317,#3318,#3319,#3320));
#815=EDGE_LOOP('',(#3321,#3322,#3323,#3324));
#816=EDGE_LOOP('',(#3325,#3326,#3327,#3328));
#817=EDGE_LOOP('',(#3329,#3330,#3331,#3332,#3333,#3334,#3335,#3336));
#818=EDGE_LOOP('',(#3337,#3338,#3339));
#819=EDGE_LOOP('',(#3340,#3341,#3342,#3343));
#820=EDGE_LOOP('',(#3344,#3345,#3346,#3347));
#821=EDGE_LOOP('',(#3348,#3349,#3350,#3351));
#822=EDGE_LOOP('',(#3352,#3353,#3354,#3355));
#823=EDGE_LOOP('',(#3356,#3357,#3358,#3359));
#824=EDGE_LOOP('',(#3360,#3361,#3362,#3363));
#825=EDGE_LOOP('',(#3364,#3365,#3366,#3367));
#826=EDGE_LOOP('',(#3368,#3369,#3370,#3371));
#827=EDGE_LOOP('',(#3372,#3373,#3374,#3375));
#828=EDGE_LOOP('',(#3376,#3377,#3378,#3379));
#829=EDGE_LOOP('',(#3380,#3381,#3382,#3383));
#830=EDGE_LOOP('',(#3384,#3385,#3386,#3387));
#831=EDGE_LOOP('',(#3388,#3389,#3390,#3391));
#832=EDGE_LOOP('',(#3392,#3393,#3394,#3395));
#833=EDGE_LOOP('',(#3396,#3397,#3398,#3399));
#834=EDGE_LOOP('',(#3400,#3401,#3402,#3403,#3404,#3405,#3406));
#835=EDGE_LOOP('',(#3407,#3408,#3409,#3410,#3411,#3412,#3413));
#836=EDGE_LOOP('',(#3414,#3415,#3416,#3417));
#837=EDGE_LOOP('',(#3418,#3419,#3420,#3421));
#838=EDGE_LOOP('',(#3422,#3423,#3424,#3425));
#839=EDGE_LOOP('',(#3426,#3427,#3428,#3429));
#840=EDGE_LOOP('',(#3430,#3431,#3432,#3433));
#841=EDGE_LOOP('',(#3434,#3435,#3436,#3437));
#842=EDGE_LOOP('',(#3438,#3439,#3440,#3441));
#843=EDGE_LOOP('',(#3442,#3443,#3444,#3445,#3446,#3447));
#844=EDGE_LOOP('',(#3448,#3449,#3450,#3451));
#845=EDGE_LOOP('',(#3452,#3453,#3454,#3455));
#846=EDGE_LOOP('',(#3456,#3457,#3458,#3459));
#847=EDGE_LOOP('',(#3460,#3461,#3462,#3463));
#848=EDGE_LOOP('',(#3464,#3465,#3466,#3467));
#849=EDGE_LOOP('',(#3468,#3469,#3470,#3471));
#850=EDGE_LOOP('',(#3472,#3473,#3474,#3475,#3476,#3477,#3478,#3479,#3480,
#3481,#3482,#3483,#3484,#3485,#3486,#3487,#3488,#3489,#3490,#3491));
#851=EDGE_LOOP('',(#3492,#3493,#3494,#3495));
#852=EDGE_LOOP('',(#3496,#3497,#3498,#3499));
#853=EDGE_LOOP('',(#3500,#3501,#3502,#3503));
#854=EDGE_LOOP('',(#3504,#3505,#3506,#3507));
#855=EDGE_LOOP('',(#3508,#3509,#3510,#3511));
#856=EDGE_LOOP('',(#3512,#3513,#3514,#3515));
#857=EDGE_LOOP('',(#3516,#3517,#3518,#3519));
#858=EDGE_LOOP('',(#3520,#3521,#3522,#3523));
#859=EDGE_LOOP('',(#3524,#3525,#3526,#3527));
#860=EDGE_LOOP('',(#3528,#3529,#3530,#3531));
#861=EDGE_LOOP('',(#3532,#3533,#3534,#3535));
#862=EDGE_LOOP('',(#3536,#3537,#3538,#3539));
#863=EDGE_LOOP('',(#3540,#3541,#3542,#3543));
#864=EDGE_LOOP('',(#3544,#3545,#3546,#3547));
#865=EDGE_LOOP('',(#3548,#3549,#3550,#3551));
#866=EDGE_LOOP('',(#3552,#3553,#3554,#3555));
#867=EDGE_LOOP('',(#3556,#3557,#3558,#3559));
#868=EDGE_LOOP('',(#3560,#3561,#3562,#3563));
#869=EDGE_LOOP('',(#3564,#3565,#3566,#3567));
#870=EDGE_LOOP('',(#3568,#3569,#3570,#3571));
#871=EDGE_LOOP('',(#3572,#3573,#3574,#3575,#3576,#3577,#3578,#3579,#3580,
#3581,#3582,#3583,#3584,#3585,#3586,#3587,#3588,#3589,#3590,#3591));
#872=EDGE_LOOP('',(#3592,#3593,#3594,#3595));
#873=EDGE_LOOP('',(#3596,#3597,#3598,#3599));
#874=EDGE_LOOP('',(#3600,#3601,#3602,#3603));
#875=EDGE_LOOP('',(#3604,#3605,#3606,#3607));
#876=EDGE_LOOP('',(#3608,#3609,#3610,#3611));
#877=EDGE_LOOP('',(#3612,#3613,#3614,#3615));
#878=EDGE_LOOP('',(#3616,#3617,#3618,#3619));
#879=EDGE_LOOP('',(#3620,#3621,#3622,#3623));
#880=EDGE_LOOP('',(#3624,#3625,#3626,#3627));
#881=EDGE_LOOP('',(#3628,#3629,#3630,#3631));
#882=EDGE_LOOP('',(#3632,#3633,#3634,#3635));
#883=EDGE_LOOP('',(#3636,#3637,#3638,#3639));
#884=EDGE_LOOP('',(#3640,#3641,#3642,#3643));
#885=EDGE_LOOP('',(#3644,#3645,#3646,#3647));
#886=EDGE_LOOP('',(#3648,#3649,#3650,#3651));
#887=EDGE_LOOP('',(#3652,#3653,#3654,#3655));
#888=EDGE_LOOP('',(#3656,#3657,#3658,#3659));
#889=EDGE_LOOP('',(#3660,#3661,#3662,#3663));
#890=EDGE_LOOP('',(#3664,#3665,#3666,#3667));
#891=EDGE_LOOP('',(#3668,#3669,#3670,#3671));
#892=EDGE_LOOP('',(#3672,#3673,#3674,#3675,#3676,#3677,#3678,#3679,#3680,
#3681));
#893=EDGE_LOOP('',(#3682,#3683,#3684,#3685));
#894=EDGE_LOOP('',(#3686,#3687,#3688,#3689));
#895=EDGE_LOOP('',(#3690,#3691,#3692,#3693));
#896=EDGE_LOOP('',(#3694,#3695,#3696,#3697));
#897=EDGE_LOOP('',(#3698,#3699,#3700,#3701));
#898=EDGE_LOOP('',(#3702,#3703,#3704,#3705));
#899=EDGE_LOOP('',(#3706,#3707,#3708,#3709));
#900=EDGE_LOOP('',(#3710,#3711,#3712,#3713));
#901=EDGE_LOOP('',(#3714,#3715,#3716,#3717));
#902=EDGE_LOOP('',(#3718,#3719,#3720,#3721));
#903=EDGE_LOOP('',(#3722,#3723,#3724,#3725,#3726,#3727,#3728,#3729,#3730,
#3731,#3732,#3733,#3734,#3735,#3736,#3737,#3738,#3739,#3740,#3741,#3742));
#904=EDGE_LOOP('',(#3743,#3744,#3745,#3746));
#905=EDGE_LOOP('',(#3747,#3748,#3749,#3750));
#906=EDGE_LOOP('',(#3751,#3752,#3753,#3754));
#907=EDGE_LOOP('',(#3755,#3756,#3757,#3758));
#908=EDGE_LOOP('',(#3759,#3760,#3761,#3762));
#909=EDGE_LOOP('',(#3763,#3764,#3765,#3766));
#910=EDGE_LOOP('',(#3767,#3768,#3769,#3770));
#911=EDGE_LOOP('',(#3771,#3772,#3773,#3774));
#912=EDGE_LOOP('',(#3775,#3776,#3777,#3778));
#913=EDGE_LOOP('',(#3779,#3780,#3781,#3782));
#914=EDGE_LOOP('',(#3783,#3784,#3785,#3786));
#915=EDGE_LOOP('',(#3787,#3788,#3789,#3790));
#916=EDGE_LOOP('',(#3791,#3792,#3793,#3794));
#917=EDGE_LOOP('',(#3795,#3796,#3797,#3798));
#918=EDGE_LOOP('',(#3799,#3800,#3801,#3802));
#919=EDGE_LOOP('',(#3803,#3804,#3805,#3806));
#920=EDGE_LOOP('',(#3807,#3808,#3809,#3810));
#921=EDGE_LOOP('',(#3811,#3812,#3813,#3814));
#922=EDGE_LOOP('',(#3815,#3816,#3817,#3818));
#923=EDGE_LOOP('',(#3819,#3820,#3821,#3822));
#924=EDGE_LOOP('',(#3823,#3824,#3825,#3826));
#925=EDGE_LOOP('',(#3827,#3828,#3829,#3830));
#926=EDGE_LOOP('',(#3831,#3832,#3833,#3834));
#927=EDGE_LOOP('',(#3835,#3836,#3837,#3838));
#928=EDGE_LOOP('',(#3839,#3840,#3841,#3842));
#929=EDGE_LOOP('',(#3843,#3844,#3845,#3846));
#930=EDGE_LOOP('',(#3847,#3848,#3849,#3850));
#931=EDGE_LOOP('',(#3851,#3852,#3853,#3854));
#932=EDGE_LOOP('',(#3855,#3856,#3857,#3858,#3859,#3860,#3861));
#933=EDGE_LOOP('',(#3862,#3863,#3864,#3865,#3866,#3867,#3868));
#934=EDGE_LOOP('',(#3869,#3870,#3871,#3872));
#935=EDGE_LOOP('',(#3873,#3874,#3875,#3876));
#936=EDGE_LOOP('',(#3877,#3878,#3879,#3880));
#937=EDGE_LOOP('',(#3881,#3882,#3883,#3884));
#938=EDGE_LOOP('',(#3885,#3886,#3887,#3888));
#939=EDGE_LOOP('',(#3889,#3890,#3891,#3892));
#940=EDGE_LOOP('',(#3893,#3894,#3895,#3896));
#941=EDGE_LOOP('',(#3897,#3898,#3899,#3900,#3901,#3902,#3903));
#942=EDGE_LOOP('',(#3904,#3905,#3906,#3907));
#943=EDGE_LOOP('',(#3908,#3909,#3910,#3911));
#944=EDGE_LOOP('',(#3912,#3913,#3914,#3915));
#945=EDGE_LOOP('',(#3916,#3917,#3918,#3919));
#946=EDGE_LOOP('',(#3920,#3921,#3922,#3923));
#947=EDGE_LOOP('',(#3924,#3925,#3926,#3927));
#948=EDGE_LOOP('',(#3928,#3929,#3930,#3931));
#949=EDGE_LOOP('',(#3932,#3933,#3934,#3935,#3936,#3937,#3938,#3939,#3940,
#3941,#3942,#3943,#3944,#3945,#3946,#3947,#3948,#3949,#3950,#3951));
#950=EDGE_LOOP('',(#3952,#3953,#3954,#3955));
#951=EDGE_LOOP('',(#3956,#3957,#3958,#3959));
#952=EDGE_LOOP('',(#3960,#3961,#3962,#3963));
#953=EDGE_LOOP('',(#3964,#3965,#3966,#3967));
#954=EDGE_LOOP('',(#3968,#3969,#3970,#3971));
#955=EDGE_LOOP('',(#3972,#3973,#3974,#3975));
#956=EDGE_LOOP('',(#3976,#3977,#3978,#3979));
#957=EDGE_LOOP('',(#3980,#3981,#3982,#3983));
#958=EDGE_LOOP('',(#3984,#3985,#3986,#3987));
#959=EDGE_LOOP('',(#3988,#3989,#3990,#3991));
#960=EDGE_LOOP('',(#3992,#3993,#3994,#3995));
#961=EDGE_LOOP('',(#3996,#3997,#3998,#3999));
#962=EDGE_LOOP('',(#4000,#4001,#4002,#4003));
#963=EDGE_LOOP('',(#4004,#4005,#4006,#4007));
#964=EDGE_LOOP('',(#4008,#4009,#4010,#4011));
#965=EDGE_LOOP('',(#4012,#4013,#4014,#4015));
#966=EDGE_LOOP('',(#4016,#4017,#4018,#4019));
#967=EDGE_LOOP('',(#4020,#4021,#4022,#4023));
#968=EDGE_LOOP('',(#4024,#4025,#4026,#4027));
#969=EDGE_LOOP('',(#4028,#4029,#4030,#4031));
#970=EDGE_LOOP('',(#4032,#4033,#4034,#4035,#4036,#4037,#4038,#4039,#4040,
#4041,#4042,#4043,#4044,#4045,#4046,#4047,#4048,#4049,#4050,#4051));
#971=EDGE_LOOP('',(#4052,#4053,#4054,#4055));
#972=EDGE_LOOP('',(#4056,#4057,#4058,#4059));
#973=EDGE_LOOP('',(#4060,#4061,#4062,#4063));
#974=EDGE_LOOP('',(#4064,#4065,#4066,#4067));
#975=EDGE_LOOP('',(#4068,#4069,#4070,#4071));
#976=EDGE_LOOP('',(#4072,#4073,#4074,#4075));
#977=EDGE_LOOP('',(#4076,#4077,#4078,#4079));
#978=EDGE_LOOP('',(#4080,#4081,#4082,#4083));
#979=EDGE_LOOP('',(#4084,#4085,#4086,#4087));
#980=EDGE_LOOP('',(#4088,#4089,#4090,#4091));
#981=EDGE_LOOP('',(#4092,#4093,#4094,#4095));
#982=EDGE_LOOP('',(#4096,#4097,#4098,#4099));
#983=EDGE_LOOP('',(#4100,#4101,#4102,#4103));
#984=EDGE_LOOP('',(#4104,#4105,#4106,#4107));
#985=EDGE_LOOP('',(#4108,#4109,#4110,#4111));
#986=EDGE_LOOP('',(#4112,#4113,#4114,#4115));
#987=EDGE_LOOP('',(#4116,#4117,#4118,#4119));
#988=EDGE_LOOP('',(#4120,#4121,#4122,#4123));
#989=EDGE_LOOP('',(#4124,#4125,#4126,#4127));
#990=EDGE_LOOP('',(#4128,#4129,#4130,#4131));
#991=EDGE_LOOP('',(#4132,#4133,#4134,#4135,#4136,#4137,#4138,#4139,#4140,
#4141,#4142,#4143,#4144,#4145,#4146,#4147,#4148,#4149,#4150,#4151));
#992=EDGE_LOOP('',(#4152,#4153,#4154,#4155));
#993=EDGE_LOOP('',(#4156,#4157,#4158,#4159));
#994=EDGE_LOOP('',(#4160,#4161,#4162,#4163));
#995=EDGE_LOOP('',(#4164,#4165,#4166,#4167));
#996=EDGE_LOOP('',(#4168,#4169,#4170,#4171));
#997=EDGE_LOOP('',(#4172,#4173,#4174,#4175));
#998=EDGE_LOOP('',(#4176,#4177,#4178,#4179));
#999=EDGE_LOOP('',(#4180,#4181,#4182,#4183));
#1000=EDGE_LOOP('',(#4184,#4185,#4186,#4187));
#1001=EDGE_LOOP('',(#4188,#4189,#4190,#4191));
#1002=EDGE_LOOP('',(#4192,#4193,#4194,#4195));
#1003=EDGE_LOOP('',(#4196,#4197,#4198,#4199));
#1004=EDGE_LOOP('',(#4200,#4201,#4202,#4203));
#1005=EDGE_LOOP('',(#4204,#4205,#4206,#4207));
#1006=EDGE_LOOP('',(#4208,#4209,#4210,#4211));
#1007=EDGE_LOOP('',(#4212,#4213,#4214,#4215));
#1008=EDGE_LOOP('',(#4216,#4217,#4218,#4219));
#1009=EDGE_LOOP('',(#4220,#4221,#4222,#4223));
#1010=EDGE_LOOP('',(#4224,#4225,#4226,#4227));
#1011=EDGE_LOOP('',(#4228,#4229,#4230,#4231));
#1012=EDGE_LOOP('',(#4232,#4233,#4234,#4235));
#1013=EDGE_LOOP('',(#4236));
#1014=EDGE_LOOP('',(#4237));
#1015=EDGE_LOOP('',(#4238));
#1016=EDGE_LOOP('',(#4239));
#1017=EDGE_LOOP('',(#4240,#4241,#4242,#4243));
#1018=EDGE_LOOP('',(#4244,#4245,#4246,#4247));
#1019=EDGE_LOOP('',(#4248,#4249,#4250,#4251,#4252,#4253,#4254,#4255,#4256,
#4257,#4258,#4259,#4260,#4261,#4262,#4263,#4264,#4265,#4266,#4267));
#1020=EDGE_LOOP('',(#4268,#4269,#4270,#4271,#4272,#4273,#4274,#4275,#4276,
#4277,#4278,#4279,#4280,#4281,#4282,#4283,#4284,#4285,#4286,#4287));
#1021=EDGE_LOOP('',(#4288,#4289,#4290,#4291,#4292,#4293,#4294,#4295,#4296,
#4297,#4298,#4299,#4300,#4301,#4302,#4303,#4304,#4305,#4306,#4307));
#1022=EDGE_LOOP('',(#4308,#4309,#4310,#4311,#4312,#4313,#4314));
#1023=EDGE_LOOP('',(#4315,#4316,#4317,#4318,#4319,#4320,#4321));
#1024=EDGE_LOOP('',(#4322,#4323,#4324,#4325,#4326,#4327,#4328,#4329,#4330,
#4331,#4332,#4333,#4334,#4335,#4336,#4337,#4338,#4339,#4340,#4341,#4342));
#1025=EDGE_LOOP('',(#4343,#4344,#4345,#4346,#4347,#4348,#4349,#4350,#4351,
#4352));
#1026=EDGE_LOOP('',(#4353,#4354,#4355,#4356,#4357,#4358,#4359,#4360,#4361,
#4362,#4363,#4364,#4365,#4366,#4367,#4368,#4369,#4370,#4371,#4372));
#1027=EDGE_LOOP('',(#4373,#4374,#4375,#4376,#4377,#4378,#4379,#4380,#4381,
#4382,#4383,#4384,#4385,#4386,#4387,#4388,#4389,#4390,#4391,#4392));
#1028=EDGE_LOOP('',(#4393,#4394,#4395,#4396,#4397,#4398));
#1029=EDGE_LOOP('',(#4399,#4400,#4401,#4402,#4403,#4404,#4405));
#1030=EDGE_LOOP('',(#4406,#4407,#4408,#4409,#4410,#4411,#4412,#4413));
#1031=EDGE_LOOP('',(#4414,#4415,#4416,#4417,#4418,#4419,#4420));
#1032=EDGE_LOOP('',(#4421,#4422,#4423,#4424,#4425,#4426,#4427));
#1033=EDGE_LOOP('',(#4428,#4429,#4430,#4431));
#1034=EDGE_LOOP('',(#4432,#4433,#4434,#4435,#4436,#4437,#4438,#4439,#4440,
#4441,#4442));
#1035=EDGE_LOOP('',(#4443,#4444,#4445,#4446,#4447,#4448,#4449,#4450));
#1036=EDGE_LOOP('',(#4451,#4452,#4453,#4454,#4455,#4456));
#1037=EDGE_LOOP('',(#4457,#4458,#4459,#4460));
#1038=EDGE_LOOP('',(#4461,#4462,#4463,#4464,#4465,#4466));
#1039=EDGE_LOOP('',(#4467,#4468,#4469,#4470));
#1040=EDGE_LOOP('',(#4471,#4472,#4473,#4474));
#1041=EDGE_LOOP('',(#4475,#4476,#4477,#4478));
#1042=EDGE_LOOP('',(#4479,#4480,#4481,#4482));
#1043=EDGE_LOOP('',(#4483,#4484,#4485,#4486));
#1044=EDGE_LOOP('',(#4487,#4488,#4489,#4490));
#1045=EDGE_LOOP('',(#4491,#4492,#4493,#4494));
#1046=EDGE_LOOP('',(#4495,#4496,#4497,#4498));
#1047=EDGE_LOOP('',(#4499,#4500,#4501,#4502));
#1048=EDGE_LOOP('',(#4503,#4504,#4505,#4506));
#1049=EDGE_LOOP('',(#4507,#4508,#4509,#4510));
#1050=EDGE_LOOP('',(#4511,#4512,#4513,#4514,#4515,#4516,#4517,#4518,#4519,
#4520,#4521,#4522,#4523));
#1051=EDGE_LOOP('',(#4524,#4525,#4526,#4527,#4528,#4529,#4530,#4531,#4532,
#4533,#4534,#4535,#4536));
#1052=EDGE_LOOP('',(#4537,#4538,#4539,#4540));
#1053=EDGE_LOOP('',(#4541,#4542,#4543,#4544));
#1054=EDGE_LOOP('',(#4545,#4546,#4547,#4548));
#1055=EDGE_LOOP('',(#4549,#4550,#4551,#4552));
#1056=EDGE_LOOP('',(#4553,#4554,#4555,#4556));
#1057=EDGE_LOOP('',(#4557,#4558,#4559,#4560));
#1058=EDGE_LOOP('',(#4561,#4562,#4563,#4564));
#1059=EDGE_LOOP('',(#4565,#4566,#4567,#4568));
#1060=EDGE_LOOP('',(#4569,#4570,#4571,#4572));
#1061=EDGE_LOOP('',(#4573,#4574,#4575,#4576,#4577,#4578,#4579,#4580));
#1062=EDGE_LOOP('',(#4581,#4582,#4583,#4584,#4585,#4586));
#1063=EDGE_LOOP('',(#4587,#4588,#4589,#4590));
#1064=EDGE_LOOP('',(#4591,#4592,#4593,#4594));
#1065=EDGE_LOOP('',(#4595,#4596,#4597,#4598));
#1066=EDGE_LOOP('',(#4599,#4600,#4601,#4602));
#1067=EDGE_LOOP('',(#4603,#4604,#4605,#4606));
#1068=EDGE_LOOP('',(#4607,#4608,#4609,#4610));
#1069=EDGE_LOOP('',(#4611,#4612,#4613,#4614,#4615,#4616,#4617,#4618));
#1070=EDGE_LOOP('',(#4619,#4620,#4621,#4622,#4623,#4624));
#1071=EDGE_LOOP('',(#4625,#4626,#4627,#4628,#4629,#4630));
#1072=EDGE_LOOP('',(#4631,#4632,#4633,#4634));
#1073=EDGE_LOOP('',(#4635,#4636,#4637,#4638,#4639,#4640,#4641,#4642,#4643,
#4644,#4645));
#1074=EDGE_LOOP('',(#4646,#4647,#4648,#4649));
#1075=EDGE_LOOP('',(#4650,#4651,#4652,#4653));
#1076=EDGE_LOOP('',(#4654,#4655,#4656,#4657));
#1077=EDGE_LOOP('',(#4658,#4659,#4660,#4661));
#1078=EDGE_LOOP('',(#4662,#4663,#4664,#4665));
#1079=EDGE_LOOP('',(#4666,#4667,#4668,#4669));
#1080=EDGE_LOOP('',(#4670,#4671,#4672,#4673));
#1081=EDGE_LOOP('',(#4674,#4675,#4676,#4677));
#1082=EDGE_LOOP('',(#4678,#4679,#4680,#4681));
#1083=EDGE_LOOP('',(#4682,#4683,#4684));
#1084=EDGE_LOOP('',(#4685,#4686,#4687,#4688));
#1085=EDGE_LOOP('',(#4689));
#1086=EDGE_LOOP('',(#4690));
#1087=EDGE_LOOP('',(#4691));
#1088=EDGE_LOOP('',(#4692));
#1089=LINE('',#6151,#1545);
#1090=LINE('',#6160,#1546);
#1091=LINE('',#6169,#1547);
#1092=LINE('',#6178,#1548);
#1093=LINE('',#6187,#1549);
#1094=LINE('',#6196,#1550);
#1095=LINE('',#6205,#1551);
#1096=LINE('',#6214,#1552);
#1097=LINE('',#6222,#1553);
#1098=LINE('',#6224,#1554);
#1099=LINE('',#6226,#1555);
#1100=LINE('',#6227,#1556);
#1101=LINE('',#6230,#1557);
#1102=LINE('',#6232,#1558);
#1103=LINE('',#6233,#1559);
#1104=LINE('',#6236,#1560);
#1105=LINE('',#6238,#1561);
#1106=LINE('',#6239,#1562);
#1107=LINE('',#6241,#1563);
#1108=LINE('',#6242,#1564);
#1109=LINE('',#6247,#1565);
#1110=LINE('',#6249,#1566);
#1111=LINE('',#6251,#1567);
#1112=LINE('',#6252,#1568);
#1113=LINE('',#6255,#1569);
#1114=LINE('',#6257,#1570);
#1115=LINE('',#6258,#1571);
#1116=LINE('',#6260,#1572);
#1117=LINE('',#6261,#1573);
#1118=LINE('',#6265,#1574);
#1119=LINE('',#6267,#1575);
#1120=LINE('',#6269,#1576);
#1121=LINE('',#6271,#1577);
#1122=LINE('',#6273,#1578);
#1123=LINE('',#6275,#1579);
#1124=LINE('',#6277,#1580);
#1125=LINE('',#6278,#1581);
#1126=LINE('',#6282,#1582);
#1127=LINE('',#6283,#1583);
#1128=LINE('',#6284,#1584);
#1129=LINE('',#6287,#1585);
#1130=LINE('',#6288,#1586);
#1131=LINE('',#6291,#1587);
#1132=LINE('',#6292,#1588);
#1133=LINE('',#6295,#1589);
#1134=LINE('',#6296,#1590);
#1135=LINE('',#6299,#1591);
#1136=LINE('',#6300,#1592);
#1137=LINE('',#6303,#1593);
#1138=LINE('',#6304,#1594);
#1139=LINE('',#6307,#1595);
#1140=LINE('',#6308,#1596);
#1141=LINE('',#6310,#1597);
#1142=LINE('',#6326,#1598);
#1143=LINE('',#6332,#1599);
#1144=LINE('',#6351,#1600);
#1145=LINE('',#6354,#1601);
#1146=LINE('',#6356,#1602);
#1147=LINE('',#6357,#1603);
#1148=LINE('',#6360,#1604);
#1149=LINE('',#6362,#1605);
#1150=LINE('',#6363,#1606);
#1151=LINE('',#6366,#1607);
#1152=LINE('',#6368,#1608);
#1153=LINE('',#6369,#1609);
#1154=LINE('',#6388,#1610);
#1155=LINE('',#6423,#1611);
#1156=LINE('',#6425,#1612);
#1157=LINE('',#6427,#1613);
#1158=LINE('',#6446,#1614);
#1159=LINE('',#6447,#1615);
#1160=LINE('',#6461,#1616);
#1161=LINE('',#6475,#1617);
#1162=LINE('',#6478,#1618);
#1163=LINE('',#6479,#1619);
#1164=LINE('',#6482,#1620);
#1165=LINE('',#6483,#1621);
#1166=LINE('',#6486,#1622);
#1167=LINE('',#6487,#1623);
#1168=LINE('',#6503,#1624);
#1169=LINE('',#6505,#1625);
#1170=LINE('',#6507,#1626);
#1171=LINE('',#6509,#1627);
#1172=LINE('',#6511,#1628);
#1173=LINE('',#6512,#1629);
#1174=LINE('',#6516,#1630);
#1175=LINE('',#6517,#1631);
#1176=LINE('',#6518,#1632);
#1177=LINE('',#6521,#1633);
#1178=LINE('',#6522,#1634);
#1179=LINE('',#6525,#1635);
#1180=LINE('',#6526,#1636);
#1181=LINE('',#6529,#1637);
#1182=LINE('',#6530,#1638);
#1183=LINE('',#6533,#1639);
#1184=LINE('',#6534,#1640);
#1185=LINE('',#6536,#1641);
#1186=LINE('',#6580,#1642);
#1187=LINE('',#6582,#1643);
#1188=LINE('',#6624,#1644);
#1189=LINE('',#6625,#1645);
#1190=LINE('',#6640,#1646);
#1191=LINE('',#6641,#1647);
#1192=LINE('',#6655,#1648);
#1193=LINE('',#6669,#1649);
#1194=LINE('',#6683,#1650);
#1195=LINE('',#6697,#1651);
#1196=LINE('',#6711,#1652);
#1197=LINE('',#6725,#1653);
#1198=LINE('',#6739,#1654);
#1199=LINE('',#6742,#1655);
#1200=LINE('',#6743,#1656);
#1201=LINE('',#6746,#1657);
#1202=LINE('',#6747,#1658);
#1203=LINE('',#6761,#1659);
#1204=LINE('',#6775,#1660);
#1205=LINE('',#6789,#1661);
#1206=LINE('',#6803,#1662);
#1207=LINE('',#6817,#1663);
#1208=LINE('',#6831,#1664);
#1209=LINE('',#6845,#1665);
#1210=LINE('',#6859,#1666);
#1211=LINE('',#6862,#1667);
#1212=LINE('',#6863,#1668);
#1213=LINE('',#6865,#1669);
#1214=LINE('',#6884,#1670);
#1215=LINE('',#6886,#1671);
#1216=LINE('',#6928,#1672);
#1217=LINE('',#6930,#1673);
#1218=LINE('',#6972,#1674);
#1219=LINE('',#6973,#1675);
#1220=LINE('',#6987,#1676);
#1221=LINE('',#7001,#1677);
#1222=LINE('',#7004,#1678);
#1223=LINE('',#7005,#1679);
#1224=LINE('',#7008,#1680);
#1225=LINE('',#7009,#1681);
#1226=LINE('',#7023,#1682);
#1227=LINE('',#7037,#1683);
#1228=LINE('',#7051,#1684);
#1229=LINE('',#7065,#1685);
#1230=LINE('',#7079,#1686);
#1231=LINE('',#7093,#1687);
#1232=LINE('',#7107,#1688);
#1233=LINE('',#7121,#1689);
#1234=LINE('',#7124,#1690);
#1235=LINE('',#7125,#1691);
#1236=LINE('',#7128,#1692);
#1237=LINE('',#7129,#1693);
#1238=LINE('',#7146,#1694);
#1239=LINE('',#7160,#1695);
#1240=LINE('',#7174,#1696);
#1241=LINE('',#7188,#1697);
#1242=LINE('',#7204,#1698);
#1243=LINE('',#7206,#1699);
#1244=LINE('',#7208,#1700);
#1245=LINE('',#7210,#1701);
#1246=LINE('',#7212,#1702);
#1247=LINE('',#7214,#1703);
#1248=LINE('',#7216,#1704);
#1249=LINE('',#7218,#1705);
#1250=LINE('',#7220,#1706);
#1251=LINE('',#7221,#1707);
#1252=LINE('',#7225,#1708);
#1253=LINE('',#7226,#1709);
#1254=LINE('',#7227,#1710);
#1255=LINE('',#7230,#1711);
#1256=LINE('',#7231,#1712);
#1257=LINE('',#7234,#1713);
#1258=LINE('',#7235,#1714);
#1259=LINE('',#7238,#1715);
#1260=LINE('',#7239,#1716);
#1261=LINE('',#7242,#1717);
#1262=LINE('',#7243,#1718);
#1263=LINE('',#7246,#1719);
#1264=LINE('',#7247,#1720);
#1265=LINE('',#7250,#1721);
#1266=LINE('',#7251,#1722);
#1267=LINE('',#7254,#1723);
#1268=LINE('',#7255,#1724);
#1269=LINE('',#7258,#1725);
#1270=LINE('',#7259,#1726);
#1271=LINE('',#7261,#1727);
#1272=LINE('',#7280,#1728);
#1273=LINE('',#7282,#1729);
#1274=LINE('',#7284,#1730);
#1275=LINE('',#7286,#1731);
#1276=LINE('',#7288,#1732);
#1277=LINE('',#7320,#1733);
#1278=LINE('',#7322,#1734);
#1279=LINE('',#7361,#1735);
#1280=LINE('',#7362,#1736);
#1281=LINE('',#7376,#1737);
#1282=LINE('',#7390,#1738);
#1283=LINE('',#7393,#1739);
#1284=LINE('',#7394,#1740);
#1285=LINE('',#7397,#1741);
#1286=LINE('',#7398,#1742);
#1287=LINE('',#7401,#1743);
#1288=LINE('',#7402,#1744);
#1289=LINE('',#7405,#1745);
#1290=LINE('',#7406,#1746);
#1291=LINE('',#7409,#1747);
#1292=LINE('',#7410,#1748);
#1293=LINE('',#7424,#1749);
#1294=LINE('',#7438,#1750);
#1295=LINE('',#7452,#1751);
#1296=LINE('',#7466,#1752);
#1297=LINE('',#7480,#1753);
#1298=LINE('',#7494,#1754);
#1299=LINE('',#7497,#1755);
#1300=LINE('',#7498,#1756);
#1301=LINE('',#7501,#1757);
#1302=LINE('',#7502,#1758);
#1303=LINE('',#7516,#1759);
#1304=LINE('',#7530,#1760);
#1305=LINE('',#7544,#1761);
#1306=LINE('',#7558,#1762);
#1307=LINE('',#7586,#1763);
#1308=LINE('',#7592,#1764);
#1309=LINE('',#7611,#1765);
#1310=LINE('',#7614,#1766);
#1311=LINE('',#7616,#1767);
#1312=LINE('',#7617,#1768);
#1313=LINE('',#7620,#1769);
#1314=LINE('',#7622,#1770);
#1315=LINE('',#7623,#1771);
#1316=LINE('',#7626,#1772);
#1317=LINE('',#7628,#1773);
#1318=LINE('',#7629,#1774);
#1319=LINE('',#7648,#1775);
#1320=LINE('',#7683,#1776);
#1321=LINE('',#7685,#1777);
#1322=LINE('',#7687,#1778);
#1323=LINE('',#7706,#1779);
#1324=LINE('',#7707,#1780);
#1325=LINE('',#7721,#1781);
#1326=LINE('',#7735,#1782);
#1327=LINE('',#7738,#1783);
#1328=LINE('',#7739,#1784);
#1329=LINE('',#7742,#1785);
#1330=LINE('',#7743,#1786);
#1331=LINE('',#7746,#1787);
#1332=LINE('',#7747,#1788);
#1333=LINE('',#7763,#1789);
#1334=LINE('',#7765,#1790);
#1335=LINE('',#7767,#1791);
#1336=LINE('',#7769,#1792);
#1337=LINE('',#7771,#1793);
#1338=LINE('',#7773,#1794);
#1339=LINE('',#7774,#1795);
#1340=LINE('',#7778,#1796);
#1341=LINE('',#7779,#1797);
#1342=LINE('',#7780,#1798);
#1343=LINE('',#7783,#1799);
#1344=LINE('',#7784,#1800);
#1345=LINE('',#7787,#1801);
#1346=LINE('',#7788,#1802);
#1347=LINE('',#7791,#1803);
#1348=LINE('',#7792,#1804);
#1349=LINE('',#7795,#1805);
#1350=LINE('',#7796,#1806);
#1351=LINE('',#7799,#1807);
#1352=LINE('',#7800,#1808);
#1353=LINE('',#7802,#1809);
#1354=LINE('',#7821,#1810);
#1355=LINE('',#7823,#1811);
#1356=LINE('',#7865,#1812);
#1357=LINE('',#7867,#1813);
#1358=LINE('',#7909,#1814);
#1359=LINE('',#7910,#1815);
#1360=LINE('',#7924,#1816);
#1361=LINE('',#7938,#1817);
#1362=LINE('',#7941,#1818);
#1363=LINE('',#7942,#1819);
#1364=LINE('',#7945,#1820);
#1365=LINE('',#7946,#1821);
#1366=LINE('',#7960,#1822);
#1367=LINE('',#7974,#1823);
#1368=LINE('',#7988,#1824);
#1369=LINE('',#8002,#1825);
#1370=LINE('',#8016,#1826);
#1371=LINE('',#8030,#1827);
#1372=LINE('',#8044,#1828);
#1373=LINE('',#8058,#1829);
#1374=LINE('',#8061,#1830);
#1375=LINE('',#8062,#1831);
#1376=LINE('',#8065,#1832);
#1377=LINE('',#8066,#1833);
#1378=LINE('',#8083,#1834);
#1379=LINE('',#8097,#1835);
#1380=LINE('',#8111,#1836);
#1381=LINE('',#8125,#1837);
#1382=LINE('',#8156,#1838);
#1383=LINE('',#8158,#1839);
#1384=LINE('',#8200,#1840);
#1385=LINE('',#8202,#1841);
#1386=LINE('',#8244,#1842);
#1387=LINE('',#8245,#1843);
#1388=LINE('',#8259,#1844);
#1389=LINE('',#8273,#1845);
#1390=LINE('',#8276,#1846);
#1391=LINE('',#8277,#1847);
#1392=LINE('',#8280,#1848);
#1393=LINE('',#8281,#1849);
#1394=LINE('',#8295,#1850);
#1395=LINE('',#8309,#1851);
#1396=LINE('',#8323,#1852);
#1397=LINE('',#8337,#1853);
#1398=LINE('',#8351,#1854);
#1399=LINE('',#8365,#1855);
#1400=LINE('',#8379,#1856);
#1401=LINE('',#8393,#1857);
#1402=LINE('',#8396,#1858);
#1403=LINE('',#8397,#1859);
#1404=LINE('',#8400,#1860);
#1405=LINE('',#8401,#1861);
#1406=LINE('',#8418,#1862);
#1407=LINE('',#8432,#1863);
#1408=LINE('',#8446,#1864);
#1409=LINE('',#8460,#1865);
#1410=LINE('',#8516,#1866);
#1411=LINE('',#8518,#1867);
#1412=LINE('',#8560,#1868);
#1413=LINE('',#8561,#1869);
#1414=LINE('',#8576,#1870);
#1415=LINE('',#8577,#1871);
#1416=LINE('',#8591,#1872);
#1417=LINE('',#8605,#1873);
#1418=LINE('',#8619,#1874);
#1419=LINE('',#8633,#1875);
#1420=LINE('',#8647,#1876);
#1421=LINE('',#8661,#1877);
#1422=LINE('',#8675,#1878);
#1423=LINE('',#8678,#1879);
#1424=LINE('',#8679,#1880);
#1425=LINE('',#8682,#1881);
#1426=LINE('',#8683,#1882);
#1427=LINE('',#8697,#1883);
#1428=LINE('',#8711,#1884);
#1429=LINE('',#8725,#1885);
#1430=LINE('',#8739,#1886);
#1431=LINE('',#8753,#1887);
#1432=LINE('',#8767,#1888);
#1433=LINE('',#8781,#1889);
#1434=LINE('',#8795,#1890);
#1435=LINE('',#8798,#1891);
#1436=LINE('',#8799,#1892);
#1437=LINE('',#8801,#1893);
#1438=LINE('',#8805,#1894);
#1439=LINE('',#8807,#1895);
#1440=LINE('',#8809,#1896);
#1441=LINE('',#8810,#1897);
#1442=LINE('',#8813,#1898);
#1443=LINE('',#8815,#1899);
#1444=LINE('',#8817,#1900);
#1445=LINE('',#8818,#1901);
#1446=LINE('',#8826,#1902);
#1447=LINE('',#8829,#1903);
#1448=LINE('',#8832,#1904);
#1449=LINE('',#8834,#1905);
#1450=LINE('',#8836,#1906);
#1451=LINE('',#8838,#1907);
#1452=LINE('',#8840,#1908);
#1453=LINE('',#8842,#1909);
#1454=LINE('',#8844,#1910);
#1455=LINE('',#8846,#1911);
#1456=LINE('',#8848,#1912);
#1457=LINE('',#8849,#1913);
#1458=LINE('',#8852,#1914);
#1459=LINE('',#8856,#1915);
#1460=LINE('',#8860,#1916);
#1461=LINE('',#8861,#1917);
#1462=LINE('',#8865,#1918);
#1463=LINE('',#8867,#1919);
#1464=LINE('',#8871,#1920);
#1465=LINE('',#8874,#1921);
#1466=LINE('',#8878,#1922);
#1467=LINE('',#8883,#1923);
#1468=LINE('',#8884,#1924);
#1469=LINE('',#8889,#1925);
#1470=LINE('',#8891,#1926);
#1471=LINE('',#8893,#1927);
#1472=LINE('',#8894,#1928);
#1473=LINE('',#8898,#1929);
#1474=LINE('',#8900,#1930);
#1475=LINE('',#8902,#1931);
#1476=LINE('',#8903,#1932);
#1477=LINE('',#8907,#1933);
#1478=LINE('',#8913,#1934);
#1479=LINE('',#8919,#1935);
#1480=LINE('',#8920,#1936);
#1481=LINE('',#8921,#1937);
#1482=LINE('',#8925,#1938);
#1483=LINE('',#8926,#1939);
#1484=LINE('',#8927,#1940);
#1485=LINE('',#8931,#1941);
#1486=LINE('',#8937,#1942);
#1487=LINE('',#8941,#1943);
#1488=LINE('',#8942,#1944);
#1489=LINE('',#8944,#1945);
#1490=LINE('',#8945,#1946);
#1491=LINE('',#8949,#1947);
#1492=LINE('',#8950,#1948);
#1493=LINE('',#8951,#1949);
#1494=LINE('',#8954,#1950);
#1495=LINE('',#8955,#1951);
#1496=LINE('',#8958,#1952);
#1497=LINE('',#8959,#1953);
#1498=LINE('',#8962,#1954);
#1499=LINE('',#8963,#1955);
#1500=LINE('',#8966,#1956);
#1501=LINE('',#8967,#1957);
#1502=LINE('',#8972,#1958);
#1503=LINE('',#8973,#1959);
#1504=LINE('',#8976,#1960);
#1505=LINE('',#8977,#1961);
#1506=LINE('',#8981,#1962);
#1507=LINE('',#8983,#1963);
#1508=LINE('',#8987,#1964);
#1509=LINE('',#8990,#1965);
#1510=LINE('',#8991,#1966);
#1511=LINE('',#8995,#1967);
#1512=LINE('',#8997,#1968);
#1513=LINE('',#8998,#1969);
#1514=LINE('',#9005,#1970);
#1515=LINE('',#9007,#1971);
#1516=LINE('',#9009,#1972);
#1517=LINE('',#9010,#1973);
#1518=LINE('',#9013,#1974);
#1519=LINE('',#9015,#1975);
#1520=LINE('',#9016,#1976);
#1521=LINE('',#9019,#1977);
#1522=LINE('',#9021,#1978);
#1523=LINE('',#9022,#1979);
#1524=LINE('',#9024,#1980);
#1525=LINE('',#9025,#1981);
#1526=LINE('',#9028,#1982);
#1527=LINE('',#9029,#1983);
#1528=LINE('',#9032,#1984);
#1529=LINE('',#9033,#1985);
#1530=LINE('',#9036,#1986);
#1531=LINE('',#9037,#1987);
#1532=LINE('',#9039,#1988);
#1533=LINE('',#9042,#1989);
#1534=LINE('',#9044,#1990);
#1535=LINE('',#9046,#1991);
#1536=LINE('',#9048,#1992);
#1537=LINE('',#9052,#1993);
#1538=LINE('',#9053,#1994);
#1539=LINE('',#9054,#1995);
#1540=LINE('',#9057,#1996);
#1541=LINE('',#9058,#1997);
#1542=LINE('',#9061,#1998);
#1543=LINE('',#9062,#1999);
#1544=LINE('',#9064,#2000);
#1545=VECTOR('',#5282,1.);
#1546=VECTOR('',#5293,1.);
#1547=VECTOR('',#5304,1.);
#1548=VECTOR('',#5315,1.);
#1549=VECTOR('',#5326,1.);
#1550=VECTOR('',#5337,1.);
#1551=VECTOR('',#5348,1.);
#1552=VECTOR('',#5359,1.);
#1553=VECTOR('',#5368,11.7);
#1554=VECTOR('',#5369,0.01);
#1555=VECTOR('',#5370,11.7);
#1556=VECTOR('',#5371,0.01);
#1557=VECTOR('',#5374,0.16);
#1558=VECTOR('',#5375,0.16);
#1559=VECTOR('',#5376,0.01);
#1560=VECTOR('',#5379,11.7);
#1561=VECTOR('',#5380,11.7);
#1562=VECTOR('',#5381,0.01);
#1563=VECTOR('',#5384,0.159999999999996);
#1564=VECTOR('',#5385,0.159999999999996);
#1565=VECTOR('',#5390,0.538152593420254);
#1566=VECTOR('',#5391,0.01);
#1567=VECTOR('',#5392,0.538152593420254);
#1568=VECTOR('',#5393,0.01);
#1569=VECTOR('',#5396,0.537927371664394);
#1570=VECTOR('',#5397,0.537927371664394);
#1571=VECTOR('',#5398,0.01);
#1572=VECTOR('',#5401,0.271880063356611);
#1573=VECTOR('',#5402,0.271880063356611);
#1574=VECTOR('',#5405,1.13934792847273);
#1575=VECTOR('',#5406,0.118557535824357);
#1576=VECTOR('',#5407,0.317604782651753);
#1577=VECTOR('',#5408,0.337844406597232);
#1578=VECTOR('',#5409,0.317604782651752);
#1579=VECTOR('',#5410,0.12301458604332);
#1580=VECTOR('',#5411,1.13934792847273);
#1581=VECTOR('',#5412,0.14440842709433);
#1582=VECTOR('',#5415,1.13934792847273);
#1583=VECTOR('',#5416,0.01);
#1584=VECTOR('',#5417,0.01);
#1585=VECTOR('',#5420,0.118557535824357);
#1586=VECTOR('',#5421,0.01);
#1587=VECTOR('',#5424,0.317604782651754);
#1588=VECTOR('',#5425,0.01);
#1589=VECTOR('',#5428,0.337844406597232);
#1590=VECTOR('',#5429,0.01);
#1591=VECTOR('',#5432,0.317604782651753);
#1592=VECTOR('',#5433,0.01);
#1593=VECTOR('',#5436,0.12301458604332);
#1594=VECTOR('',#5437,0.01);
#1595=VECTOR('',#5440,1.13934792847273);
#1596=VECTOR('',#5441,0.01);
#1597=VECTOR('',#5444,0.14440842709433);
#1598=VECTOR('',#5445,0.01);
#1599=VECTOR('',#5446,0.01);
#1600=VECTOR('',#5447,0.01);
#1601=VECTOR('',#5450,0.0891410043792162);
#1602=VECTOR('',#5451,0.0891410043792162);
#1603=VECTOR('',#5452,0.01);
#1604=VECTOR('',#5455,0.846839541602558);
#1605=VECTOR('',#5456,0.846839541602558);
#1606=VECTOR('',#5457,0.01);
#1607=VECTOR('',#5460,0.0891410043792162);
#1608=VECTOR('',#5461,0.0891410043792162);
#1609=VECTOR('',#5462,0.01);
#1610=VECTOR('',#5463,0.01);
#1611=VECTOR('',#5466,0.200567259853237);
#1612=VECTOR('',#5467,1.09999999403954);
#1613=VECTOR('',#5468,0.202350079940822);
#1614=VECTOR('',#5469,0.01);
#1615=VECTOR('',#5470,0.01);
#1616=VECTOR('',#5471,0.01);
#1617=VECTOR('',#5472,0.01);
#1618=VECTOR('',#5475,0.200567259853237);
#1619=VECTOR('',#5476,0.01);
#1620=VECTOR('',#5479,1.09999999403954);
#1621=VECTOR('',#5480,0.01);
#1622=VECTOR('',#5483,0.202350079940822);
#1623=VECTOR('',#5484,0.01);
#1624=VECTOR('',#5487,0.50988654504912);
#1625=VECTOR('',#5488,0.130145866393656);
#1626=VECTOR('',#5489,0.393111829312346);
#1627=VECTOR('',#5490,0.969854127645879);
#1628=VECTOR('',#5491,0.116774715736774);
#1629=VECTOR('',#5492,1.09999999403953);
#1630=VECTOR('',#5495,0.50988654504912);
#1631=VECTOR('',#5496,0.01);
#1632=VECTOR('',#5497,0.01);
#1633=VECTOR('',#5500,0.130145866393656);
#1634=VECTOR('',#5501,0.01);
#1635=VECTOR('',#5504,0.393111829312346);
#1636=VECTOR('',#5505,0.01);
#1637=VECTOR('',#5508,0.969854127645879);
#1638=VECTOR('',#5509,0.01);
#1639=VECTOR('',#5512,0.116774715736774);
#1640=VECTOR('',#5513,0.01);
#1641=VECTOR('',#5516,1.09999999403953);
#1642=VECTOR('',#5519,0.00891410043792118);
#1643=VECTOR('',#5520,0.174716368583265);
#1644=VECTOR('',#5521,0.00802269039412939);
#1645=VECTOR('',#5522,0.183630469021185);
#1646=VECTOR('',#5523,0.01);
#1647=VECTOR('',#5524,0.01);
#1648=VECTOR('',#5525,0.01);
#1649=VECTOR('',#5526,0.01);
#1650=VECTOR('',#5527,0.01);
#1651=VECTOR('',#5528,0.01);
#1652=VECTOR('',#5529,0.01);
#1653=VECTOR('',#5530,0.01);
#1654=VECTOR('',#5531,0.01);
#1655=VECTOR('',#5534,0.00891410043792118);
#1656=VECTOR('',#5535,0.01);
#1657=VECTOR('',#5538,0.174716368583265);
#1658=VECTOR('',#5539,0.01);
#1659=VECTOR('',#5540,0.01);
#1660=VECTOR('',#5541,0.01);
#1661=VECTOR('',#5542,0.01);
#1662=VECTOR('',#5543,0.01);
#1663=VECTOR('',#5544,0.01);
#1664=VECTOR('',#5545,0.01);
#1665=VECTOR('',#5546,0.01);
#1666=VECTOR('',#5547,0.01);
#1667=VECTOR('',#5550,0.00802269039412939);
#1668=VECTOR('',#5551,0.01);
#1669=VECTOR('',#5554,0.183630469021188);
#1670=VECTOR('',#5557,0.174716368583263);
#1671=VECTOR('',#5558,0.00891410043792229);
#1672=VECTOR('',#5559,0.00980551048171519);
#1673=VECTOR('',#5560,0.176499188670849);
#1674=VECTOR('',#5561,0.01);
#1675=VECTOR('',#5562,0.01);
#1676=VECTOR('',#5563,0.01);
#1677=VECTOR('',#5564,0.01);
#1678=VECTOR('',#5567,0.174716368583263);
#1679=VECTOR('',#5568,0.01);
#1680=VECTOR('',#5571,0.00891410043792229);
#1681=VECTOR('',#5572,0.01);
#1682=VECTOR('',#5573,0.01);
#1683=VECTOR('',#5574,0.01);
#1684=VECTOR('',#5575,0.01);
#1685=VECTOR('',#5576,0.01);
#1686=VECTOR('',#5577,0.01);
#1687=VECTOR('',#5578,0.01);
#1688=VECTOR('',#5579,0.01);
#1689=VECTOR('',#5580,0.01);
#1690=VECTOR('',#5583,0.00980551048171519);
#1691=VECTOR('',#5584,0.01);
#1692=VECTOR('',#5587,0.176499188670849);
#1693=VECTOR('',#5588,0.01);
#1694=VECTOR('',#5589,0.01);
#1695=VECTOR('',#5590,0.01);
#1696=VECTOR('',#5591,0.01);
#1697=VECTOR('',#5592,0.01);
#1698=VECTOR('',#5595,0.131037276437449);
#1699=VECTOR('',#5596,1.09999999403954);
#1700=VECTOR('',#5597,0.109643435386437);
#1701=VECTOR('',#5598,0.87090761278495);
#1702=VECTOR('',#5599,0.939727579893584);
#1703=VECTOR('',#5600,0.166693678189136);
#1704=VECTOR('',#5601,1.09999999403954);
#1705=VECTOR('',#5602,0.109643435386437);
#1706=VECTOR('',#5603,0.948460286594865);
#1707=VECTOR('',#5604,1.02500217197806);
#1708=VECTOR('',#5607,0.131037276437449);
#1709=VECTOR('',#5608,0.01);
#1710=VECTOR('',#5609,0.01);
#1711=VECTOR('',#5612,1.09999999403954);
#1712=VECTOR('',#5613,0.01);
#1713=VECTOR('',#5616,0.109643435386437);
#1714=VECTOR('',#5617,0.01);
#1715=VECTOR('',#5620,0.87090761278495);
#1716=VECTOR('',#5621,0.01);
#1717=VECTOR('',#5624,0.939727579893583);
#1718=VECTOR('',#5625,0.01);
#1719=VECTOR('',#5628,0.166693678189136);
#1720=VECTOR('',#5629,0.01);
#1721=VECTOR('',#5632,1.09999999403954);
#1722=VECTOR('',#5633,0.01);
#1723=VECTOR('',#5636,0.109643435386437);
#1724=VECTOR('',#5637,0.01);
#1725=VECTOR('',#5640,0.948460286594865);
#1726=VECTOR('',#5641,0.01);
#1727=VECTOR('',#5644,1.02500217197806);
#1728=VECTOR('',#5647,0.48047001360398);
#1729=VECTOR('',#5648,0.319124795677597);
#1730=VECTOR('',#5649,0.128363046306073);
#1731=VECTOR('',#5650,0.202350079940823);
#1732=VECTOR('',#5651,0.2843598039697);
#1733=VECTOR('',#5652,0.00980551048171296);
#1734=VECTOR('',#5653,0.176499188670849);
#1735=VECTOR('',#5654,0.01);
#1736=VECTOR('',#5655,0.01);
#1737=VECTOR('',#5656,0.01);
#1738=VECTOR('',#5657,0.01);
#1739=VECTOR('',#5660,0.48047001360398);
#1740=VECTOR('',#5661,0.01);
#1741=VECTOR('',#5664,0.319124795677597);
#1742=VECTOR('',#5665,0.01);
#1743=VECTOR('',#5668,0.128363046306073);
#1744=VECTOR('',#5669,0.01);
#1745=VECTOR('',#5672,0.202350079940823);
#1746=VECTOR('',#5673,0.01);
#1747=VECTOR('',#5676,0.284359803969703);
#1748=VECTOR('',#5677,0.01);
#1749=VECTOR('',#5678,0.01);
#1750=VECTOR('',#5679,0.01);
#1751=VECTOR('',#5680,0.01);
#1752=VECTOR('',#5681,0.01);
#1753=VECTOR('',#5682,0.01);
#1754=VECTOR('',#5683,0.01);
#1755=VECTOR('',#5686,0.00980551048171296);
#1756=VECTOR('',#5687,0.01);
#1757=VECTOR('',#5690,0.176499188670849);
#1758=VECTOR('',#5691,0.01);
#1759=VECTOR('',#5692,0.01);
#1760=VECTOR('',#5693,0.01);
#1761=VECTOR('',#5694,0.01);
#1762=VECTOR('',#5695,0.01);
#1763=VECTOR('',#5696,0.01);
#1764=VECTOR('',#5697,0.01);
#1765=VECTOR('',#5698,0.01);
#1766=VECTOR('',#5701,0.0891410043792185);
#1767=VECTOR('',#5702,0.0891410043792185);
#1768=VECTOR('',#5703,0.01);
#1769=VECTOR('',#5706,0.84683954160256);
#1770=VECTOR('',#5707,0.84683954160256);
#1771=VECTOR('',#5708,0.01);
#1772=VECTOR('',#5711,0.0891410043792185);
#1773=VECTOR('',#5712,0.0891410043792185);
#1774=VECTOR('',#5713,0.01);
#1775=VECTOR('',#5714,0.01);
#1776=VECTOR('',#5717,0.200567259853239);
#1777=VECTOR('',#5718,1.09999999403954);
#1778=VECTOR('',#5719,0.202350079940823);
#1779=VECTOR('',#5720,0.01);
#1780=VECTOR('',#5721,0.01);
#1781=VECTOR('',#5722,0.01);
#1782=VECTOR('',#5723,0.01);
#1783=VECTOR('',#5726,0.200567259853239);
#1784=VECTOR('',#5727,0.01);
#1785=VECTOR('',#5730,1.09999999403954);
#1786=VECTOR('',#5731,0.01);
#1787=VECTOR('',#5734,0.202350079940823);
#1788=VECTOR('',#5735,0.01);
#1789=VECTOR('',#5738,1.14075307457815);
#1790=VECTOR('',#5739,0.11944894586815);
#1791=VECTOR('',#5740,0.945547841027965);
#1792=VECTOR('',#5741,0.945547841027963);
#1793=VECTOR('',#5742,0.124797406130903);
#1794=VECTOR('',#5743,1.14075307457815);
#1795=VECTOR('',#5744,0.126580226218487);
#1796=VECTOR('',#5747,1.14075307457815);
#1797=VECTOR('',#5748,0.01);
#1798=VECTOR('',#5749,0.01);
#1799=VECTOR('',#5752,0.11944894586815);
#1800=VECTOR('',#5753,0.01);
#1801=VECTOR('',#5756,0.945547841027964);
#1802=VECTOR('',#5757,0.01);
#1803=VECTOR('',#5760,0.945547841027963);
#1804=VECTOR('',#5761,0.01);
#1805=VECTOR('',#5764,0.124797406130903);
#1806=VECTOR('',#5765,0.01);
#1807=VECTOR('',#5768,1.14075307457815);
#1808=VECTOR('',#5769,0.01);
#1809=VECTOR('',#5772,0.126580226218487);
#1810=VECTOR('',#5775,0.174716368583265);
#1811=VECTOR('',#5776,0.00891410043792229);
#1812=VECTOR('',#5777,0.00980551048171519);
#1813=VECTOR('',#5778,0.176499188670851);
#1814=VECTOR('',#5779,0.01);
#1815=VECTOR('',#5780,0.01);
#1816=VECTOR('',#5781,0.01);
#1817=VECTOR('',#5782,0.01);
#1818=VECTOR('',#5785,0.174716368583265);
#1819=VECTOR('',#5786,0.01);
#1820=VECTOR('',#5789,0.00891410043792229);
#1821=VECTOR('',#5790,0.01);
#1822=VECTOR('',#5791,0.01);
#1823=VECTOR('',#5792,0.01);
#1824=VECTOR('',#5793,0.01);
#1825=VECTOR('',#5794,0.01);
#1826=VECTOR('',#5795,0.01);
#1827=VECTOR('',#5796,0.01);
#1828=VECTOR('',#5797,0.01);
#1829=VECTOR('',#5798,0.01);
#1830=VECTOR('',#5801,0.00980551048171519);
#1831=VECTOR('',#5802,0.01);
#1832=VECTOR('',#5805,0.176499188670851);
#1833=VECTOR('',#5806,0.01);
#1834=VECTOR('',#5807,0.01);
#1835=VECTOR('',#5808,0.01);
#1836=VECTOR('',#5809,0.01);
#1837=VECTOR('',#5810,0.01);
#1838=VECTOR('',#5813,0.174716368583265);
#1839=VECTOR('',#5814,0.00891410043792118);
#1840=VECTOR('',#5815,0.00980551048171296);
#1841=VECTOR('',#5816,0.176499188670849);
#1842=VECTOR('',#5817,0.01);
#1843=VECTOR('',#5818,0.01);
#1844=VECTOR('',#5819,0.01);
#1845=VECTOR('',#5820,0.01);
#1846=VECTOR('',#5823,0.174716368583265);
#1847=VECTOR('',#5824,0.01);
#1848=VECTOR('',#5827,0.00891410043792118);
#1849=VECTOR('',#5828,0.01);
#1850=VECTOR('',#5829,0.01);
#1851=VECTOR('',#5830,0.01);
#1852=VECTOR('',#5831,0.01);
#1853=VECTOR('',#5832,0.01);
#1854=VECTOR('',#5833,0.01);
#1855=VECTOR('',#5834,0.01);
#1856=VECTOR('',#5835,0.01);
#1857=VECTOR('',#5836,0.01);
#1858=VECTOR('',#5839,0.00980551048171296);
#1859=VECTOR('',#5840,0.01);
#1860=VECTOR('',#5843,0.176499188670849);
#1861=VECTOR('',#5844,0.01);
#1862=VECTOR('',#5845,0.01);
#1863=VECTOR('',#5846,0.01);
#1864=VECTOR('',#5847,0.01);
#1865=VECTOR('',#5848,0.01);
#1866=VECTOR('',#5851,0.00891410043792118);
#1867=VECTOR('',#5852,0.174716368583265);
#1868=VECTOR('',#5853,0.00802269039412939);
#1869=VECTOR('',#5854,0.183630469021188);
#1870=VECTOR('',#5855,0.01);
#1871=VECTOR('',#5856,0.01);
#1872=VECTOR('',#5857,0.01);
#1873=VECTOR('',#5858,0.01);
#1874=VECTOR('',#5859,0.01);
#1875=VECTOR('',#5860,0.01);
#1876=VECTOR('',#5861,0.01);
#1877=VECTOR('',#5862,0.01);
#1878=VECTOR('',#5863,0.01);
#1879=VECTOR('',#5866,0.00891410043792118);
#1880=VECTOR('',#5867,0.01);
#1881=VECTOR('',#5870,0.174716368583265);
#1882=VECTOR('',#5871,0.01);
#1883=VECTOR('',#5872,0.01);
#1884=VECTOR('',#5873,0.01);
#1885=VECTOR('',#5874,0.01);
#1886=VECTOR('',#5875,0.01);
#1887=VECTOR('',#5876,0.01);
#1888=VECTOR('',#5877,0.01);
#1889=VECTOR('',#5878,0.01);
#1890=VECTOR('',#5879,0.01);
#1891=VECTOR('',#5882,0.00802269039412939);
#1892=VECTOR('',#5883,0.01);
#1893=VECTOR('',#5886,0.18363046902119);
#1894=VECTOR('',#5889,38.3);
#1895=VECTOR('',#5890,12.1);
#1896=VECTOR('',#5891,38.3);
#1897=VECTOR('',#5892,12.1);
#1898=VECTOR('',#5893,11.6);
#1899=VECTOR('',#5894,27.1);
#1900=VECTOR('',#5895,11.6);
#1901=VECTOR('',#5896,27.1);
#1902=VECTOR('',#5905,0.0600000000000001);
#1903=VECTOR('',#5908,0.0600000000000001);
#1904=VECTOR('',#5911,2.5);
#1905=VECTOR('',#5912,2.95);
#1906=VECTOR('',#5913,0.0600000000000001);
#1907=VECTOR('',#5914,6.);
#1908=VECTOR('',#5915,0.150000000000003);
#1909=VECTOR('',#5916,0.649999999999999);
#1910=VECTOR('',#5917,0.150000000000002);
#1911=VECTOR('',#5918,6.5);
#1912=VECTOR('',#5919,4.95);
#1913=VECTOR('',#5920,0.649999999999999);
#1914=VECTOR('',#5923,2.75000000000001);
#1915=VECTOR('',#5926,8.45);
#1916=VECTOR('',#5929,3.25);
#1917=VECTOR('',#5930,6.);
#1918=VECTOR('',#5933,6.);
#1919=VECTOR('',#5934,2.47731071972407);
#1920=VECTOR('',#5937,5.);
#1921=VECTOR('',#5940,2.47731071972407);
#1922=VECTOR('',#5943,6.);
#1923=VECTOR('',#5950,2.47731071972407);
#1924=VECTOR('',#5951,0.0600000000000001);
#1925=VECTOR('',#5956,6.5);
#1926=VECTOR('',#5957,5.55730883124507);
#1927=VECTOR('',#5958,6.5);
#1928=VECTOR('',#5959,5.55730883124507);
#1929=VECTOR('',#5962,6.5);
#1930=VECTOR('',#5963,5.55730883124507);
#1931=VECTOR('',#5964,6.5);
#1932=VECTOR('',#5965,5.55730883124507);
#1933=VECTOR('',#5968,6.5);
#1934=VECTOR('',#5975,6.5);
#1935=VECTOR('',#5982,6.5);
#1936=VECTOR('',#5983,0.0900000000000004);
#1937=VECTOR('',#5984,0.0900000000000004);
#1938=VECTOR('',#5987,6.5);
#1939=VECTOR('',#5988,0.0900000000000004);
#1940=VECTOR('',#5989,0.0900000000000004);
#1941=VECTOR('',#5992,6.5);
#1942=VECTOR('',#5999,6.5);
#1943=VECTOR('',#6006,2.75);
#1944=VECTOR('',#6007,2.75);
#1945=VECTOR('',#6010,0.0599999999999989);
#1946=VECTOR('',#6011,0.0599999999999989);
#1947=VECTOR('',#6014,6.5);
#1948=VECTOR('',#6015,5.65);
#1949=VECTOR('',#6016,5.65);
#1950=VECTOR('',#6019,0.0599999999999984);
#1951=VECTOR('',#6020,2.9);
#1952=VECTOR('',#6023,0.0600000000000001);
#1953=VECTOR('',#6024,2.9);
#1954=VECTOR('',#6027,4.95);
#1955=VECTOR('',#6028,2.9);
#1956=VECTOR('',#6031,2.9);
#1957=VECTOR('',#6032,0.150000000000002);
#1958=VECTOR('',#6037,0.0600000000000001);
#1959=VECTOR('',#6038,0.0600000000000001);
#1960=VECTOR('',#6041,8.45);
#1961=VECTOR('',#6042,0.0600000000000001);
#1962=VECTOR('',#6047,0.0600000000000001);
#1963=VECTOR('',#6050,2.75000000000001);
#1964=VECTOR('',#6055,0.0600000000000001);
#1965=VECTOR('',#6058,5.);
#1966=VECTOR('',#6059,0.0600000000000001);
#1967=VECTOR('',#6064,0.0600000000000001);
#1968=VECTOR('',#6067,2.47731071972407);
#1969=VECTOR('',#6068,3.25);
#1970=VECTOR('',#6077,11.3);
#1971=VECTOR('',#6078,0.0600000000000001);
#1972=VECTOR('',#6079,11.3);
#1973=VECTOR('',#6080,0.0600000000000001);
#1974=VECTOR('',#6083,25.8);
#1975=VECTOR('',#6084,25.8);
#1976=VECTOR('',#6085,0.0600000000000001);
#1977=VECTOR('',#6088,11.3);
#1978=VECTOR('',#6089,11.3);
#1979=VECTOR('',#6090,0.0600000000000001);
#1980=VECTOR('',#6093,25.8);
#1981=VECTOR('',#6094,25.8);
#1982=VECTOR('',#6099,0.65);
#1983=VECTOR('',#6100,0.65);
#1984=VECTOR('',#6103,1.3);
#1985=VECTOR('',#6104,30.);
#1986=VECTOR('',#6107,30.);
#1987=VECTOR('',#6108,1.3);
#1988=VECTOR('',#6111,11.6);
#1989=VECTOR('',#6116,0.5);
#1990=VECTOR('',#6119,0.5);
#1991=VECTOR('',#6122,0.5);
#1992=VECTOR('',#6125,0.5);
#1993=VECTOR('',#6128,12.1);
#1994=VECTOR('',#6129,1.15);
#1995=VECTOR('',#6130,1.15);
#1996=VECTOR('',#6133,38.3);
#1997=VECTOR('',#6134,1.15);
#1998=VECTOR('',#6137,12.1);
#1999=VECTOR('',#6138,1.15);
#2000=VECTOR('',#6141,38.3);
#2001=CIRCLE('',#5071,1.);
#2002=CIRCLE('',#5072,1.);
#2003=CIRCLE('',#5074,0.5);
#2004=CIRCLE('',#5076,1.);
#2005=CIRCLE('',#5077,1.);
#2006=CIRCLE('',#5079,0.5);
#2007=CIRCLE('',#5081,1.);
#2008=CIRCLE('',#5082,1.);
#2009=CIRCLE('',#5084,0.5);
#2010=CIRCLE('',#5086,1.);
#2011=CIRCLE('',#5087,1.);
#2012=CIRCLE('',#5089,0.5);
#2013=CIRCLE('',#5091,1.);
#2014=CIRCLE('',#5092,1.);
#2015=CIRCLE('',#5094,0.5);
#2016=CIRCLE('',#5096,1.);
#2017=CIRCLE('',#5097,1.);
#2018=CIRCLE('',#5099,0.5);
#2019=CIRCLE('',#5101,1.);
#2020=CIRCLE('',#5102,1.);
#2021=CIRCLE('',#5104,0.5);
#2022=CIRCLE('',#5106,1.);
#2023=CIRCLE('',#5107,1.);
#2024=CIRCLE('',#5109,0.5);
#2025=CIRCLE('',#5204,0.5);
#2026=CIRCLE('',#5205,0.5);
#2027=CIRCLE('',#5208,0.500000000000004);
#2028=CIRCLE('',#5209,0.500000000000004);
#2029=CIRCLE('',#5211,0.500000000000002);
#2030=CIRCLE('',#5212,0.500000000000003);
#2031=CIRCLE('',#5214,0.0999999999999998);
#2032=CIRCLE('',#5215,0.1);
#2033=CIRCLE('',#5217,0.0400000000000002);
#2034=CIRCLE('',#5221,0.250000000000001);
#2035=CIRCLE('',#5222,0.249999999999997);
#2036=CIRCLE('',#5224,0.190000000000001);
#2037=CIRCLE('',#5225,0.190000000000001);
#2038=CIRCLE('',#5229,0.249999999999999);
#2039=CIRCLE('',#5230,0.249999999999999);
#2040=CIRCLE('',#5232,0.190000000000002);
#2041=CIRCLE('',#5233,0.190000000000002);
#2042=CIRCLE('',#5242,0.500000000000004);
#2043=CIRCLE('',#5245,0.500000000000004);
#2044=CIRCLE('',#5248,0.500000000000002);
#2045=CIRCLE('',#5251,0.500000000000003);
#2046=CIRCLE('',#5253,0.04);
#2047=VERTEX_POINT('',#6148);
#2048=VERTEX_POINT('',#6150);
#2049=VERTEX_POINT('',#6154);
#2050=VERTEX_POINT('',#6157);
#2051=VERTEX_POINT('',#6159);
#2052=VERTEX_POINT('',#6163);
#2053=VERTEX_POINT('',#6166);
#2054=VERTEX_POINT('',#6168);
#2055=VERTEX_POINT('',#6172);
#2056=VERTEX_POINT('',#6175);
#2057=VERTEX_POINT('',#6177);
#2058=VERTEX_POINT('',#6181);
#2059=VERTEX_POINT('',#6184);
#2060=VERTEX_POINT('',#6186);
#2061=VERTEX_POINT('',#6190);
#2062=VERTEX_POINT('',#6193);
#2063=VERTEX_POINT('',#6195);
#2064=VERTEX_POINT('',#6199);
#2065=VERTEX_POINT('',#6202);
#2066=VERTEX_POINT('',#6204);
#2067=VERTEX_POINT('',#6208);
#2068=VERTEX_POINT('',#6211);
#2069=VERTEX_POINT('',#6213);
#2070=VERTEX_POINT('',#6217);
#2071=VERTEX_POINT('',#6220);
#2072=VERTEX_POINT('',#6221);
#2073=VERTEX_POINT('',#6223);
#2074=VERTEX_POINT('',#6225);
#2075=VERTEX_POINT('',#6229);
#2076=VERTEX_POINT('',#6231);
#2077=VERTEX_POINT('',#6235);
#2078=VERTEX_POINT('',#6237);
#2079=VERTEX_POINT('',#6245);
#2080=VERTEX_POINT('',#6246);
#2081=VERTEX_POINT('',#6248);
#2082=VERTEX_POINT('',#6250);
#2083=VERTEX_POINT('',#6254);
#2084=VERTEX_POINT('',#6256);
#2085=VERTEX_POINT('',#6263);
#2086=VERTEX_POINT('',#6264);
#2087=VERTEX_POINT('',#6266);
#2088=VERTEX_POINT('',#6268);
#2089=VERTEX_POINT('',#6270);
#2090=VERTEX_POINT('',#6272);
#2091=VERTEX_POINT('',#6274);
#2092=VERTEX_POINT('',#6276);
#2093=VERTEX_POINT('',#6280);
#2094=VERTEX_POINT('',#6281);
#2095=VERTEX_POINT('',#6286);
#2096=VERTEX_POINT('',#6290);
#2097=VERTEX_POINT('',#6294);
#2098=VERTEX_POINT('',#6298);
#2099=VERTEX_POINT('',#6302);
#2100=VERTEX_POINT('',#6306);
#2101=VERTEX_POINT('',#6319);
#2102=VERTEX_POINT('',#6320);
#2103=VERTEX_POINT('',#6325);
#2104=VERTEX_POINT('',#6327);
#2105=VERTEX_POINT('',#6341);
#2106=VERTEX_POINT('',#6346);
#2107=VERTEX_POINT('',#6353);
#2108=VERTEX_POINT('',#6355);
#2109=VERTEX_POINT('',#6359);
#2110=VERTEX_POINT('',#6361);
#2111=VERTEX_POINT('',#6365);
#2112=VERTEX_POINT('',#6367);
#2113=VERTEX_POINT('',#6378);
#2114=VERTEX_POINT('',#6383);
#2115=VERTEX_POINT('',#6406);
#2116=VERTEX_POINT('',#6407);
#2117=VERTEX_POINT('',#6412);
#2118=VERTEX_POINT('',#6417);
#2119=VERTEX_POINT('',#6422);
#2120=VERTEX_POINT('',#6424);
#2121=VERTEX_POINT('',#6426);
#2122=VERTEX_POINT('',#6440);
#2123=VERTEX_POINT('',#6441);
#2124=VERTEX_POINT('',#6456);
#2125=VERTEX_POINT('',#6470);
#2126=VERTEX_POINT('',#6477);
#2127=VERTEX_POINT('',#6481);
#2128=VERTEX_POINT('',#6485);
#2129=VERTEX_POINT('',#6501);
#2130=VERTEX_POINT('',#6502);
#2131=VERTEX_POINT('',#6504);
#2132=VERTEX_POINT('',#6506);
#2133=VERTEX_POINT('',#6508);
#2134=VERTEX_POINT('',#6510);
#2135=VERTEX_POINT('',#6514);
#2136=VERTEX_POINT('',#6515);
#2137=VERTEX_POINT('',#6520);
#2138=VERTEX_POINT('',#6524);
#2139=VERTEX_POINT('',#6528);
#2140=VERTEX_POINT('',#6532);
#2141=VERTEX_POINT('',#6538);
#2142=VERTEX_POINT('',#6539);
#2143=VERTEX_POINT('',#6544);
#2144=VERTEX_POINT('',#6549);
#2145=VERTEX_POINT('',#6554);
#2146=VERTEX_POINT('',#6559);
#2147=VERTEX_POINT('',#6564);
#2148=VERTEX_POINT('',#6569);
#2149=VERTEX_POINT('',#6574);
#2150=VERTEX_POINT('',#6579);
#2151=VERTEX_POINT('',#6581);
#2152=VERTEX_POINT('',#6583);
#2153=VERTEX_POINT('',#6588);
#2154=VERTEX_POINT('',#6593);
#2155=VERTEX_POINT('',#6598);
#2156=VERTEX_POINT('',#6603);
#2157=VERTEX_POINT('',#6608);
#2158=VERTEX_POINT('',#6613);
#2159=VERTEX_POINT('',#6618);
#2160=VERTEX_POINT('',#6623);
#2161=VERTEX_POINT('',#6634);
#2162=VERTEX_POINT('',#6635);
#2163=VERTEX_POINT('',#6650);
#2164=VERTEX_POINT('',#6664);
#2165=VERTEX_POINT('',#6678);
#2166=VERTEX_POINT('',#6692);
#2167=VERTEX_POINT('',#6706);
#2168=VERTEX_POINT('',#6720);
#2169=VERTEX_POINT('',#6734);
#2170=VERTEX_POINT('',#6741);
#2171=VERTEX_POINT('',#6745);
#2172=VERTEX_POINT('',#6756);
#2173=VERTEX_POINT('',#6770);
#2174=VERTEX_POINT('',#6784);
#2175=VERTEX_POINT('',#6798);
#2176=VERTEX_POINT('',#6812);
#2177=VERTEX_POINT('',#6826);
#2178=VERTEX_POINT('',#6840);
#2179=VERTEX_POINT('',#6854);
#2180=VERTEX_POINT('',#6861);
#2181=VERTEX_POINT('',#6867);
#2182=VERTEX_POINT('',#6868);
#2183=VERTEX_POINT('',#6873);
#2184=VERTEX_POINT('',#6878);
#2185=VERTEX_POINT('',#6883);
#2186=VERTEX_POINT('',#6885);
#2187=VERTEX_POINT('',#6887);
#2188=VERTEX_POINT('',#6892);
#2189=VERTEX_POINT('',#6897);
#2190=VERTEX_POINT('',#6902);
#2191=VERTEX_POINT('',#6907);
#2192=VERTEX_POINT('',#6912);
#2193=VERTEX_POINT('',#6917);
#2194=VERTEX_POINT('',#6922);
#2195=VERTEX_POINT('',#6927);
#2196=VERTEX_POINT('',#6929);
#2197=VERTEX_POINT('',#6931);
#2198=VERTEX_POINT('',#6939);
#2199=VERTEX_POINT('',#6944);
#2200=VERTEX_POINT('',#6949);
#2201=VERTEX_POINT('',#6966);
#2202=VERTEX_POINT('',#6967);
#2203=VERTEX_POINT('',#6982);
#2204=VERTEX_POINT('',#6996);
#2205=VERTEX_POINT('',#7003);
#2206=VERTEX_POINT('',#7007);
#2207=VERTEX_POINT('',#7018);
#2208=VERTEX_POINT('',#7032);
#2209=VERTEX_POINT('',#7046);
#2210=VERTEX_POINT('',#7060);
#2211=VERTEX_POINT('',#7074);
#2212=VERTEX_POINT('',#7088);
#2213=VERTEX_POINT('',#7102);
#2214=VERTEX_POINT('',#7116);
#2215=VERTEX_POINT('',#7123);
#2216=VERTEX_POINT('',#7127);
#2217=VERTEX_POINT('',#7138);
#2218=VERTEX_POINT('',#7155);
#2219=VERTEX_POINT('',#7169);
#2220=VERTEX_POINT('',#7183);
#2221=VERTEX_POINT('',#7202);
#2222=VERTEX_POINT('',#7203);
#2223=VERTEX_POINT('',#7205);
#2224=VERTEX_POINT('',#7207);
#2225=VERTEX_POINT('',#7209);
#2226=VERTEX_POINT('',#7211);
#2227=VERTEX_POINT('',#7213);
#2228=VERTEX_POINT('',#7215);
#2229=VERTEX_POINT('',#7217);
#2230=VERTEX_POINT('',#7219);
#2231=VERTEX_POINT('',#7223);
#2232=VERTEX_POINT('',#7224);
#2233=VERTEX_POINT('',#7229);
#2234=VERTEX_POINT('',#7233);
#2235=VERTEX_POINT('',#7237);
#2236=VERTEX_POINT('',#7241);
#2237=VERTEX_POINT('',#7245);
#2238=VERTEX_POINT('',#7249);
#2239=VERTEX_POINT('',#7253);
#2240=VERTEX_POINT('',#7257);
#2241=VERTEX_POINT('',#7263);
#2242=VERTEX_POINT('',#7264);
#2243=VERTEX_POINT('',#7269);
#2244=VERTEX_POINT('',#7274);
#2245=VERTEX_POINT('',#7279);
#2246=VERTEX_POINT('',#7281);
#2247=VERTEX_POINT('',#7283);
#2248=VERTEX_POINT('',#7285);
#2249=VERTEX_POINT('',#7287);
#2250=VERTEX_POINT('',#7289);
#2251=VERTEX_POINT('',#7294);
#2252=VERTEX_POINT('',#7299);
#2253=VERTEX_POINT('',#7304);
#2254=VERTEX_POINT('',#7309);
#2255=VERTEX_POINT('',#7314);
#2256=VERTEX_POINT('',#7319);
#2257=VERTEX_POINT('',#7321);
#2258=VERTEX_POINT('',#7323);
#2259=VERTEX_POINT('',#7328);
#2260=VERTEX_POINT('',#7333);
#2261=VERTEX_POINT('',#7338);
#2262=VERTEX_POINT('',#7355);
#2263=VERTEX_POINT('',#7356);
#2264=VERTEX_POINT('',#7371);
#2265=VERTEX_POINT('',#7385);
#2266=VERTEX_POINT('',#7392);
#2267=VERTEX_POINT('',#7396);
#2268=VERTEX_POINT('',#7400);
#2269=VERTEX_POINT('',#7404);
#2270=VERTEX_POINT('',#7408);
#2271=VERTEX_POINT('',#7419);
#2272=VERTEX_POINT('',#7433);
#2273=VERTEX_POINT('',#7447);
#2274=VERTEX_POINT('',#7461);
#2275=VERTEX_POINT('',#7475);
#2276=VERTEX_POINT('',#7489);
#2277=VERTEX_POINT('',#7496);
#2278=VERTEX_POINT('',#7500);
#2279=VERTEX_POINT('',#7511);
#2280=VERTEX_POINT('',#7525);
#2281=VERTEX_POINT('',#7539);
#2282=VERTEX_POINT('',#7553);
#2283=VERTEX_POINT('',#7579);
#2284=VERTEX_POINT('',#7580);
#2285=VERTEX_POINT('',#7585);
#2286=VERTEX_POINT('',#7587);
#2287=VERTEX_POINT('',#7601);
#2288=VERTEX_POINT('',#7606);
#2289=VERTEX_POINT('',#7613);
#2290=VERTEX_POINT('',#7615);
#2291=VERTEX_POINT('',#7619);
#2292=VERTEX_POINT('',#7621);
#2293=VERTEX_POINT('',#7625);
#2294=VERTEX_POINT('',#7627);
#2295=VERTEX_POINT('',#7638);
#2296=VERTEX_POINT('',#7643);
#2297=VERTEX_POINT('',#7666);
#2298=VERTEX_POINT('',#7667);
#2299=VERTEX_POINT('',#7672);
#2300=VERTEX_POINT('',#7677);
#2301=VERTEX_POINT('',#7682);
#2302=VERTEX_POINT('',#7684);
#2303=VERTEX_POINT('',#7686);
#2304=VERTEX_POINT('',#7700);
#2305=VERTEX_POINT('',#7701);
#2306=VERTEX_POINT('',#7716);
#2307=VERTEX_POINT('',#7730);
#2308=VERTEX_POINT('',#7737);
#2309=VERTEX_POINT('',#7741);
#2310=VERTEX_POINT('',#7745);
#2311=VERTEX_POINT('',#7761);
#2312=VERTEX_POINT('',#7762);
#2313=VERTEX_POINT('',#7764);
#2314=VERTEX_POINT('',#7766);
#2315=VERTEX_POINT('',#7768);
#2316=VERTEX_POINT('',#7770);
#2317=VERTEX_POINT('',#7772);
#2318=VERTEX_POINT('',#7776);
#2319=VERTEX_POINT('',#7777);
#2320=VERTEX_POINT('',#7782);
#2321=VERTEX_POINT('',#7786);
#2322=VERTEX_POINT('',#7790);
#2323=VERTEX_POINT('',#7794);
#2324=VERTEX_POINT('',#7798);
#2325=VERTEX_POINT('',#7804);
#2326=VERTEX_POINT('',#7805);
#2327=VERTEX_POINT('',#7810);
#2328=VERTEX_POINT('',#7815);
#2329=VERTEX_POINT('',#7820);
#2330=VERTEX_POINT('',#7822);
#2331=VERTEX_POINT('',#7824);
#2332=VERTEX_POINT('',#7829);
#2333=VERTEX_POINT('',#7834);
#2334=VERTEX_POINT('',#7839);
#2335=VERTEX_POINT('',#7844);
#2336=VERTEX_POINT('',#7849);
#2337=VERTEX_POINT('',#7854);
#2338=VERTEX_POINT('',#7859);
#2339=VERTEX_POINT('',#7864);
#2340=VERTEX_POINT('',#7866);
#2341=VERTEX_POINT('',#7868);
#2342=VERTEX_POINT('',#7876);
#2343=VERTEX_POINT('',#7881);
#2344=VERTEX_POINT('',#7886);
#2345=VERTEX_POINT('',#7903);
#2346=VERTEX_POINT('',#7904);
#2347=VERTEX_POINT('',#7919);
#2348=VERTEX_POINT('',#7933);
#2349=VERTEX_POINT('',#7940);
#2350=VERTEX_POINT('',#7944);
#2351=VERTEX_POINT('',#7955);
#2352=VERTEX_POINT('',#7969);
#2353=VERTEX_POINT('',#7983);
#2354=VERTEX_POINT('',#7997);
#2355=VERTEX_POINT('',#8011);
#2356=VERTEX_POINT('',#8025);
#2357=VERTEX_POINT('',#8039);
#2358=VERTEX_POINT('',#8053);
#2359=VERTEX_POINT('',#8060);
#2360=VERTEX_POINT('',#8064);
#2361=VERTEX_POINT('',#8075);
#2362=VERTEX_POINT('',#8092);
#2363=VERTEX_POINT('',#8106);
#2364=VERTEX_POINT('',#8120);
#2365=VERTEX_POINT('',#8139);
#2366=VERTEX_POINT('',#8140);
#2367=VERTEX_POINT('',#8145);
#2368=VERTEX_POINT('',#8150);
#2369=VERTEX_POINT('',#8155);
#2370=VERTEX_POINT('',#8157);
#2371=VERTEX_POINT('',#8159);
#2372=VERTEX_POINT('',#8164);
#2373=VERTEX_POINT('',#8169);
#2374=VERTEX_POINT('',#8174);
#2375=VERTEX_POINT('',#8179);
#2376=VERTEX_POINT('',#8184);
#2377=VERTEX_POINT('',#8189);
#2378=VERTEX_POINT('',#8194);
#2379=VERTEX_POINT('',#8199);
#2380=VERTEX_POINT('',#8201);
#2381=VERTEX_POINT('',#8203);
#2382=VERTEX_POINT('',#8211);
#2383=VERTEX_POINT('',#8216);
#2384=VERTEX_POINT('',#8221);
#2385=VERTEX_POINT('',#8238);
#2386=VERTEX_POINT('',#8239);
#2387=VERTEX_POINT('',#8254);
#2388=VERTEX_POINT('',#8268);
#2389=VERTEX_POINT('',#8275);
#2390=VERTEX_POINT('',#8279);
#2391=VERTEX_POINT('',#8290);
#2392=VERTEX_POINT('',#8304);
#2393=VERTEX_POINT('',#8318);
#2394=VERTEX_POINT('',#8332);
#2395=VERTEX_POINT('',#8346);
#2396=VERTEX_POINT('',#8360);
#2397=VERTEX_POINT('',#8374);
#2398=VERTEX_POINT('',#8388);
#2399=VERTEX_POINT('',#8395);
#2400=VERTEX_POINT('',#8399);
#2401=VERTEX_POINT('',#8410);
#2402=VERTEX_POINT('',#8427);
#2403=VERTEX_POINT('',#8441);
#2404=VERTEX_POINT('',#8455);
#2405=VERTEX_POINT('',#8474);
#2406=VERTEX_POINT('',#8475);
#2407=VERTEX_POINT('',#8480);
#2408=VERTEX_POINT('',#8485);
#2409=VERTEX_POINT('',#8490);
#2410=VERTEX_POINT('',#8495);
#2411=VERTEX_POINT('',#8500);
#2412=VERTEX_POINT('',#8505);
#2413=VERTEX_POINT('',#8510);
#2414=VERTEX_POINT('',#8515);
#2415=VERTEX_POINT('',#8517);
#2416=VERTEX_POINT('',#8519);
#2417=VERTEX_POINT('',#8524);
#2418=VERTEX_POINT('',#8529);
#2419=VERTEX_POINT('',#8534);
#2420=VERTEX_POINT('',#8539);
#2421=VERTEX_POINT('',#8544);
#2422=VERTEX_POINT('',#8549);
#2423=VERTEX_POINT('',#8554);
#2424=VERTEX_POINT('',#8559);
#2425=VERTEX_POINT('',#8570);
#2426=VERTEX_POINT('',#8571);
#2427=VERTEX_POINT('',#8586);
#2428=VERTEX_POINT('',#8600);
#2429=VERTEX_POINT('',#8614);
#2430=VERTEX_POINT('',#8628);
#2431=VERTEX_POINT('',#8642);
#2432=VERTEX_POINT('',#8656);
#2433=VERTEX_POINT('',#8670);
#2434=VERTEX_POINT('',#8677);
#2435=VERTEX_POINT('',#8681);
#2436=VERTEX_POINT('',#8692);
#2437=VERTEX_POINT('',#8706);
#2438=VERTEX_POINT('',#8720);
#2439=VERTEX_POINT('',#8734);
#2440=VERTEX_POINT('',#8748);
#2441=VERTEX_POINT('',#8762);
#2442=VERTEX_POINT('',#8776);
#2443=VERTEX_POINT('',#8790);
#2444=VERTEX_POINT('',#8797);
#2445=VERTEX_POINT('',#8803);
#2446=VERTEX_POINT('',#8804);
#2447=VERTEX_POINT('',#8806);
#2448=VERTEX_POINT('',#8808);
#2449=VERTEX_POINT('',#8811);
#2450=VERTEX_POINT('',#8812);
#2451=VERTEX_POINT('',#8814);
#2452=VERTEX_POINT('',#8816);
#2453=VERTEX_POINT('',#8822);
#2454=VERTEX_POINT('',#8823);
#2455=VERTEX_POINT('',#8825);
#2456=VERTEX_POINT('',#8827);
#2457=VERTEX_POINT('',#8831);
#2458=VERTEX_POINT('',#8833);
#2459=VERTEX_POINT('',#8835);
#2460=VERTEX_POINT('',#8837);
#2461=VERTEX_POINT('',#8839);
#2462=VERTEX_POINT('',#8841);
#2463=VERTEX_POINT('',#8843);
#2464=VERTEX_POINT('',#8845);
#2465=VERTEX_POINT('',#8847);
#2466=VERTEX_POINT('',#8851);
#2467=VERTEX_POINT('',#8853);
#2468=VERTEX_POINT('',#8855);
#2469=VERTEX_POINT('',#8857);
#2470=VERTEX_POINT('',#8859);
#2471=VERTEX_POINT('',#8863);
#2472=VERTEX_POINT('',#8864);
#2473=VERTEX_POINT('',#8866);
#2474=VERTEX_POINT('',#8868);
#2475=VERTEX_POINT('',#8870);
#2476=VERTEX_POINT('',#8872);
#2477=VERTEX_POINT('',#8876);
#2478=VERTEX_POINT('',#8877);
#2479=VERTEX_POINT('',#8882);
#2480=VERTEX_POINT('',#8887);
#2481=VERTEX_POINT('',#8888);
#2482=VERTEX_POINT('',#8890);
#2483=VERTEX_POINT('',#8892);
#2484=VERTEX_POINT('',#8896);
#2485=VERTEX_POINT('',#8897);
#2486=VERTEX_POINT('',#8899);
#2487=VERTEX_POINT('',#8901);
#2488=VERTEX_POINT('',#8905);
#2489=VERTEX_POINT('',#8906);
#2490=VERTEX_POINT('',#8911);
#2491=VERTEX_POINT('',#8912);
#2492=VERTEX_POINT('',#8917);
#2493=VERTEX_POINT('',#8918);
#2494=VERTEX_POINT('',#8923);
#2495=VERTEX_POINT('',#8924);
#2496=VERTEX_POINT('',#8929);
#2497=VERTEX_POINT('',#8930);
#2498=VERTEX_POINT('',#8935);
#2499=VERTEX_POINT('',#8936);
#2500=VERTEX_POINT('',#8947);
#2501=VERTEX_POINT('',#8948);
#2502=VERTEX_POINT('',#8953);
#2503=VERTEX_POINT('',#8957);
#2504=VERTEX_POINT('',#8961);
#2505=VERTEX_POINT('',#8965);
#2506=VERTEX_POINT('',#8969);
#2507=VERTEX_POINT('',#8970);
#2508=VERTEX_POINT('',#8975);
#2509=VERTEX_POINT('',#8979);
#2510=VERTEX_POINT('',#8985);
#2511=VERTEX_POINT('',#8989);
#2512=VERTEX_POINT('',#8993);
#2513=VERTEX_POINT('',#9003);
#2514=VERTEX_POINT('',#9004);
#2515=VERTEX_POINT('',#9006);
#2516=VERTEX_POINT('',#9008);
#2517=VERTEX_POINT('',#9012);
#2518=VERTEX_POINT('',#9014);
#2519=VERTEX_POINT('',#9018);
#2520=VERTEX_POINT('',#9020);
#2521=VERTEX_POINT('',#9031);
#2522=VERTEX_POINT('',#9035);
#2523=VERTEX_POINT('',#9050);
#2524=VERTEX_POINT('',#9051);
#2525=VERTEX_POINT('',#9056);
#2526=VERTEX_POINT('',#9060);
#2527=EDGE_CURVE('',#2047,#2047,#2001,.T.);
#2528=EDGE_CURVE('',#2047,#2048,#1089,.T.);
#2529=EDGE_CURVE('',#2048,#2048,#2002,.T.);
#2530=EDGE_CURVE('',#2049,#2049,#2003,.T.);
#2531=EDGE_CURVE('',#2050,#2050,#2004,.T.);
#2532=EDGE_CURVE('',#2050,#2051,#1090,.T.);
#2533=EDGE_CURVE('',#2051,#2051,#2005,.T.);
#2534=EDGE_CURVE('',#2052,#2052,#2006,.T.);
#2535=EDGE_CURVE('',#2053,#2053,#2007,.T.);
#2536=EDGE_CURVE('',#2053,#2054,#1091,.T.);
#2537=EDGE_CURVE('',#2054,#2054,#2008,.T.);
#2538=EDGE_CURVE('',#2055,#2055,#2009,.T.);
#2539=EDGE_CURVE('',#2056,#2056,#2010,.T.);
#2540=EDGE_CURVE('',#2056,#2057,#1092,.T.);
#2541=EDGE_CURVE('',#2057,#2057,#2011,.T.);
#2542=EDGE_CURVE('',#2058,#2058,#2012,.T.);
#2543=EDGE_CURVE('',#2059,#2059,#2013,.T.);
#2544=EDGE_CURVE('',#2059,#2060,#1093,.T.);
#2545=EDGE_CURVE('',#2060,#2060,#2014,.T.);
#2546=EDGE_CURVE('',#2061,#2061,#2015,.T.);
#2547=EDGE_CURVE('',#2062,#2062,#2016,.T.);
#2548=EDGE_CURVE('',#2062,#2063,#1094,.T.);
#2549=EDGE_CURVE('',#2063,#2063,#2017,.T.);
#2550=EDGE_CURVE('',#2064,#2064,#2018,.T.);
#2551=EDGE_CURVE('',#2065,#2065,#2019,.T.);
#2552=EDGE_CURVE('',#2065,#2066,#1095,.T.);
#2553=EDGE_CURVE('',#2066,#2066,#2020,.T.);
#2554=EDGE_CURVE('',#2067,#2067,#2021,.T.);
#2555=EDGE_CURVE('',#2068,#2068,#2022,.T.);
#2556=EDGE_CURVE('',#2068,#2069,#1096,.T.);
#2557=EDGE_CURVE('',#2069,#2069,#2023,.T.);
#2558=EDGE_CURVE('',#2070,#2070,#2024,.T.);
#2559=EDGE_CURVE('',#2071,#2072,#1097,.T.);
#2560=EDGE_CURVE('',#2071,#2073,#1098,.T.);
#2561=EDGE_CURVE('',#2074,#2073,#1099,.T.);
#2562=EDGE_CURVE('',#2072,#2074,#1100,.T.);
#2563=EDGE_CURVE('',#2072,#2075,#1101,.T.);
#2564=EDGE_CURVE('',#2076,#2074,#1102,.T.);
#2565=EDGE_CURVE('',#2075,#2076,#1103,.T.);
#2566=EDGE_CURVE('',#2075,#2077,#1104,.T.);
#2567=EDGE_CURVE('',#2078,#2076,#1105,.T.);
#2568=EDGE_CURVE('',#2077,#2078,#1106,.T.);
#2569=EDGE_CURVE('',#2077,#2071,#1107,.T.);
#2570=EDGE_CURVE('',#2073,#2078,#1108,.T.);
#2571=EDGE_CURVE('',#2079,#2080,#1109,.T.);
#2572=EDGE_CURVE('',#2079,#2081,#1110,.T.);
#2573=EDGE_CURVE('',#2082,#2081,#1111,.T.);
#2574=EDGE_CURVE('',#2080,#2082,#1112,.T.);
#2575=EDGE_CURVE('',#2080,#2083,#1113,.T.);
#2576=EDGE_CURVE('',#2084,#2082,#1114,.T.);
#2577=EDGE_CURVE('',#2083,#2084,#1115,.T.);
#2578=EDGE_CURVE('',#2083,#2079,#1116,.T.);
#2579=EDGE_CURVE('',#2081,#2084,#1117,.T.);
#2580=EDGE_CURVE('',#2085,#2086,#1118,.T.);
#2581=EDGE_CURVE('',#2087,#2085,#1119,.T.);
#2582=EDGE_CURVE('',#2088,#2087,#1120,.T.);
#2583=EDGE_CURVE('',#2089,#2088,#1121,.T.);
#2584=EDGE_CURVE('',#2090,#2089,#1122,.T.);
#2585=EDGE_CURVE('',#2091,#2090,#1123,.T.);
#2586=EDGE_CURVE('',#2092,#2091,#1124,.T.);
#2587=EDGE_CURVE('',#2086,#2092,#1125,.T.);
#2588=EDGE_CURVE('',#2093,#2094,#1126,.T.);
#2589=EDGE_CURVE('',#2093,#2085,#1127,.T.);
#2590=EDGE_CURVE('',#2094,#2086,#1128,.T.);
#2591=EDGE_CURVE('',#2095,#2093,#1129,.T.);
#2592=EDGE_CURVE('',#2095,#2087,#1130,.T.);
#2593=EDGE_CURVE('',#2096,#2095,#1131,.T.);
#2594=EDGE_CURVE('',#2096,#2088,#1132,.T.);
#2595=EDGE_CURVE('',#2097,#2096,#1133,.T.);
#2596=EDGE_CURVE('',#2097,#2089,#1134,.T.);
#2597=EDGE_CURVE('',#2098,#2097,#1135,.T.);
#2598=EDGE_CURVE('',#2098,#2090,#1136,.T.);
#2599=EDGE_CURVE('',#2099,#2098,#1137,.T.);
#2600=EDGE_CURVE('',#2099,#2091,#1138,.T.);
#2601=EDGE_CURVE('',#2100,#2099,#1139,.T.);
#2602=EDGE_CURVE('',#2100,#2092,#1140,.T.);
#2603=EDGE_CURVE('',#2094,#2100,#1141,.T.);
#2604=EDGE_CURVE('',#2101,#2102,#14,.T.);
#2605=EDGE_CURVE('',#2101,#2103,#1142,.T.);
#2606=EDGE_CURVE('',#2104,#2103,#15,.T.);
#2607=EDGE_CURVE('',#2102,#2104,#1143,.T.);
#2608=EDGE_CURVE('',#2102,#2105,#16,.T.);
#2609=EDGE_CURVE('',#2106,#2104,#17,.T.);
#2610=EDGE_CURVE('',#2105,#2106,#1144,.T.);
#2611=EDGE_CURVE('',#2105,#2107,#1145,.T.);
#2612=EDGE_CURVE('',#2108,#2106,#1146,.T.);
#2613=EDGE_CURVE('',#2107,#2108,#1147,.T.);
#2614=EDGE_CURVE('',#2107,#2109,#1148,.T.);
#2615=EDGE_CURVE('',#2110,#2108,#1149,.T.);
#2616=EDGE_CURVE('',#2109,#2110,#1150,.T.);
#2617=EDGE_CURVE('',#2109,#2111,#1151,.T.);
#2618=EDGE_CURVE('',#2112,#2110,#1152,.T.);
#2619=EDGE_CURVE('',#2111,#2112,#1153,.T.);
#2620=EDGE_CURVE('',#2111,#2113,#18,.T.);
#2621=EDGE_CURVE('',#2114,#2112,#19,.T.);
#2622=EDGE_CURVE('',#2113,#2114,#1154,.T.);
#2623=EDGE_CURVE('',#2113,#2101,#20,.T.);
#2624=EDGE_CURVE('',#2103,#2114,#21,.T.);
#2625=EDGE_CURVE('',#2115,#2116,#22,.T.);
#2626=EDGE_CURVE('',#2117,#2115,#23,.T.);
#2627=EDGE_CURVE('',#2118,#2117,#24,.T.);
#2628=EDGE_CURVE('',#2119,#2118,#1155,.T.);
#2629=EDGE_CURVE('',#2120,#2119,#1156,.T.);
#2630=EDGE_CURVE('',#2121,#2120,#1157,.T.);
#2631=EDGE_CURVE('',#2116,#2121,#25,.T.);
#2632=EDGE_CURVE('',#2122,#2123,#26,.T.);
#2633=EDGE_CURVE('',#2122,#2115,#1158,.T.);
#2634=EDGE_CURVE('',#2123,#2116,#1159,.T.);
#2635=EDGE_CURVE('',#2124,#2122,#27,.T.);
#2636=EDGE_CURVE('',#2124,#2117,#1160,.T.);
#2637=EDGE_CURVE('',#2125,#2124,#28,.T.);
#2638=EDGE_CURVE('',#2125,#2118,#1161,.T.);
#2639=EDGE_CURVE('',#2126,#2125,#1162,.T.);
#2640=EDGE_CURVE('',#2126,#2119,#1163,.T.);
#2641=EDGE_CURVE('',#2127,#2126,#1164,.T.);
#2642=EDGE_CURVE('',#2127,#2120,#1165,.T.);
#2643=EDGE_CURVE('',#2128,#2127,#1166,.T.);
#2644=EDGE_CURVE('',#2128,#2121,#1167,.T.);
#2645=EDGE_CURVE('',#2123,#2128,#29,.T.);
#2646=EDGE_CURVE('',#2129,#2130,#1168,.T.);
#2647=EDGE_CURVE('',#2131,#2129,#1169,.T.);
#2648=EDGE_CURVE('',#2132,#2131,#1170,.T.);
#2649=EDGE_CURVE('',#2133,#2132,#1171,.T.);
#2650=EDGE_CURVE('',#2134,#2133,#1172,.T.);
#2651=EDGE_CURVE('',#2130,#2134,#1173,.T.);
#2652=EDGE_CURVE('',#2135,#2136,#1174,.T.);
#2653=EDGE_CURVE('',#2135,#2129,#1175,.T.);
#2654=EDGE_CURVE('',#2136,#2130,#1176,.T.);
#2655=EDGE_CURVE('',#2137,#2135,#1177,.T.);
#2656=EDGE_CURVE('',#2137,#2131,#1178,.T.);
#2657=EDGE_CURVE('',#2138,#2137,#1179,.T.);
#2658=EDGE_CURVE('',#2138,#2132,#1180,.T.);
#2659=EDGE_CURVE('',#2139,#2138,#1181,.T.);
#2660=EDGE_CURVE('',#2139,#2133,#1182,.T.);
#2661=EDGE_CURVE('',#2140,#2139,#1183,.T.);
#2662=EDGE_CURVE('',#2140,#2134,#1184,.T.);
#2663=EDGE_CURVE('',#2136,#2140,#1185,.T.);
#2664=EDGE_CURVE('',#2141,#2142,#30,.T.);
#2665=EDGE_CURVE('',#2143,#2141,#31,.T.);
#2666=EDGE_CURVE('',#2144,#2143,#32,.T.);
#2667=EDGE_CURVE('',#2145,#2144,#33,.T.);
#2668=EDGE_CURVE('',#2146,#2145,#34,.T.);
#2669=EDGE_CURVE('',#2147,#2146,#35,.T.);
#2670=EDGE_CURVE('',#2148,#2147,#36,.T.);
#2671=EDGE_CURVE('',#2149,#2148,#37,.T.);
#2672=EDGE_CURVE('',#2150,#2149,#1186,.T.);
#2673=EDGE_CURVE('',#2151,#2150,#1187,.T.);
#2674=EDGE_CURVE('',#2152,#2151,#38,.T.);
#2675=EDGE_CURVE('',#2153,#2152,#39,.T.);
#2676=EDGE_CURVE('',#2154,#2153,#40,.T.);
#2677=EDGE_CURVE('',#2155,#2154,#41,.T.);
#2678=EDGE_CURVE('',#2156,#2155,#42,.T.);
#2679=EDGE_CURVE('',#2157,#2156,#43,.T.);
#2680=EDGE_CURVE('',#2158,#2157,#44,.T.);
#2681=EDGE_CURVE('',#2159,#2158,#45,.T.);
#2682=EDGE_CURVE('',#2160,#2159,#1188,.T.);
#2683=EDGE_CURVE('',#2142,#2160,#1189,.T.);
#2684=EDGE_CURVE('',#2161,#2162,#46,.T.);
#2685=EDGE_CURVE('',#2161,#2141,#1190,.T.);
#2686=EDGE_CURVE('',#2162,#2142,#1191,.T.);
#2687=EDGE_CURVE('',#2163,#2161,#47,.T.);
#2688=EDGE_CURVE('',#2163,#2143,#1192,.T.);
#2689=EDGE_CURVE('',#2164,#2163,#48,.T.);
#2690=EDGE_CURVE('',#2164,#2144,#1193,.T.);
#2691=EDGE_CURVE('',#2165,#2164,#49,.T.);
#2692=EDGE_CURVE('',#2165,#2145,#1194,.T.);
#2693=EDGE_CURVE('',#2166,#2165,#50,.T.);
#2694=EDGE_CURVE('',#2166,#2146,#1195,.T.);
#2695=EDGE_CURVE('',#2167,#2166,#51,.T.);
#2696=EDGE_CURVE('',#2167,#2147,#1196,.T.);
#2697=EDGE_CURVE('',#2168,#2167,#52,.T.);
#2698=EDGE_CURVE('',#2168,#2148,#1197,.T.);
#2699=EDGE_CURVE('',#2169,#2168,#53,.T.);
#2700=EDGE_CURVE('',#2169,#2149,#1198,.T.);
#2701=EDGE_CURVE('',#2170,#2169,#1199,.T.);
#2702=EDGE_CURVE('',#2170,#2150,#1200,.T.);
#2703=EDGE_CURVE('',#2171,#2170,#1201,.T.);
#2704=EDGE_CURVE('',#2171,#2151,#1202,.T.);
#2705=EDGE_CURVE('',#2172,#2171,#54,.T.);
#2706=EDGE_CURVE('',#2172,#2152,#1203,.T.);
#2707=EDGE_CURVE('',#2173,#2172,#55,.T.);
#2708=EDGE_CURVE('',#2173,#2153,#1204,.T.);
#2709=EDGE_CURVE('',#2174,#2173,#56,.T.);
#2710=EDGE_CURVE('',#2174,#2154,#1205,.T.);
#2711=EDGE_CURVE('',#2175,#2174,#57,.T.);
#2712=EDGE_CURVE('',#2175,#2155,#1206,.T.);
#2713=EDGE_CURVE('',#2176,#2175,#58,.T.);
#2714=EDGE_CURVE('',#2176,#2156,#1207,.T.);
#2715=EDGE_CURVE('',#2177,#2176,#59,.T.);
#2716=EDGE_CURVE('',#2177,#2157,#1208,.T.);
#2717=EDGE_CURVE('',#2178,#2177,#60,.T.);
#2718=EDGE_CURVE('',#2178,#2158,#1209,.T.);
#2719=EDGE_CURVE('',#2179,#2178,#61,.T.);
#2720=EDGE_CURVE('',#2179,#2159,#1210,.T.);
#2721=EDGE_CURVE('',#2180,#2179,#1211,.T.);
#2722=EDGE_CURVE('',#2180,#2160,#1212,.T.);
#2723=EDGE_CURVE('',#2162,#2180,#1213,.T.);
#2724=EDGE_CURVE('',#2181,#2182,#62,.T.);
#2725=EDGE_CURVE('',#2183,#2181,#63,.T.);
#2726=EDGE_CURVE('',#2184,#2183,#64,.T.);
#2727=EDGE_CURVE('',#2185,#2184,#1214,.T.);
#2728=EDGE_CURVE('',#2186,#2185,#1215,.T.);
#2729=EDGE_CURVE('',#2187,#2186,#65,.T.);
#2730=EDGE_CURVE('',#2188,#2187,#66,.T.);
#2731=EDGE_CURVE('',#2189,#2188,#67,.T.);
#2732=EDGE_CURVE('',#2190,#2189,#68,.T.);
#2733=EDGE_CURVE('',#2191,#2190,#69,.T.);
#2734=EDGE_CURVE('',#2192,#2191,#70,.T.);
#2735=EDGE_CURVE('',#2193,#2192,#71,.T.);
#2736=EDGE_CURVE('',#2194,#2193,#72,.T.);
#2737=EDGE_CURVE('',#2195,#2194,#1216,.T.);
#2738=EDGE_CURVE('',#2196,#2195,#1217,.T.);
#2739=EDGE_CURVE('',#2197,#2196,#73,.T.);
#2740=EDGE_CURVE('',#2198,#2197,#74,.T.);
#2741=EDGE_CURVE('',#2199,#2198,#75,.T.);
#2742=EDGE_CURVE('',#2200,#2199,#76,.T.);
#2743=EDGE_CURVE('',#2182,#2200,#77,.T.);
#2744=EDGE_CURVE('',#2201,#2202,#78,.T.);
#2745=EDGE_CURVE('',#2201,#2181,#1218,.T.);
#2746=EDGE_CURVE('',#2202,#2182,#1219,.T.);
#2747=EDGE_CURVE('',#2203,#2201,#79,.T.);
#2748=EDGE_CURVE('',#2203,#2183,#1220,.T.);
#2749=EDGE_CURVE('',#2204,#2203,#80,.T.);
#2750=EDGE_CURVE('',#2204,#2184,#1221,.T.);
#2751=EDGE_CURVE('',#2205,#2204,#1222,.T.);
#2752=EDGE_CURVE('',#2205,#2185,#1223,.T.);
#2753=EDGE_CURVE('',#2206,#2205,#1224,.T.);
#2754=EDGE_CURVE('',#2206,#2186,#1225,.T.);
#2755=EDGE_CURVE('',#2207,#2206,#81,.T.);
#2756=EDGE_CURVE('',#2207,#2187,#1226,.T.);
#2757=EDGE_CURVE('',#2208,#2207,#82,.T.);
#2758=EDGE_CURVE('',#2208,#2188,#1227,.T.);
#2759=EDGE_CURVE('',#2209,#2208,#83,.T.);
#2760=EDGE_CURVE('',#2209,#2189,#1228,.T.);
#2761=EDGE_CURVE('',#2210,#2209,#84,.T.);
#2762=EDGE_CURVE('',#2210,#2190,#1229,.T.);
#2763=EDGE_CURVE('',#2211,#2210,#85,.T.);
#2764=EDGE_CURVE('',#2211,#2191,#1230,.T.);
#2765=EDGE_CURVE('',#2212,#2211,#86,.T.);
#2766=EDGE_CURVE('',#2212,#2192,#1231,.T.);
#2767=EDGE_CURVE('',#2213,#2212,#87,.T.);
#2768=EDGE_CURVE('',#2213,#2193,#1232,.T.);
#2769=EDGE_CURVE('',#2214,#2213,#88,.T.);
#2770=EDGE_CURVE('',#2214,#2194,#1233,.T.);
#2771=EDGE_CURVE('',#2215,#2214,#1234,.T.);
#2772=EDGE_CURVE('',#2215,#2195,#1235,.T.);
#2773=EDGE_CURVE('',#2216,#2215,#1236,.T.);
#2774=EDGE_CURVE('',#2216,#2196,#1237,.T.);
#2775=EDGE_CURVE('',#2217,#2216,#89,.T.);
#2776=EDGE_CURVE('',#2217,#2197,#1238,.T.);
#2777=EDGE_CURVE('',#2218,#2217,#90,.T.);
#2778=EDGE_CURVE('',#2218,#2198,#1239,.T.);
#2779=EDGE_CURVE('',#2219,#2218,#91,.T.);
#2780=EDGE_CURVE('',#2219,#2199,#1240,.T.);
#2781=EDGE_CURVE('',#2220,#2219,#92,.T.);
#2782=EDGE_CURVE('',#2220,#2200,#1241,.T.);
#2783=EDGE_CURVE('',#2202,#2220,#93,.T.);
#2784=EDGE_CURVE('',#2221,#2222,#1242,.T.);
#2785=EDGE_CURVE('',#2223,#2221,#1243,.T.);
#2786=EDGE_CURVE('',#2224,#2223,#1244,.T.);
#2787=EDGE_CURVE('',#2225,#2224,#1245,.T.);
#2788=EDGE_CURVE('',#2226,#2225,#1246,.T.);
#2789=EDGE_CURVE('',#2227,#2226,#1247,.T.);
#2790=EDGE_CURVE('',#2228,#2227,#1248,.T.);
#2791=EDGE_CURVE('',#2229,#2228,#1249,.T.);
#2792=EDGE_CURVE('',#2230,#2229,#1250,.T.);
#2793=EDGE_CURVE('',#2222,#2230,#1251,.T.);
#2794=EDGE_CURVE('',#2231,#2232,#1252,.T.);
#2795=EDGE_CURVE('',#2231,#2221,#1253,.T.);
#2796=EDGE_CURVE('',#2232,#2222,#1254,.T.);
#2797=EDGE_CURVE('',#2233,#2231,#1255,.T.);
#2798=EDGE_CURVE('',#2233,#2223,#1256,.T.);
#2799=EDGE_CURVE('',#2234,#2233,#1257,.T.);
#2800=EDGE_CURVE('',#2234,#2224,#1258,.T.);
#2801=EDGE_CURVE('',#2235,#2234,#1259,.T.);
#2802=EDGE_CURVE('',#2235,#2225,#1260,.T.);
#2803=EDGE_CURVE('',#2236,#2235,#1261,.T.);
#2804=EDGE_CURVE('',#2236,#2226,#1262,.T.);
#2805=EDGE_CURVE('',#2237,#2236,#1263,.T.);
#2806=EDGE_CURVE('',#2237,#2227,#1264,.T.);
#2807=EDGE_CURVE('',#2238,#2237,#1265,.T.);
#2808=EDGE_CURVE('',#2238,#2228,#1266,.T.);
#2809=EDGE_CURVE('',#2239,#2238,#1267,.T.);
#2810=EDGE_CURVE('',#2239,#2229,#1268,.T.);
#2811=EDGE_CURVE('',#2240,#2239,#1269,.T.);
#2812=EDGE_CURVE('',#2240,#2230,#1270,.T.);
#2813=EDGE_CURVE('',#2232,#2240,#1271,.T.);
#2814=EDGE_CURVE('',#2241,#2242,#94,.T.);
#2815=EDGE_CURVE('',#2243,#2241,#95,.T.);
#2816=EDGE_CURVE('',#2244,#2243,#96,.T.);
#2817=EDGE_CURVE('',#2245,#2244,#1272,.T.);
#2818=EDGE_CURVE('',#2246,#2245,#1273,.T.);
#2819=EDGE_CURVE('',#2247,#2246,#1274,.T.);
#2820=EDGE_CURVE('',#2248,#2247,#1275,.T.);
#2821=EDGE_CURVE('',#2249,#2248,#1276,.T.);
#2822=EDGE_CURVE('',#2250,#2249,#97,.T.);
#2823=EDGE_CURVE('',#2251,#2250,#98,.T.);
#2824=EDGE_CURVE('',#2252,#2251,#99,.T.);
#2825=EDGE_CURVE('',#2253,#2252,#100,.T.);
#2826=EDGE_CURVE('',#2254,#2253,#101,.T.);
#2827=EDGE_CURVE('',#2255,#2254,#102,.T.);
#2828=EDGE_CURVE('',#2256,#2255,#1277,.T.);
#2829=EDGE_CURVE('',#2257,#2256,#1278,.T.);
#2830=EDGE_CURVE('',#2258,#2257,#103,.T.);
#2831=EDGE_CURVE('',#2259,#2258,#104,.T.);
#2832=EDGE_CURVE('',#2260,#2259,#105,.T.);
#2833=EDGE_CURVE('',#2261,#2260,#106,.T.);
#2834=EDGE_CURVE('',#2242,#2261,#107,.T.);
#2835=EDGE_CURVE('',#2262,#2263,#108,.T.);
#2836=EDGE_CURVE('',#2262,#2241,#1279,.T.);
#2837=EDGE_CURVE('',#2263,#2242,#1280,.T.);
#2838=EDGE_CURVE('',#2264,#2262,#109,.T.);
#2839=EDGE_CURVE('',#2264,#2243,#1281,.T.);
#2840=EDGE_CURVE('',#2265,#2264,#110,.T.);
#2841=EDGE_CURVE('',#2265,#2244,#1282,.T.);
#2842=EDGE_CURVE('',#2266,#2265,#1283,.T.);
#2843=EDGE_CURVE('',#2266,#2245,#1284,.T.);
#2844=EDGE_CURVE('',#2267,#2266,#1285,.T.);
#2845=EDGE_CURVE('',#2267,#2246,#1286,.T.);
#2846=EDGE_CURVE('',#2268,#2267,#1287,.T.);
#2847=EDGE_CURVE('',#2268,#2247,#1288,.T.);
#2848=EDGE_CURVE('',#2269,#2268,#1289,.T.);
#2849=EDGE_CURVE('',#2269,#2248,#1290,.T.);
#2850=EDGE_CURVE('',#2270,#2269,#1291,.T.);
#2851=EDGE_CURVE('',#2270,#2249,#1292,.T.);
#2852=EDGE_CURVE('',#2271,#2270,#111,.T.);
#2853=EDGE_CURVE('',#2271,#2250,#1293,.T.);
#2854=EDGE_CURVE('',#2272,#2271,#112,.T.);
#2855=EDGE_CURVE('',#2272,#2251,#1294,.T.);
#2856=EDGE_CURVE('',#2273,#2272,#113,.T.);
#2857=EDGE_CURVE('',#2273,#2252,#1295,.T.);
#2858=EDGE_CURVE('',#2274,#2273,#114,.T.);
#2859=EDGE_CURVE('',#2274,#2253,#1296,.T.);
#2860=EDGE_CURVE('',#2275,#2274,#115,.T.);
#2861=EDGE_CURVE('',#2275,#2254,#1297,.T.);
#2862=EDGE_CURVE('',#2276,#2275,#116,.T.);
#2863=EDGE_CURVE('',#2276,#2255,#1298,.T.);
#2864=EDGE_CURVE('',#2277,#2276,#1299,.T.);
#2865=EDGE_CURVE('',#2277,#2256,#1300,.T.);
#2866=EDGE_CURVE('',#2278,#2277,#1301,.T.);
#2867=EDGE_CURVE('',#2278,#2257,#1302,.T.);
#2868=EDGE_CURVE('',#2279,#2278,#117,.T.);
#2869=EDGE_CURVE('',#2279,#2258,#1303,.T.);
#2870=EDGE_CURVE('',#2280,#2279,#118,.T.);
#2871=EDGE_CURVE('',#2280,#2259,#1304,.T.);
#2872=EDGE_CURVE('',#2281,#2280,#119,.T.);
#2873=EDGE_CURVE('',#2281,#2260,#1305,.T.);
#2874=EDGE_CURVE('',#2282,#2281,#120,.T.);
#2875=EDGE_CURVE('',#2282,#2261,#1306,.T.);
#2876=EDGE_CURVE('',#2263,#2282,#121,.T.);
#2877=EDGE_CURVE('',#2283,#2284,#122,.T.);
#2878=EDGE_CURVE('',#2283,#2285,#1307,.T.);
#2879=EDGE_CURVE('',#2286,#2285,#123,.T.);
#2880=EDGE_CURVE('',#2284,#2286,#1308,.T.);
#2881=EDGE_CURVE('',#2284,#2287,#124,.T.);
#2882=EDGE_CURVE('',#2288,#2286,#125,.T.);
#2883=EDGE_CURVE('',#2287,#2288,#1309,.T.);
#2884=EDGE_CURVE('',#2287,#2289,#1310,.T.);
#2885=EDGE_CURVE('',#2290,#2288,#1311,.T.);
#2886=EDGE_CURVE('',#2289,#2290,#1312,.T.);
#2887=EDGE_CURVE('',#2289,#2291,#1313,.T.);
#2888=EDGE_CURVE('',#2292,#2290,#1314,.T.);
#2889=EDGE_CURVE('',#2291,#2292,#1315,.T.);
#2890=EDGE_CURVE('',#2291,#2293,#1316,.T.);
#2891=EDGE_CURVE('',#2294,#2292,#1317,.T.);
#2892=EDGE_CURVE('',#2293,#2294,#1318,.T.);
#2893=EDGE_CURVE('',#2293,#2295,#126,.T.);
#2894=EDGE_CURVE('',#2296,#2294,#127,.T.);
#2895=EDGE_CURVE('',#2295,#2296,#1319,.T.);
#2896=EDGE_CURVE('',#2295,#2283,#128,.T.);
#2897=EDGE_CURVE('',#2285,#2296,#129,.T.);
#2898=EDGE_CURVE('',#2297,#2298,#130,.T.);
#2899=EDGE_CURVE('',#2299,#2297,#131,.T.);
#2900=EDGE_CURVE('',#2300,#2299,#132,.T.);
#2901=EDGE_CURVE('',#2301,#2300,#1320,.T.);
#2902=EDGE_CURVE('',#2302,#2301,#1321,.T.);
#2903=EDGE_CURVE('',#2303,#2302,#1322,.T.);
#2904=EDGE_CURVE('',#2298,#2303,#133,.T.);
#2905=EDGE_CURVE('',#2304,#2305,#134,.T.);
#2906=EDGE_CURVE('',#2304,#2297,#1323,.T.);
#2907=EDGE_CURVE('',#2305,#2298,#1324,.T.);
#2908=EDGE_CURVE('',#2306,#2304,#135,.T.);
#2909=EDGE_CURVE('',#2306,#2299,#1325,.T.);
#2910=EDGE_CURVE('',#2307,#2306,#136,.T.);
#2911=EDGE_CURVE('',#2307,#2300,#1326,.T.);
#2912=EDGE_CURVE('',#2308,#2307,#1327,.T.);
#2913=EDGE_CURVE('',#2308,#2301,#1328,.T.);
#2914=EDGE_CURVE('',#2309,#2308,#1329,.T.);
#2915=EDGE_CURVE('',#2309,#2302,#1330,.T.);
#2916=EDGE_CURVE('',#2310,#2309,#1331,.T.);
#2917=EDGE_CURVE('',#2310,#2303,#1332,.T.);
#2918=EDGE_CURVE('',#2305,#2310,#137,.T.);
#2919=EDGE_CURVE('',#2311,#2312,#1333,.T.);
#2920=EDGE_CURVE('',#2313,#2311,#1334,.T.);
#2921=EDGE_CURVE('',#2314,#2313,#1335,.T.);
#2922=EDGE_CURVE('',#2315,#2314,#1336,.T.);
#2923=EDGE_CURVE('',#2316,#2315,#1337,.T.);
#2924=EDGE_CURVE('',#2317,#2316,#1338,.T.);
#2925=EDGE_CURVE('',#2312,#2317,#1339,.T.);
#2926=EDGE_CURVE('',#2318,#2319,#1340,.T.);
#2927=EDGE_CURVE('',#2318,#2311,#1341,.T.);
#2928=EDGE_CURVE('',#2319,#2312,#1342,.T.);
#2929=EDGE_CURVE('',#2320,#2318,#1343,.T.);
#2930=EDGE_CURVE('',#2320,#2313,#1344,.T.);
#2931=EDGE_CURVE('',#2321,#2320,#1345,.T.);
#2932=EDGE_CURVE('',#2321,#2314,#1346,.T.);
#2933=EDGE_CURVE('',#2322,#2321,#1347,.T.);
#2934=EDGE_CURVE('',#2322,#2315,#1348,.T.);
#2935=EDGE_CURVE('',#2323,#2322,#1349,.T.);
#2936=EDGE_CURVE('',#2323,#2316,#1350,.T.);
#2937=EDGE_CURVE('',#2324,#2323,#1351,.T.);
#2938=EDGE_CURVE('',#2324,#2317,#1352,.T.);
#2939=EDGE_CURVE('',#2319,#2324,#1353,.T.);
#2940=EDGE_CURVE('',#2325,#2326,#138,.T.);
#2941=EDGE_CURVE('',#2327,#2325,#139,.T.);
#2942=EDGE_CURVE('',#2328,#2327,#140,.T.);
#2943=EDGE_CURVE('',#2329,#2328,#1354,.T.);
#2944=EDGE_CURVE('',#2330,#2329,#1355,.T.);
#2945=EDGE_CURVE('',#2331,#2330,#141,.T.);
#2946=EDGE_CURVE('',#2332,#2331,#142,.T.);
#2947=EDGE_CURVE('',#2333,#2332,#143,.T.);
#2948=EDGE_CURVE('',#2334,#2333,#144,.T.);
#2949=EDGE_CURVE('',#2335,#2334,#145,.T.);
#2950=EDGE_CURVE('',#2336,#2335,#146,.T.);
#2951=EDGE_CURVE('',#2337,#2336,#147,.T.);
#2952=EDGE_CURVE('',#2338,#2337,#148,.T.);
#2953=EDGE_CURVE('',#2339,#2338,#1356,.T.);
#2954=EDGE_CURVE('',#2340,#2339,#1357,.T.);
#2955=EDGE_CURVE('',#2341,#2340,#149,.T.);
#2956=EDGE_CURVE('',#2342,#2341,#150,.T.);
#2957=EDGE_CURVE('',#2343,#2342,#151,.T.);
#2958=EDGE_CURVE('',#2344,#2343,#152,.T.);
#2959=EDGE_CURVE('',#2326,#2344,#153,.T.);
#2960=EDGE_CURVE('',#2345,#2346,#154,.T.);
#2961=EDGE_CURVE('',#2345,#2325,#1358,.T.);
#2962=EDGE_CURVE('',#2346,#2326,#1359,.T.);
#2963=EDGE_CURVE('',#2347,#2345,#155,.T.);
#2964=EDGE_CURVE('',#2347,#2327,#1360,.T.);
#2965=EDGE_CURVE('',#2348,#2347,#156,.T.);
#2966=EDGE_CURVE('',#2348,#2328,#1361,.T.);
#2967=EDGE_CURVE('',#2349,#2348,#1362,.T.);
#2968=EDGE_CURVE('',#2349,#2329,#1363,.T.);
#2969=EDGE_CURVE('',#2350,#2349,#1364,.T.);
#2970=EDGE_CURVE('',#2350,#2330,#1365,.T.);
#2971=EDGE_CURVE('',#2351,#2350,#157,.T.);
#2972=EDGE_CURVE('',#2351,#2331,#1366,.T.);
#2973=EDGE_CURVE('',#2352,#2351,#158,.T.);
#2974=EDGE_CURVE('',#2352,#2332,#1367,.T.);
#2975=EDGE_CURVE('',#2353,#2352,#159,.T.);
#2976=EDGE_CURVE('',#2353,#2333,#1368,.T.);
#2977=EDGE_CURVE('',#2354,#2353,#160,.T.);
#2978=EDGE_CURVE('',#2354,#2334,#1369,.T.);
#2979=EDGE_CURVE('',#2355,#2354,#161,.T.);
#2980=EDGE_CURVE('',#2355,#2335,#1370,.T.);
#2981=EDGE_CURVE('',#2356,#2355,#162,.T.);
#2982=EDGE_CURVE('',#2356,#2336,#1371,.T.);
#2983=EDGE_CURVE('',#2357,#2356,#163,.T.);
#2984=EDGE_CURVE('',#2357,#2337,#1372,.T.);
#2985=EDGE_CURVE('',#2358,#2357,#164,.T.);
#2986=EDGE_CURVE('',#2358,#2338,#1373,.T.);
#2987=EDGE_CURVE('',#2359,#2358,#1374,.T.);
#2988=EDGE_CURVE('',#2359,#2339,#1375,.T.);
#2989=EDGE_CURVE('',#2360,#2359,#1376,.T.);
#2990=EDGE_CURVE('',#2360,#2340,#1377,.T.);
#2991=EDGE_CURVE('',#2361,#2360,#165,.T.);
#2992=EDGE_CURVE('',#2361,#2341,#1378,.T.);
#2993=EDGE_CURVE('',#2362,#2361,#166,.T.);
#2994=EDGE_CURVE('',#2362,#2342,#1379,.T.);
#2995=EDGE_CURVE('',#2363,#2362,#167,.T.);
#2996=EDGE_CURVE('',#2363,#2343,#1380,.T.);
#2997=EDGE_CURVE('',#2364,#2363,#168,.T.);
#2998=EDGE_CURVE('',#2364,#2344,#1381,.T.);
#2999=EDGE_CURVE('',#2346,#2364,#169,.T.);
#3000=EDGE_CURVE('',#2365,#2366,#170,.T.);
#3001=EDGE_CURVE('',#2367,#2365,#171,.T.);
#3002=EDGE_CURVE('',#2368,#2367,#172,.T.);
#3003=EDGE_CURVE('',#2369,#2368,#1382,.T.);
#3004=EDGE_CURVE('',#2370,#2369,#1383,.T.);
#3005=EDGE_CURVE('',#2371,#2370,#173,.T.);
#3006=EDGE_CURVE('',#2372,#2371,#174,.T.);
#3007=EDGE_CURVE('',#2373,#2372,#175,.T.);
#3008=EDGE_CURVE('',#2374,#2373,#176,.T.);
#3009=EDGE_CURVE('',#2375,#2374,#177,.T.);
#3010=EDGE_CURVE('',#2376,#2375,#178,.T.);
#3011=EDGE_CURVE('',#2377,#2376,#179,.T.);
#3012=EDGE_CURVE('',#2378,#2377,#180,.T.);
#3013=EDGE_CURVE('',#2379,#2378,#1384,.T.);
#3014=EDGE_CURVE('',#2380,#2379,#1385,.T.);
#3015=EDGE_CURVE('',#2381,#2380,#181,.T.);
#3016=EDGE_CURVE('',#2382,#2381,#182,.T.);
#3017=EDGE_CURVE('',#2383,#2382,#183,.T.);
#3018=EDGE_CURVE('',#2384,#2383,#184,.T.);
#3019=EDGE_CURVE('',#2366,#2384,#185,.T.);
#3020=EDGE_CURVE('',#2385,#2386,#186,.T.);
#3021=EDGE_CURVE('',#2385,#2365,#1386,.T.);
#3022=EDGE_CURVE('',#2386,#2366,#1387,.T.);
#3023=EDGE_CURVE('',#2387,#2385,#187,.T.);
#3024=EDGE_CURVE('',#2387,#2367,#1388,.T.);
#3025=EDGE_CURVE('',#2388,#2387,#188,.T.);
#3026=EDGE_CURVE('',#2388,#2368,#1389,.T.);
#3027=EDGE_CURVE('',#2389,#2388,#1390,.T.);
#3028=EDGE_CURVE('',#2389,#2369,#1391,.T.);
#3029=EDGE_CURVE('',#2390,#2389,#1392,.T.);
#3030=EDGE_CURVE('',#2390,#2370,#1393,.T.);
#3031=EDGE_CURVE('',#2391,#2390,#189,.T.);
#3032=EDGE_CURVE('',#2391,#2371,#1394,.T.);
#3033=EDGE_CURVE('',#2392,#2391,#190,.T.);
#3034=EDGE_CURVE('',#2392,#2372,#1395,.T.);
#3035=EDGE_CURVE('',#2393,#2392,#191,.T.);
#3036=EDGE_CURVE('',#2393,#2373,#1396,.T.);
#3037=EDGE_CURVE('',#2394,#2393,#192,.T.);
#3038=EDGE_CURVE('',#2394,#2374,#1397,.T.);
#3039=EDGE_CURVE('',#2395,#2394,#193,.T.);
#3040=EDGE_CURVE('',#2395,#2375,#1398,.T.);
#3041=EDGE_CURVE('',#2396,#2395,#194,.T.);
#3042=EDGE_CURVE('',#2396,#2376,#1399,.T.);
#3043=EDGE_CURVE('',#2397,#2396,#195,.T.);
#3044=EDGE_CURVE('',#2397,#2377,#1400,.T.);
#3045=EDGE_CURVE('',#2398,#2397,#196,.T.);
#3046=EDGE_CURVE('',#2398,#2378,#1401,.T.);
#3047=EDGE_CURVE('',#2399,#2398,#1402,.T.);
#3048=EDGE_CURVE('',#2399,#2379,#1403,.T.);
#3049=EDGE_CURVE('',#2400,#2399,#1404,.T.);
#3050=EDGE_CURVE('',#2400,#2380,#1405,.T.);
#3051=EDGE_CURVE('',#2401,#2400,#197,.T.);
#3052=EDGE_CURVE('',#2401,#2381,#1406,.T.);
#3053=EDGE_CURVE('',#2402,#2401,#198,.T.);
#3054=EDGE_CURVE('',#2402,#2382,#1407,.T.);
#3055=EDGE_CURVE('',#2403,#2402,#199,.T.);
#3056=EDGE_CURVE('',#2403,#2383,#1408,.T.);
#3057=EDGE_CURVE('',#2404,#2403,#200,.T.);
#3058=EDGE_CURVE('',#2404,#2384,#1409,.T.);
#3059=EDGE_CURVE('',#2386,#2404,#201,.T.);
#3060=EDGE_CURVE('',#2405,#2406,#202,.T.);
#3061=EDGE_CURVE('',#2407,#2405,#203,.T.);
#3062=EDGE_CURVE('',#2408,#2407,#204,.T.);
#3063=EDGE_CURVE('',#2409,#2408,#205,.T.);
#3064=EDGE_CURVE('',#2410,#2409,#206,.T.);
#3065=EDGE_CURVE('',#2411,#2410,#207,.T.);
#3066=EDGE_CURVE('',#2412,#2411,#208,.T.);
#3067=EDGE_CURVE('',#2413,#2412,#209,.T.);
#3068=EDGE_CURVE('',#2414,#2413,#1410,.T.);
#3069=EDGE_CURVE('',#2415,#2414,#1411,.T.);
#3070=EDGE_CURVE('',#2416,#2415,#210,.T.);
#3071=EDGE_CURVE('',#2417,#2416,#211,.T.);
#3072=EDGE_CURVE('',#2418,#2417,#212,.T.);
#3073=EDGE_CURVE('',#2419,#2418,#213,.T.);
#3074=EDGE_CURVE('',#2420,#2419,#214,.T.);
#3075=EDGE_CURVE('',#2421,#2420,#215,.T.);
#3076=EDGE_CURVE('',#2422,#2421,#216,.T.);
#3077=EDGE_CURVE('',#2423,#2422,#217,.T.);
#3078=EDGE_CURVE('',#2424,#2423,#1412,.T.);
#3079=EDGE_CURVE('',#2406,#2424,#1413,.T.);
#3080=EDGE_CURVE('',#2425,#2426,#218,.T.);
#3081=EDGE_CURVE('',#2425,#2405,#1414,.T.);
#3082=EDGE_CURVE('',#2426,#2406,#1415,.T.);
#3083=EDGE_CURVE('',#2427,#2425,#219,.T.);
#3084=EDGE_CURVE('',#2427,#2407,#1416,.T.);
#3085=EDGE_CURVE('',#2428,#2427,#220,.T.);
#3086=EDGE_CURVE('',#2428,#2408,#1417,.T.);
#3087=EDGE_CURVE('',#2429,#2428,#221,.T.);
#3088=EDGE_CURVE('',#2429,#2409,#1418,.T.);
#3089=EDGE_CURVE('',#2430,#2429,#222,.T.);
#3090=EDGE_CURVE('',#2430,#2410,#1419,.T.);
#3091=EDGE_CURVE('',#2431,#2430,#223,.T.);
#3092=EDGE_CURVE('',#2431,#2411,#1420,.T.);
#3093=EDGE_CURVE('',#2432,#2431,#224,.T.);
#3094=EDGE_CURVE('',#2432,#2412,#1421,.T.);
#3095=EDGE_CURVE('',#2433,#2432,#225,.T.);
#3096=EDGE_CURVE('',#2433,#2413,#1422,.T.);
#3097=EDGE_CURVE('',#2434,#2433,#1423,.T.);
#3098=EDGE_CURVE('',#2434,#2414,#1424,.T.);
#3099=EDGE_CURVE('',#2435,#2434,#1425,.T.);
#3100=EDGE_CURVE('',#2435,#2415,#1426,.T.);
#3101=EDGE_CURVE('',#2436,#2435,#226,.T.);
#3102=EDGE_CURVE('',#2436,#2416,#1427,.T.);
#3103=EDGE_CURVE('',#2437,#2436,#227,.T.);
#3104=EDGE_CURVE('',#2437,#2417,#1428,.T.);
#3105=EDGE_CURVE('',#2438,#2437,#228,.T.);
#3106=EDGE_CURVE('',#2438,#2418,#1429,.T.);
#3107=EDGE_CURVE('',#2439,#2438,#229,.T.);
#3108=EDGE_CURVE('',#2439,#2419,#1430,.T.);
#3109=EDGE_CURVE('',#2440,#2439,#230,.T.);
#3110=EDGE_CURVE('',#2440,#2420,#1431,.T.);
#3111=EDGE_CURVE('',#2441,#2440,#231,.T.);
#3112=EDGE_CURVE('',#2441,#2421,#1432,.T.);
#3113=EDGE_CURVE('',#2442,#2441,#232,.T.);
#3114=EDGE_CURVE('',#2442,#2422,#1433,.T.);
#3115=EDGE_CURVE('',#2443,#2442,#233,.T.);
#3116=EDGE_CURVE('',#2443,#2423,#1434,.T.);
#3117=EDGE_CURVE('',#2444,#2443,#1435,.T.);
#3118=EDGE_CURVE('',#2444,#2424,#1436,.T.);
#3119=EDGE_CURVE('',#2426,#2444,#1437,.T.);
#3120=EDGE_CURVE('',#2445,#2446,#1438,.T.);
#3121=EDGE_CURVE('',#2446,#2447,#1439,.T.);
#3122=EDGE_CURVE('',#2447,#2448,#1440,.T.);
#3123=EDGE_CURVE('',#2448,#2445,#1441,.T.);
#3124=EDGE_CURVE('',#2449,#2450,#1442,.T.);
#3125=EDGE_CURVE('',#2449,#2451,#1443,.T.);
#3126=EDGE_CURVE('',#2451,#2452,#1444,.T.);
#3127=EDGE_CURVE('',#2452,#2450,#1445,.T.);
#3128=EDGE_CURVE('',#2453,#2454,#2025,.T.);
#3129=EDGE_CURVE('',#2454,#2455,#1446,.T.);
#3130=EDGE_CURVE('',#2455,#2456,#2026,.F.);
#3131=EDGE_CURVE('',#2456,#2453,#1447,.T.);
#3132=EDGE_CURVE('',#2455,#2457,#1448,.T.);
#3133=EDGE_CURVE('',#2458,#2454,#1449,.T.);
#3134=EDGE_CURVE('',#2459,#2458,#1450,.T.);
#3135=EDGE_CURVE('',#2460,#2459,#1451,.T.);
#3136=EDGE_CURVE('',#2461,#2460,#1452,.T.);
#3137=EDGE_CURVE('',#2462,#2461,#1453,.T.);
#3138=EDGE_CURVE('',#2462,#2463,#1454,.T.);
#3139=EDGE_CURVE('',#2463,#2464,#1455,.T.);
#3140=EDGE_CURVE('',#2464,#2465,#1456,.T.);
#3141=EDGE_CURVE('',#2465,#2457,#1457,.T.);
#3142=EDGE_CURVE('',#2453,#2466,#1458,.T.);
#3143=EDGE_CURVE('',#2466,#2467,#2027,.T.);
#3144=EDGE_CURVE('',#2467,#2468,#1459,.T.);
#3145=EDGE_CURVE('',#2468,#2469,#2028,.T.);
#3146=EDGE_CURVE('',#2469,#2470,#1460,.T.);
#3147=EDGE_CURVE('',#2458,#2470,#1461,.T.);
#3148=EDGE_CURVE('',#2471,#2472,#1462,.T.);
#3149=EDGE_CURVE('',#2473,#2472,#1463,.T.);
#3150=EDGE_CURVE('',#2474,#2473,#2029,.T.);
#3151=EDGE_CURVE('',#2475,#2474,#1464,.T.);
#3152=EDGE_CURVE('',#2476,#2475,#2030,.T.);
#3153=EDGE_CURVE('',#2471,#2476,#1465,.T.);
#3154=EDGE_CURVE('',#2477,#2478,#1466,.T.);
#3155=EDGE_CURVE('',#2477,#2458,#2031,.T.);
#3156=EDGE_CURVE('',#2470,#2478,#2032,.T.);
#3157=EDGE_CURVE('',#2479,#2477,#1467,.T.);
#3158=EDGE_CURVE('',#2473,#2479,#1468,.T.);
#3159=EDGE_CURVE('',#2472,#2459,#2033,.T.);
#3160=EDGE_CURVE('',#2480,#2481,#1469,.T.);
#3161=EDGE_CURVE('',#2481,#2482,#1470,.T.);
#3162=EDGE_CURVE('',#2483,#2482,#1471,.T.);
#3163=EDGE_CURVE('',#2480,#2483,#1472,.T.);
#3164=EDGE_CURVE('',#2484,#2485,#1473,.T.);
#3165=EDGE_CURVE('',#2485,#2486,#1474,.T.);
#3166=EDGE_CURVE('',#2487,#2486,#1475,.T.);
#3167=EDGE_CURVE('',#2484,#2487,#1476,.T.);
#3168=EDGE_CURVE('',#2488,#2489,#1477,.T.);
#3169=EDGE_CURVE('',#2489,#2481,#2034,.T.);
#3170=EDGE_CURVE('',#2488,#2480,#2035,.T.);
#3171=EDGE_CURVE('',#2490,#2491,#1478,.T.);
#3172=EDGE_CURVE('',#2491,#2485,#2036,.T.);
#3173=EDGE_CURVE('',#2490,#2484,#2037,.T.);
#3174=EDGE_CURVE('',#2492,#2493,#1479,.T.);
#3175=EDGE_CURVE('',#2493,#2489,#1480,.T.);
#3176=EDGE_CURVE('',#2492,#2488,#1481,.T.);
#3177=EDGE_CURVE('',#2494,#2495,#1482,.T.);
#3178=EDGE_CURVE('',#2495,#2491,#1483,.T.);
#3179=EDGE_CURVE('',#2494,#2490,#1484,.T.);
#3180=EDGE_CURVE('',#2496,#2497,#1485,.T.);
#3181=EDGE_CURVE('',#2497,#2493,#2038,.T.);
#3182=EDGE_CURVE('',#2496,#2492,#2039,.T.);
#3183=EDGE_CURVE('',#2498,#2499,#1486,.T.);
#3184=EDGE_CURVE('',#2499,#2495,#2040,.T.);
#3185=EDGE_CURVE('',#2498,#2494,#2041,.T.);
#3186=EDGE_CURVE('',#2463,#2497,#1487,.T.);
#3187=EDGE_CURVE('',#2464,#2496,#1488,.T.);
#3188=EDGE_CURVE('',#2482,#2487,#1489,.T.);
#3189=EDGE_CURVE('',#2486,#2483,#1490,.T.);
#3190=EDGE_CURVE('',#2500,#2501,#1491,.T.);
#3191=EDGE_CURVE('',#2500,#2499,#1492,.T.);
#3192=EDGE_CURVE('',#2501,#2498,#1493,.T.);
#3193=EDGE_CURVE('',#2502,#2500,#1494,.T.);
#3194=EDGE_CURVE('',#2464,#2502,#1495,.T.);
#3195=EDGE_CURVE('',#2501,#2503,#1496,.T.);
#3196=EDGE_CURVE('',#2503,#2463,#1497,.T.);
#3197=EDGE_CURVE('',#2502,#2504,#1498,.T.);
#3198=EDGE_CURVE('',#2465,#2504,#1499,.T.);
#3199=EDGE_CURVE('',#2505,#2462,#1500,.T.);
#3200=EDGE_CURVE('',#2505,#2503,#1501,.T.);
#3201=EDGE_CURVE('',#2506,#2507,#2042,.T.);
#3202=EDGE_CURVE('',#2506,#2469,#1502,.T.);
#3203=EDGE_CURVE('',#2507,#2468,#1503,.T.);
#3204=EDGE_CURVE('',#2507,#2508,#1504,.T.);
#3205=EDGE_CURVE('',#2508,#2467,#1505,.T.);
#3206=EDGE_CURVE('',#2508,#2509,#2043,.T.);
#3207=EDGE_CURVE('',#2509,#2466,#1506,.T.);
#3208=EDGE_CURVE('',#2509,#2456,#1507,.T.);
#3209=EDGE_CURVE('',#2510,#2479,#2044,.T.);
#3210=EDGE_CURVE('',#2474,#2510,#1508,.T.);
#3211=EDGE_CURVE('',#2511,#2510,#1509,.T.);
#3212=EDGE_CURVE('',#2475,#2511,#1510,.T.);
#3213=EDGE_CURVE('',#2512,#2511,#2045,.T.);
#3214=EDGE_CURVE('',#2476,#2512,#1511,.T.);
#3215=EDGE_CURVE('',#2478,#2512,#1512,.T.);
#3216=EDGE_CURVE('',#2460,#2506,#1513,.T.);
#3217=EDGE_CURVE('',#2460,#2471,#2046,.T.);
#3218=EDGE_CURVE('',#2513,#2514,#1514,.T.);
#3219=EDGE_CURVE('',#2513,#2515,#1515,.T.);
#3220=EDGE_CURVE('',#2516,#2515,#1516,.T.);
#3221=EDGE_CURVE('',#2514,#2516,#1517,.T.);
#3222=EDGE_CURVE('',#2514,#2517,#1518,.T.);
#3223=EDGE_CURVE('',#2518,#2516,#1519,.T.);
#3224=EDGE_CURVE('',#2517,#2518,#1520,.T.);
#3225=EDGE_CURVE('',#2517,#2519,#1521,.T.);
#3226=EDGE_CURVE('',#2520,#2518,#1522,.T.);
#3227=EDGE_CURVE('',#2519,#2520,#1523,.T.);
#3228=EDGE_CURVE('',#2519,#2513,#1524,.T.);
#3229=EDGE_CURVE('',#2515,#2520,#1525,.T.);
#3230=EDGE_CURVE('',#2449,#2505,#1526,.T.);
#3231=EDGE_CURVE('',#2504,#2450,#1527,.T.);
#3232=EDGE_CURVE('',#2452,#2521,#1528,.T.);
#3233=EDGE_CURVE('',#2457,#2521,#1529,.T.);
#3234=EDGE_CURVE('',#2522,#2461,#1530,.T.);
#3235=EDGE_CURVE('',#2451,#2522,#1531,.T.);
#3236=EDGE_CURVE('',#2521,#2522,#1532,.T.);
#3237=EDGE_CURVE('',#2058,#2064,#1533,.T.);
#3238=EDGE_CURVE('',#2055,#2061,#1534,.T.);
#3239=EDGE_CURVE('',#2049,#2067,#1535,.T.);
#3240=EDGE_CURVE('',#2052,#2070,#1536,.T.);
#3241=EDGE_CURVE('',#2523,#2524,#1537,.T.);
#3242=EDGE_CURVE('',#2524,#2447,#1538,.T.);
#3243=EDGE_CURVE('',#2523,#2446,#1539,.T.);
#3244=EDGE_CURVE('',#2525,#2523,#1540,.T.);
#3245=EDGE_CURVE('',#2525,#2445,#1541,.T.);
#3246=EDGE_CURVE('',#2526,#2525,#1542,.T.);
#3247=EDGE_CURVE('',#2526,#2448,#1543,.T.);
#3248=EDGE_CURVE('',#2524,#2526,#1544,.T.);
#3249=ORIENTED_EDGE('',*,*,#2527,.F.);
#3250=ORIENTED_EDGE('',*,*,#2528,.T.);
#3251=ORIENTED_EDGE('',*,*,#2529,.F.);
#3252=ORIENTED_EDGE('',*,*,#2528,.F.);
#3253=ORIENTED_EDGE('',*,*,#2527,.T.);
#3254=ORIENTED_EDGE('',*,*,#2530,.T.);
#3255=ORIENTED_EDGE('',*,*,#2531,.F.);
#3256=ORIENTED_EDGE('',*,*,#2532,.T.);
#3257=ORIENTED_EDGE('',*,*,#2533,.F.);
#3258=ORIENTED_EDGE('',*,*,#2532,.F.);
#3259=ORIENTED_EDGE('',*,*,#2531,.T.);
#3260=ORIENTED_EDGE('',*,*,#2534,.T.);
#3261=ORIENTED_EDGE('',*,*,#2535,.F.);
#3262=ORIENTED_EDGE('',*,*,#2536,.T.);
#3263=ORIENTED_EDGE('',*,*,#2537,.F.);
#3264=ORIENTED_EDGE('',*,*,#2536,.F.);
#3265=ORIENTED_EDGE('',*,*,#2535,.T.);
#3266=ORIENTED_EDGE('',*,*,#2538,.T.);
#3267=ORIENTED_EDGE('',*,*,#2539,.F.);
#3268=ORIENTED_EDGE('',*,*,#2540,.T.);
#3269=ORIENTED_EDGE('',*,*,#2541,.F.);
#3270=ORIENTED_EDGE('',*,*,#2540,.F.);
#3271=ORIENTED_EDGE('',*,*,#2539,.T.);
#3272=ORIENTED_EDGE('',*,*,#2542,.T.);
#3273=ORIENTED_EDGE('',*,*,#2543,.F.);
#3274=ORIENTED_EDGE('',*,*,#2544,.T.);
#3275=ORIENTED_EDGE('',*,*,#2545,.F.);
#3276=ORIENTED_EDGE('',*,*,#2544,.F.);
#3277=ORIENTED_EDGE('',*,*,#2543,.T.);
#3278=ORIENTED_EDGE('',*,*,#2546,.T.);
#3279=ORIENTED_EDGE('',*,*,#2547,.F.);
#3280=ORIENTED_EDGE('',*,*,#2548,.T.);
#3281=ORIENTED_EDGE('',*,*,#2549,.F.);
#3282=ORIENTED_EDGE('',*,*,#2548,.F.);
#3283=ORIENTED_EDGE('',*,*,#2547,.T.);
#3284=ORIENTED_EDGE('',*,*,#2550,.T.);
#3285=ORIENTED_EDGE('',*,*,#2551,.F.);
#3286=ORIENTED_EDGE('',*,*,#2552,.T.);
#3287=ORIENTED_EDGE('',*,*,#2553,.F.);
#3288=ORIENTED_EDGE('',*,*,#2552,.F.);
#3289=ORIENTED_EDGE('',*,*,#2551,.T.);
#3290=ORIENTED_EDGE('',*,*,#2554,.T.);
#3291=ORIENTED_EDGE('',*,*,#2555,.F.);
#3292=ORIENTED_EDGE('',*,*,#2556,.T.);
#3293=ORIENTED_EDGE('',*,*,#2557,.F.);
#3294=ORIENTED_EDGE('',*,*,#2556,.F.);
#3295=ORIENTED_EDGE('',*,*,#2555,.T.);
#3296=ORIENTED_EDGE('',*,*,#2558,.T.);
#3297=ORIENTED_EDGE('',*,*,#2559,.F.);
#3298=ORIENTED_EDGE('',*,*,#2560,.T.);
#3299=ORIENTED_EDGE('',*,*,#2561,.F.);
#3300=ORIENTED_EDGE('',*,*,#2562,.F.);
#3301=ORIENTED_EDGE('',*,*,#2563,.F.);
#3302=ORIENTED_EDGE('',*,*,#2562,.T.);
#3303=ORIENTED_EDGE('',*,*,#2564,.F.);
#3304=ORIENTED_EDGE('',*,*,#2565,.F.);
#3305=ORIENTED_EDGE('',*,*,#2566,.F.);
#3306=ORIENTED_EDGE('',*,*,#2565,.T.);
#3307=ORIENTED_EDGE('',*,*,#2567,.F.);
#3308=ORIENTED_EDGE('',*,*,#2568,.F.);
#3309=ORIENTED_EDGE('',*,*,#2569,.F.);
#3310=ORIENTED_EDGE('',*,*,#2568,.T.);
#3311=ORIENTED_EDGE('',*,*,#2570,.F.);
#3312=ORIENTED_EDGE('',*,*,#2560,.F.);
#3313=ORIENTED_EDGE('',*,*,#2570,.T.);
#3314=ORIENTED_EDGE('',*,*,#2567,.T.);
#3315=ORIENTED_EDGE('',*,*,#2564,.T.);
#3316=ORIENTED_EDGE('',*,*,#2561,.T.);
#3317=ORIENTED_EDGE('',*,*,#2571,.F.);
#3318=ORIENTED_EDGE('',*,*,#2572,.T.);
#3319=ORIENTED_EDGE('',*,*,#2573,.F.);
#3320=ORIENTED_EDGE('',*,*,#2574,.F.);
#3321=ORIENTED_EDGE('',*,*,#2575,.F.);
#3322=ORIENTED_EDGE('',*,*,#2574,.T.);
#3323=ORIENTED_EDGE('',*,*,#2576,.F.);
#3324=ORIENTED_EDGE('',*,*,#2577,.F.);
#3325=ORIENTED_EDGE('',*,*,#2578,.F.);
#3326=ORIENTED_EDGE('',*,*,#2577,.T.);
#3327=ORIENTED_EDGE('',*,*,#2579,.F.);
#3328=ORIENTED_EDGE('',*,*,#2572,.F.);
#3329=ORIENTED_EDGE('',*,*,#2580,.F.);
#3330=ORIENTED_EDGE('',*,*,#2581,.F.);
#3331=ORIENTED_EDGE('',*,*,#2582,.F.);
#3332=ORIENTED_EDGE('',*,*,#2583,.F.);
#3333=ORIENTED_EDGE('',*,*,#2584,.F.);
#3334=ORIENTED_EDGE('',*,*,#2585,.F.);
#3335=ORIENTED_EDGE('',*,*,#2586,.F.);
#3336=ORIENTED_EDGE('',*,*,#2587,.F.);
#3337=ORIENTED_EDGE('',*,*,#2573,.T.);
#3338=ORIENTED_EDGE('',*,*,#2579,.T.);
#3339=ORIENTED_EDGE('',*,*,#2576,.T.);
#3340=ORIENTED_EDGE('',*,*,#2588,.F.);
#3341=ORIENTED_EDGE('',*,*,#2589,.T.);
#3342=ORIENTED_EDGE('',*,*,#2580,.T.);
#3343=ORIENTED_EDGE('',*,*,#2590,.F.);
#3344=ORIENTED_EDGE('',*,*,#2591,.F.);
#3345=ORIENTED_EDGE('',*,*,#2592,.T.);
#3346=ORIENTED_EDGE('',*,*,#2581,.T.);
#3347=ORIENTED_EDGE('',*,*,#2589,.F.);
#3348=ORIENTED_EDGE('',*,*,#2593,.F.);
#3349=ORIENTED_EDGE('',*,*,#2594,.T.);
#3350=ORIENTED_EDGE('',*,*,#2582,.T.);
#3351=ORIENTED_EDGE('',*,*,#2592,.F.);
#3352=ORIENTED_EDGE('',*,*,#2595,.F.);
#3353=ORIENTED_EDGE('',*,*,#2596,.T.);
#3354=ORIENTED_EDGE('',*,*,#2583,.T.);
#3355=ORIENTED_EDGE('',*,*,#2594,.F.);
#3356=ORIENTED_EDGE('',*,*,#2597,.F.);
#3357=ORIENTED_EDGE('',*,*,#2598,.T.);
#3358=ORIENTED_EDGE('',*,*,#2584,.T.);
#3359=ORIENTED_EDGE('',*,*,#2596,.F.);
#3360=ORIENTED_EDGE('',*,*,#2599,.F.);
#3361=ORIENTED_EDGE('',*,*,#2600,.T.);
#3362=ORIENTED_EDGE('',*,*,#2585,.T.);
#3363=ORIENTED_EDGE('',*,*,#2598,.F.);
#3364=ORIENTED_EDGE('',*,*,#2601,.F.);
#3365=ORIENTED_EDGE('',*,*,#2602,.T.);
#3366=ORIENTED_EDGE('',*,*,#2586,.T.);
#3367=ORIENTED_EDGE('',*,*,#2600,.F.);
#3368=ORIENTED_EDGE('',*,*,#2603,.F.);
#3369=ORIENTED_EDGE('',*,*,#2590,.T.);
#3370=ORIENTED_EDGE('',*,*,#2587,.T.);
#3371=ORIENTED_EDGE('',*,*,#2602,.F.);
#3372=ORIENTED_EDGE('',*,*,#2604,.F.);
#3373=ORIENTED_EDGE('',*,*,#2605,.T.);
#3374=ORIENTED_EDGE('',*,*,#2606,.F.);
#3375=ORIENTED_EDGE('',*,*,#2607,.F.);
#3376=ORIENTED_EDGE('',*,*,#2608,.F.);
#3377=ORIENTED_EDGE('',*,*,#2607,.T.);
#3378=ORIENTED_EDGE('',*,*,#2609,.F.);
#3379=ORIENTED_EDGE('',*,*,#2610,.F.);
#3380=ORIENTED_EDGE('',*,*,#2611,.F.);
#3381=ORIENTED_EDGE('',*,*,#2610,.T.);
#3382=ORIENTED_EDGE('',*,*,#2612,.F.);
#3383=ORIENTED_EDGE('',*,*,#2613,.F.);
#3384=ORIENTED_EDGE('',*,*,#2614,.F.);
#3385=ORIENTED_EDGE('',*,*,#2613,.T.);
#3386=ORIENTED_EDGE('',*,*,#2615,.F.);
#3387=ORIENTED_EDGE('',*,*,#2616,.F.);
#3388=ORIENTED_EDGE('',*,*,#2617,.F.);
#3389=ORIENTED_EDGE('',*,*,#2616,.T.);
#3390=ORIENTED_EDGE('',*,*,#2618,.F.);
#3391=ORIENTED_EDGE('',*,*,#2619,.F.);
#3392=ORIENTED_EDGE('',*,*,#2620,.F.);
#3393=ORIENTED_EDGE('',*,*,#2619,.T.);
#3394=ORIENTED_EDGE('',*,*,#2621,.F.);
#3395=ORIENTED_EDGE('',*,*,#2622,.F.);
#3396=ORIENTED_EDGE('',*,*,#2623,.F.);
#3397=ORIENTED_EDGE('',*,*,#2622,.T.);
#3398=ORIENTED_EDGE('',*,*,#2624,.F.);
#3399=ORIENTED_EDGE('',*,*,#2605,.F.);
#3400=ORIENTED_EDGE('',*,*,#2625,.F.);
#3401=ORIENTED_EDGE('',*,*,#2626,.F.);
#3402=ORIENTED_EDGE('',*,*,#2627,.F.);
#3403=ORIENTED_EDGE('',*,*,#2628,.F.);
#3404=ORIENTED_EDGE('',*,*,#2629,.F.);
#3405=ORIENTED_EDGE('',*,*,#2630,.F.);
#3406=ORIENTED_EDGE('',*,*,#2631,.F.);
#3407=ORIENTED_EDGE('',*,*,#2606,.T.);
#3408=ORIENTED_EDGE('',*,*,#2624,.T.);
#3409=ORIENTED_EDGE('',*,*,#2621,.T.);
#3410=ORIENTED_EDGE('',*,*,#2618,.T.);
#3411=ORIENTED_EDGE('',*,*,#2615,.T.);
#3412=ORIENTED_EDGE('',*,*,#2612,.T.);
#3413=ORIENTED_EDGE('',*,*,#2609,.T.);
#3414=ORIENTED_EDGE('',*,*,#2632,.F.);
#3415=ORIENTED_EDGE('',*,*,#2633,.T.);
#3416=ORIENTED_EDGE('',*,*,#2625,.T.);
#3417=ORIENTED_EDGE('',*,*,#2634,.F.);
#3418=ORIENTED_EDGE('',*,*,#2635,.F.);
#3419=ORIENTED_EDGE('',*,*,#2636,.T.);
#3420=ORIENTED_EDGE('',*,*,#2626,.T.);
#3421=ORIENTED_EDGE('',*,*,#2633,.F.);
#3422=ORIENTED_EDGE('',*,*,#2637,.F.);
#3423=ORIENTED_EDGE('',*,*,#2638,.T.);
#3424=ORIENTED_EDGE('',*,*,#2627,.T.);
#3425=ORIENTED_EDGE('',*,*,#2636,.F.);
#3426=ORIENTED_EDGE('',*,*,#2639,.F.);
#3427=ORIENTED_EDGE('',*,*,#2640,.T.);
#3428=ORIENTED_EDGE('',*,*,#2628,.T.);
#3429=ORIENTED_EDGE('',*,*,#2638,.F.);
#3430=ORIENTED_EDGE('',*,*,#2641,.F.);
#3431=ORIENTED_EDGE('',*,*,#2642,.T.);
#3432=ORIENTED_EDGE('',*,*,#2629,.T.);
#3433=ORIENTED_EDGE('',*,*,#2640,.F.);
#3434=ORIENTED_EDGE('',*,*,#2643,.F.);
#3435=ORIENTED_EDGE('',*,*,#2644,.T.);
#3436=ORIENTED_EDGE('',*,*,#2630,.T.);
#3437=ORIENTED_EDGE('',*,*,#2642,.F.);
#3438=ORIENTED_EDGE('',*,*,#2645,.F.);
#3439=ORIENTED_EDGE('',*,*,#2634,.T.);
#3440=ORIENTED_EDGE('',*,*,#2631,.T.);
#3441=ORIENTED_EDGE('',*,*,#2644,.F.);
#3442=ORIENTED_EDGE('',*,*,#2646,.F.);
#3443=ORIENTED_EDGE('',*,*,#2647,.F.);
#3444=ORIENTED_EDGE('',*,*,#2648,.F.);
#3445=ORIENTED_EDGE('',*,*,#2649,.F.);
#3446=ORIENTED_EDGE('',*,*,#2650,.F.);
#3447=ORIENTED_EDGE('',*,*,#2651,.F.);
#3448=ORIENTED_EDGE('',*,*,#2652,.F.);
#3449=ORIENTED_EDGE('',*,*,#2653,.T.);
#3450=ORIENTED_EDGE('',*,*,#2646,.T.);
#3451=ORIENTED_EDGE('',*,*,#2654,.F.);
#3452=ORIENTED_EDGE('',*,*,#2655,.F.);
#3453=ORIENTED_EDGE('',*,*,#2656,.T.);
#3454=ORIENTED_EDGE('',*,*,#2647,.T.);
#3455=ORIENTED_EDGE('',*,*,#2653,.F.);
#3456=ORIENTED_EDGE('',*,*,#2657,.F.);
#3457=ORIENTED_EDGE('',*,*,#2658,.T.);
#3458=ORIENTED_EDGE('',*,*,#2648,.T.);
#3459=ORIENTED_EDGE('',*,*,#2656,.F.);
#3460=ORIENTED_EDGE('',*,*,#2659,.F.);
#3461=ORIENTED_EDGE('',*,*,#2660,.T.);
#3462=ORIENTED_EDGE('',*,*,#2649,.T.);
#3463=ORIENTED_EDGE('',*,*,#2658,.F.);
#3464=ORIENTED_EDGE('',*,*,#2661,.F.);
#3465=ORIENTED_EDGE('',*,*,#2662,.T.);
#3466=ORIENTED_EDGE('',*,*,#2650,.T.);
#3467=ORIENTED_EDGE('',*,*,#2660,.F.);
#3468=ORIENTED_EDGE('',*,*,#2663,.F.);
#3469=ORIENTED_EDGE('',*,*,#2654,.T.);
#3470=ORIENTED_EDGE('',*,*,#2651,.T.);
#3471=ORIENTED_EDGE('',*,*,#2662,.F.);
#3472=ORIENTED_EDGE('',*,*,#2664,.F.);
#3473=ORIENTED_EDGE('',*,*,#2665,.F.);
#3474=ORIENTED_EDGE('',*,*,#2666,.F.);
#3475=ORIENTED_EDGE('',*,*,#2667,.F.);
#3476=ORIENTED_EDGE('',*,*,#2668,.F.);
#3477=ORIENTED_EDGE('',*,*,#2669,.F.);
#3478=ORIENTED_EDGE('',*,*,#2670,.F.);
#3479=ORIENTED_EDGE('',*,*,#2671,.F.);
#3480=ORIENTED_EDGE('',*,*,#2672,.F.);
#3481=ORIENTED_EDGE('',*,*,#2673,.F.);
#3482=ORIENTED_EDGE('',*,*,#2674,.F.);
#3483=ORIENTED_EDGE('',*,*,#2675,.F.);
#3484=ORIENTED_EDGE('',*,*,#2676,.F.);
#3485=ORIENTED_EDGE('',*,*,#2677,.F.);
#3486=ORIENTED_EDGE('',*,*,#2678,.F.);
#3487=ORIENTED_EDGE('',*,*,#2679,.F.);
#3488=ORIENTED_EDGE('',*,*,#2680,.F.);
#3489=ORIENTED_EDGE('',*,*,#2681,.F.);
#3490=ORIENTED_EDGE('',*,*,#2682,.F.);
#3491=ORIENTED_EDGE('',*,*,#2683,.F.);
#3492=ORIENTED_EDGE('',*,*,#2684,.F.);
#3493=ORIENTED_EDGE('',*,*,#2685,.T.);
#3494=ORIENTED_EDGE('',*,*,#2664,.T.);
#3495=ORIENTED_EDGE('',*,*,#2686,.F.);
#3496=ORIENTED_EDGE('',*,*,#2687,.F.);
#3497=ORIENTED_EDGE('',*,*,#2688,.T.);
#3498=ORIENTED_EDGE('',*,*,#2665,.T.);
#3499=ORIENTED_EDGE('',*,*,#2685,.F.);
#3500=ORIENTED_EDGE('',*,*,#2689,.F.);
#3501=ORIENTED_EDGE('',*,*,#2690,.T.);
#3502=ORIENTED_EDGE('',*,*,#2666,.T.);
#3503=ORIENTED_EDGE('',*,*,#2688,.F.);
#3504=ORIENTED_EDGE('',*,*,#2691,.F.);
#3505=ORIENTED_EDGE('',*,*,#2692,.T.);
#3506=ORIENTED_EDGE('',*,*,#2667,.T.);
#3507=ORIENTED_EDGE('',*,*,#2690,.F.);
#3508=ORIENTED_EDGE('',*,*,#2693,.F.);
#3509=ORIENTED_EDGE('',*,*,#2694,.T.);
#3510=ORIENTED_EDGE('',*,*,#2668,.T.);
#3511=ORIENTED_EDGE('',*,*,#2692,.F.);
#3512=ORIENTED_EDGE('',*,*,#2695,.F.);
#3513=ORIENTED_EDGE('',*,*,#2696,.T.);
#3514=ORIENTED_EDGE('',*,*,#2669,.T.);
#3515=ORIENTED_EDGE('',*,*,#2694,.F.);
#3516=ORIENTED_EDGE('',*,*,#2697,.F.);
#3517=ORIENTED_EDGE('',*,*,#2698,.T.);
#3518=ORIENTED_EDGE('',*,*,#2670,.T.);
#3519=ORIENTED_EDGE('',*,*,#2696,.F.);
#3520=ORIENTED_EDGE('',*,*,#2699,.F.);
#3521=ORIENTED_EDGE('',*,*,#2700,.T.);
#3522=ORIENTED_EDGE('',*,*,#2671,.T.);
#3523=ORIENTED_EDGE('',*,*,#2698,.F.);
#3524=ORIENTED_EDGE('',*,*,#2701,.F.);
#3525=ORIENTED_EDGE('',*,*,#2702,.T.);
#3526=ORIENTED_EDGE('',*,*,#2672,.T.);
#3527=ORIENTED_EDGE('',*,*,#2700,.F.);
#3528=ORIENTED_EDGE('',*,*,#2703,.F.);
#3529=ORIENTED_EDGE('',*,*,#2704,.T.);
#3530=ORIENTED_EDGE('',*,*,#2673,.T.);
#3531=ORIENTED_EDGE('',*,*,#2702,.F.);
#3532=ORIENTED_EDGE('',*,*,#2705,.F.);
#3533=ORIENTED_EDGE('',*,*,#2706,.T.);
#3534=ORIENTED_EDGE('',*,*,#2674,.T.);
#3535=ORIENTED_EDGE('',*,*,#2704,.F.);
#3536=ORIENTED_EDGE('',*,*,#2707,.F.);
#3537=ORIENTED_EDGE('',*,*,#2708,.T.);
#3538=ORIENTED_EDGE('',*,*,#2675,.T.);
#3539=ORIENTED_EDGE('',*,*,#2706,.F.);
#3540=ORIENTED_EDGE('',*,*,#2709,.F.);
#3541=ORIENTED_EDGE('',*,*,#2710,.T.);
#3542=ORIENTED_EDGE('',*,*,#2676,.T.);
#3543=ORIENTED_EDGE('',*,*,#2708,.F.);
#3544=ORIENTED_EDGE('',*,*,#2711,.F.);
#3545=ORIENTED_EDGE('',*,*,#2712,.T.);
#3546=ORIENTED_EDGE('',*,*,#2677,.T.);
#3547=ORIENTED_EDGE('',*,*,#2710,.F.);
#3548=ORIENTED_EDGE('',*,*,#2713,.F.);
#3549=ORIENTED_EDGE('',*,*,#2714,.T.);
#3550=ORIENTED_EDGE('',*,*,#2678,.T.);
#3551=ORIENTED_EDGE('',*,*,#2712,.F.);
#3552=ORIENTED_EDGE('',*,*,#2715,.F.);
#3553=ORIENTED_EDGE('',*,*,#2716,.T.);
#3554=ORIENTED_EDGE('',*,*,#2679,.T.);
#3555=ORIENTED_EDGE('',*,*,#2714,.F.);
#3556=ORIENTED_EDGE('',*,*,#2717,.F.);
#3557=ORIENTED_EDGE('',*,*,#2718,.T.);
#3558=ORIENTED_EDGE('',*,*,#2680,.T.);
#3559=ORIENTED_EDGE('',*,*,#2716,.F.);
#3560=ORIENTED_EDGE('',*,*,#2719,.F.);
#3561=ORIENTED_EDGE('',*,*,#2720,.T.);
#3562=ORIENTED_EDGE('',*,*,#2681,.T.);
#3563=ORIENTED_EDGE('',*,*,#2718,.F.);
#3564=ORIENTED_EDGE('',*,*,#2721,.F.);
#3565=ORIENTED_EDGE('',*,*,#2722,.T.);
#3566=ORIENTED_EDGE('',*,*,#2682,.T.);
#3567=ORIENTED_EDGE('',*,*,#2720,.F.);
#3568=ORIENTED_EDGE('',*,*,#2723,.F.);
#3569=ORIENTED_EDGE('',*,*,#2686,.T.);
#3570=ORIENTED_EDGE('',*,*,#2683,.T.);
#3571=ORIENTED_EDGE('',*,*,#2722,.F.);
#3572=ORIENTED_EDGE('',*,*,#2724,.F.);
#3573=ORIENTED_EDGE('',*,*,#2725,.F.);
#3574=ORIENTED_EDGE('',*,*,#2726,.F.);
#3575=ORIENTED_EDGE('',*,*,#2727,.F.);
#3576=ORIENTED_EDGE('',*,*,#2728,.F.);
#3577=ORIENTED_EDGE('',*,*,#2729,.F.);
#3578=ORIENTED_EDGE('',*,*,#2730,.F.);
#3579=ORIENTED_EDGE('',*,*,#2731,.F.);
#3580=ORIENTED_EDGE('',*,*,#2732,.F.);
#3581=ORIENTED_EDGE('',*,*,#2733,.F.);
#3582=ORIENTED_EDGE('',*,*,#2734,.F.);
#3583=ORIENTED_EDGE('',*,*,#2735,.F.);
#3584=ORIENTED_EDGE('',*,*,#2736,.F.);
#3585=ORIENTED_EDGE('',*,*,#2737,.F.);
#3586=ORIENTED_EDGE('',*,*,#2738,.F.);
#3587=ORIENTED_EDGE('',*,*,#2739,.F.);
#3588=ORIENTED_EDGE('',*,*,#2740,.F.);
#3589=ORIENTED_EDGE('',*,*,#2741,.F.);
#3590=ORIENTED_EDGE('',*,*,#2742,.F.);
#3591=ORIENTED_EDGE('',*,*,#2743,.F.);
#3592=ORIENTED_EDGE('',*,*,#2744,.F.);
#3593=ORIENTED_EDGE('',*,*,#2745,.T.);
#3594=ORIENTED_EDGE('',*,*,#2724,.T.);
#3595=ORIENTED_EDGE('',*,*,#2746,.F.);
#3596=ORIENTED_EDGE('',*,*,#2747,.F.);
#3597=ORIENTED_EDGE('',*,*,#2748,.T.);
#3598=ORIENTED_EDGE('',*,*,#2725,.T.);
#3599=ORIENTED_EDGE('',*,*,#2745,.F.);
#3600=ORIENTED_EDGE('',*,*,#2749,.F.);
#3601=ORIENTED_EDGE('',*,*,#2750,.T.);
#3602=ORIENTED_EDGE('',*,*,#2726,.T.);
#3603=ORIENTED_EDGE('',*,*,#2748,.F.);
#3604=ORIENTED_EDGE('',*,*,#2751,.F.);
#3605=ORIENTED_EDGE('',*,*,#2752,.T.);
#3606=ORIENTED_EDGE('',*,*,#2727,.T.);
#3607=ORIENTED_EDGE('',*,*,#2750,.F.);
#3608=ORIENTED_EDGE('',*,*,#2753,.F.);
#3609=ORIENTED_EDGE('',*,*,#2754,.T.);
#3610=ORIENTED_EDGE('',*,*,#2728,.T.);
#3611=ORIENTED_EDGE('',*,*,#2752,.F.);
#3612=ORIENTED_EDGE('',*,*,#2755,.F.);
#3613=ORIENTED_EDGE('',*,*,#2756,.T.);
#3614=ORIENTED_EDGE('',*,*,#2729,.T.);
#3615=ORIENTED_EDGE('',*,*,#2754,.F.);
#3616=ORIENTED_EDGE('',*,*,#2757,.F.);
#3617=ORIENTED_EDGE('',*,*,#2758,.T.);
#3618=ORIENTED_EDGE('',*,*,#2730,.T.);
#3619=ORIENTED_EDGE('',*,*,#2756,.F.);
#3620=ORIENTED_EDGE('',*,*,#2759,.F.);
#3621=ORIENTED_EDGE('',*,*,#2760,.T.);
#3622=ORIENTED_EDGE('',*,*,#2731,.T.);
#3623=ORIENTED_EDGE('',*,*,#2758,.F.);
#3624=ORIENTED_EDGE('',*,*,#2761,.F.);
#3625=ORIENTED_EDGE('',*,*,#2762,.T.);
#3626=ORIENTED_EDGE('',*,*,#2732,.T.);
#3627=ORIENTED_EDGE('',*,*,#2760,.F.);
#3628=ORIENTED_EDGE('',*,*,#2763,.F.);
#3629=ORIENTED_EDGE('',*,*,#2764,.T.);
#3630=ORIENTED_EDGE('',*,*,#2733,.T.);
#3631=ORIENTED_EDGE('',*,*,#2762,.F.);
#3632=ORIENTED_EDGE('',*,*,#2765,.F.);
#3633=ORIENTED_EDGE('',*,*,#2766,.T.);
#3634=ORIENTED_EDGE('',*,*,#2734,.T.);
#3635=ORIENTED_EDGE('',*,*,#2764,.F.);
#3636=ORIENTED_EDGE('',*,*,#2767,.F.);
#3637=ORIENTED_EDGE('',*,*,#2768,.T.);
#3638=ORIENTED_EDGE('',*,*,#2735,.T.);
#3639=ORIENTED_EDGE('',*,*,#2766,.F.);
#3640=ORIENTED_EDGE('',*,*,#2769,.F.);
#3641=ORIENTED_EDGE('',*,*,#2770,.T.);
#3642=ORIENTED_EDGE('',*,*,#2736,.T.);
#3643=ORIENTED_EDGE('',*,*,#2768,.F.);
#3644=ORIENTED_EDGE('',*,*,#2771,.F.);
#3645=ORIENTED_EDGE('',*,*,#2772,.T.);
#3646=ORIENTED_EDGE('',*,*,#2737,.T.);
#3647=ORIENTED_EDGE('',*,*,#2770,.F.);
#3648=ORIENTED_EDGE('',*,*,#2773,.F.);
#3649=ORIENTED_EDGE('',*,*,#2774,.T.);
#3650=ORIENTED_EDGE('',*,*,#2738,.T.);
#3651=ORIENTED_EDGE('',*,*,#2772,.F.);
#3652=ORIENTED_EDGE('',*,*,#2775,.F.);
#3653=ORIENTED_EDGE('',*,*,#2776,.T.);
#3654=ORIENTED_EDGE('',*,*,#2739,.T.);
#3655=ORIENTED_EDGE('',*,*,#2774,.F.);
#3656=ORIENTED_EDGE('',*,*,#2777,.F.);
#3657=ORIENTED_EDGE('',*,*,#2778,.T.);
#3658=ORIENTED_EDGE('',*,*,#2740,.T.);
#3659=ORIENTED_EDGE('',*,*,#2776,.F.);
#3660=ORIENTED_EDGE('',*,*,#2779,.F.);
#3661=ORIENTED_EDGE('',*,*,#2780,.T.);
#3662=ORIENTED_EDGE('',*,*,#2741,.T.);
#3663=ORIENTED_EDGE('',*,*,#2778,.F.);
#3664=ORIENTED_EDGE('',*,*,#2781,.F.);
#3665=ORIENTED_EDGE('',*,*,#2782,.T.);
#3666=ORIENTED_EDGE('',*,*,#2742,.T.);
#3667=ORIENTED_EDGE('',*,*,#2780,.F.);
#3668=ORIENTED_EDGE('',*,*,#2783,.F.);
#3669=ORIENTED_EDGE('',*,*,#2746,.T.);
#3670=ORIENTED_EDGE('',*,*,#2743,.T.);
#3671=ORIENTED_EDGE('',*,*,#2782,.F.);
#3672=ORIENTED_EDGE('',*,*,#2784,.F.);
#3673=ORIENTED_EDGE('',*,*,#2785,.F.);
#3674=ORIENTED_EDGE('',*,*,#2786,.F.);
#3675=ORIENTED_EDGE('',*,*,#2787,.F.);
#3676=ORIENTED_EDGE('',*,*,#2788,.F.);
#3677=ORIENTED_EDGE('',*,*,#2789,.F.);
#3678=ORIENTED_EDGE('',*,*,#2790,.F.);
#3679=ORIENTED_EDGE('',*,*,#2791,.F.);
#3680=ORIENTED_EDGE('',*,*,#2792,.F.);
#3681=ORIENTED_EDGE('',*,*,#2793,.F.);
#3682=ORIENTED_EDGE('',*,*,#2794,.F.);
#3683=ORIENTED_EDGE('',*,*,#2795,.T.);
#3684=ORIENTED_EDGE('',*,*,#2784,.T.);
#3685=ORIENTED_EDGE('',*,*,#2796,.F.);
#3686=ORIENTED_EDGE('',*,*,#2797,.F.);
#3687=ORIENTED_EDGE('',*,*,#2798,.T.);
#3688=ORIENTED_EDGE('',*,*,#2785,.T.);
#3689=ORIENTED_EDGE('',*,*,#2795,.F.);
#3690=ORIENTED_EDGE('',*,*,#2799,.F.);
#3691=ORIENTED_EDGE('',*,*,#2800,.T.);
#3692=ORIENTED_EDGE('',*,*,#2786,.T.);
#3693=ORIENTED_EDGE('',*,*,#2798,.F.);
#3694=ORIENTED_EDGE('',*,*,#2801,.F.);
#3695=ORIENTED_EDGE('',*,*,#2802,.T.);
#3696=ORIENTED_EDGE('',*,*,#2787,.T.);
#3697=ORIENTED_EDGE('',*,*,#2800,.F.);
#3698=ORIENTED_EDGE('',*,*,#2803,.F.);
#3699=ORIENTED_EDGE('',*,*,#2804,.T.);
#3700=ORIENTED_EDGE('',*,*,#2788,.T.);
#3701=ORIENTED_EDGE('',*,*,#2802,.F.);
#3702=ORIENTED_EDGE('',*,*,#2805,.F.);
#3703=ORIENTED_EDGE('',*,*,#2806,.T.);
#3704=ORIENTED_EDGE('',*,*,#2789,.T.);
#3705=ORIENTED_EDGE('',*,*,#2804,.F.);
#3706=ORIENTED_EDGE('',*,*,#2807,.F.);
#3707=ORIENTED_EDGE('',*,*,#2808,.T.);
#3708=ORIENTED_EDGE('',*,*,#2790,.T.);
#3709=ORIENTED_EDGE('',*,*,#2806,.F.);
#3710=ORIENTED_EDGE('',*,*,#2809,.F.);
#3711=ORIENTED_EDGE('',*,*,#2810,.T.);
#3712=ORIENTED_EDGE('',*,*,#2791,.T.);
#3713=ORIENTED_EDGE('',*,*,#2808,.F.);
#3714=ORIENTED_EDGE('',*,*,#2811,.F.);
#3715=ORIENTED_EDGE('',*,*,#2812,.T.);
#3716=ORIENTED_EDGE('',*,*,#2792,.T.);
#3717=ORIENTED_EDGE('',*,*,#2810,.F.);
#3718=ORIENTED_EDGE('',*,*,#2813,.F.);
#3719=ORIENTED_EDGE('',*,*,#2796,.T.);
#3720=ORIENTED_EDGE('',*,*,#2793,.T.);
#3721=ORIENTED_EDGE('',*,*,#2812,.F.);
#3722=ORIENTED_EDGE('',*,*,#2814,.F.);
#3723=ORIENTED_EDGE('',*,*,#2815,.F.);
#3724=ORIENTED_EDGE('',*,*,#2816,.F.);
#3725=ORIENTED_EDGE('',*,*,#2817,.F.);
#3726=ORIENTED_EDGE('',*,*,#2818,.F.);
#3727=ORIENTED_EDGE('',*,*,#2819,.F.);
#3728=ORIENTED_EDGE('',*,*,#2820,.F.);
#3729=ORIENTED_EDGE('',*,*,#2821,.F.);
#3730=ORIENTED_EDGE('',*,*,#2822,.F.);
#3731=ORIENTED_EDGE('',*,*,#2823,.F.);
#3732=ORIENTED_EDGE('',*,*,#2824,.F.);
#3733=ORIENTED_EDGE('',*,*,#2825,.F.);
#3734=ORIENTED_EDGE('',*,*,#2826,.F.);
#3735=ORIENTED_EDGE('',*,*,#2827,.F.);
#3736=ORIENTED_EDGE('',*,*,#2828,.F.);
#3737=ORIENTED_EDGE('',*,*,#2829,.F.);
#3738=ORIENTED_EDGE('',*,*,#2830,.F.);
#3739=ORIENTED_EDGE('',*,*,#2831,.F.);
#3740=ORIENTED_EDGE('',*,*,#2832,.F.);
#3741=ORIENTED_EDGE('',*,*,#2833,.F.);
#3742=ORIENTED_EDGE('',*,*,#2834,.F.);
#3743=ORIENTED_EDGE('',*,*,#2835,.F.);
#3744=ORIENTED_EDGE('',*,*,#2836,.T.);
#3745=ORIENTED_EDGE('',*,*,#2814,.T.);
#3746=ORIENTED_EDGE('',*,*,#2837,.F.);
#3747=ORIENTED_EDGE('',*,*,#2838,.F.);
#3748=ORIENTED_EDGE('',*,*,#2839,.T.);
#3749=ORIENTED_EDGE('',*,*,#2815,.T.);
#3750=ORIENTED_EDGE('',*,*,#2836,.F.);
#3751=ORIENTED_EDGE('',*,*,#2840,.F.);
#3752=ORIENTED_EDGE('',*,*,#2841,.T.);
#3753=ORIENTED_EDGE('',*,*,#2816,.T.);
#3754=ORIENTED_EDGE('',*,*,#2839,.F.);
#3755=ORIENTED_EDGE('',*,*,#2842,.F.);
#3756=ORIENTED_EDGE('',*,*,#2843,.T.);
#3757=ORIENTED_EDGE('',*,*,#2817,.T.);
#3758=ORIENTED_EDGE('',*,*,#2841,.F.);
#3759=ORIENTED_EDGE('',*,*,#2844,.F.);
#3760=ORIENTED_EDGE('',*,*,#2845,.T.);
#3761=ORIENTED_EDGE('',*,*,#2818,.T.);
#3762=ORIENTED_EDGE('',*,*,#2843,.F.);
#3763=ORIENTED_EDGE('',*,*,#2846,.F.);
#3764=ORIENTED_EDGE('',*,*,#2847,.T.);
#3765=ORIENTED_EDGE('',*,*,#2819,.T.);
#3766=ORIENTED_EDGE('',*,*,#2845,.F.);
#3767=ORIENTED_EDGE('',*,*,#2848,.F.);
#3768=ORIENTED_EDGE('',*,*,#2849,.T.);
#3769=ORIENTED_EDGE('',*,*,#2820,.T.);
#3770=ORIENTED_EDGE('',*,*,#2847,.F.);
#3771=ORIENTED_EDGE('',*,*,#2850,.F.);
#3772=ORIENTED_EDGE('',*,*,#2851,.T.);
#3773=ORIENTED_EDGE('',*,*,#2821,.T.);
#3774=ORIENTED_EDGE('',*,*,#2849,.F.);
#3775=ORIENTED_EDGE('',*,*,#2852,.F.);
#3776=ORIENTED_EDGE('',*,*,#2853,.T.);
#3777=ORIENTED_EDGE('',*,*,#2822,.T.);
#3778=ORIENTED_EDGE('',*,*,#2851,.F.);
#3779=ORIENTED_EDGE('',*,*,#2854,.F.);
#3780=ORIENTED_EDGE('',*,*,#2855,.T.);
#3781=ORIENTED_EDGE('',*,*,#2823,.T.);
#3782=ORIENTED_EDGE('',*,*,#2853,.F.);
#3783=ORIENTED_EDGE('',*,*,#2856,.F.);
#3784=ORIENTED_EDGE('',*,*,#2857,.T.);
#3785=ORIENTED_EDGE('',*,*,#2824,.T.);
#3786=ORIENTED_EDGE('',*,*,#2855,.F.);
#3787=ORIENTED_EDGE('',*,*,#2858,.F.);
#3788=ORIENTED_EDGE('',*,*,#2859,.T.);
#3789=ORIENTED_EDGE('',*,*,#2825,.T.);
#3790=ORIENTED_EDGE('',*,*,#2857,.F.);
#3791=ORIENTED_EDGE('',*,*,#2860,.F.);
#3792=ORIENTED_EDGE('',*,*,#2861,.T.);
#3793=ORIENTED_EDGE('',*,*,#2826,.T.);
#3794=ORIENTED_EDGE('',*,*,#2859,.F.);
#3795=ORIENTED_EDGE('',*,*,#2862,.F.);
#3796=ORIENTED_EDGE('',*,*,#2863,.T.);
#3797=ORIENTED_EDGE('',*,*,#2827,.T.);
#3798=ORIENTED_EDGE('',*,*,#2861,.F.);
#3799=ORIENTED_EDGE('',*,*,#2864,.F.);
#3800=ORIENTED_EDGE('',*,*,#2865,.T.);
#3801=ORIENTED_EDGE('',*,*,#2828,.T.);
#3802=ORIENTED_EDGE('',*,*,#2863,.F.);
#3803=ORIENTED_EDGE('',*,*,#2866,.F.);
#3804=ORIENTED_EDGE('',*,*,#2867,.T.);
#3805=ORIENTED_EDGE('',*,*,#2829,.T.);
#3806=ORIENTED_EDGE('',*,*,#2865,.F.);
#3807=ORIENTED_EDGE('',*,*,#2868,.F.);
#3808=ORIENTED_EDGE('',*,*,#2869,.T.);
#3809=ORIENTED_EDGE('',*,*,#2830,.T.);
#3810=ORIENTED_EDGE('',*,*,#2867,.F.);
#3811=ORIENTED_EDGE('',*,*,#2870,.F.);
#3812=ORIENTED_EDGE('',*,*,#2871,.T.);
#3813=ORIENTED_EDGE('',*,*,#2831,.T.);
#3814=ORIENTED_EDGE('',*,*,#2869,.F.);
#3815=ORIENTED_EDGE('',*,*,#2872,.F.);
#3816=ORIENTED_EDGE('',*,*,#2873,.T.);
#3817=ORIENTED_EDGE('',*,*,#2832,.T.);
#3818=ORIENTED_EDGE('',*,*,#2871,.F.);
#3819=ORIENTED_EDGE('',*,*,#2874,.F.);
#3820=ORIENTED_EDGE('',*,*,#2875,.T.);
#3821=ORIENTED_EDGE('',*,*,#2833,.T.);
#3822=ORIENTED_EDGE('',*,*,#2873,.F.);
#3823=ORIENTED_EDGE('',*,*,#2876,.F.);
#3824=ORIENTED_EDGE('',*,*,#2837,.T.);
#3825=ORIENTED_EDGE('',*,*,#2834,.T.);
#3826=ORIENTED_EDGE('',*,*,#2875,.F.);
#3827=ORIENTED_EDGE('',*,*,#2877,.F.);
#3828=ORIENTED_EDGE('',*,*,#2878,.T.);
#3829=ORIENTED_EDGE('',*,*,#2879,.F.);
#3830=ORIENTED_EDGE('',*,*,#2880,.F.);
#3831=ORIENTED_EDGE('',*,*,#2881,.F.);
#3832=ORIENTED_EDGE('',*,*,#2880,.T.);
#3833=ORIENTED_EDGE('',*,*,#2882,.F.);
#3834=ORIENTED_EDGE('',*,*,#2883,.F.);
#3835=ORIENTED_EDGE('',*,*,#2884,.F.);
#3836=ORIENTED_EDGE('',*,*,#2883,.T.);
#3837=ORIENTED_EDGE('',*,*,#2885,.F.);
#3838=ORIENTED_EDGE('',*,*,#2886,.F.);
#3839=ORIENTED_EDGE('',*,*,#2887,.F.);
#3840=ORIENTED_EDGE('',*,*,#2886,.T.);
#3841=ORIENTED_EDGE('',*,*,#2888,.F.);
#3842=ORIENTED_EDGE('',*,*,#2889,.F.);
#3843=ORIENTED_EDGE('',*,*,#2890,.F.);
#3844=ORIENTED_EDGE('',*,*,#2889,.T.);
#3845=ORIENTED_EDGE('',*,*,#2891,.F.);
#3846=ORIENTED_EDGE('',*,*,#2892,.F.);
#3847=ORIENTED_EDGE('',*,*,#2893,.F.);
#3848=ORIENTED_EDGE('',*,*,#2892,.T.);
#3849=ORIENTED_EDGE('',*,*,#2894,.F.);
#3850=ORIENTED_EDGE('',*,*,#2895,.F.);
#3851=ORIENTED_EDGE('',*,*,#2896,.F.);
#3852=ORIENTED_EDGE('',*,*,#2895,.T.);
#3853=ORIENTED_EDGE('',*,*,#2897,.F.);
#3854=ORIENTED_EDGE('',*,*,#2878,.F.);
#3855=ORIENTED_EDGE('',*,*,#2898,.F.);
#3856=ORIENTED_EDGE('',*,*,#2899,.F.);
#3857=ORIENTED_EDGE('',*,*,#2900,.F.);
#3858=ORIENTED_EDGE('',*,*,#2901,.F.);
#3859=ORIENTED_EDGE('',*,*,#2902,.F.);
#3860=ORIENTED_EDGE('',*,*,#2903,.F.);
#3861=ORIENTED_EDGE('',*,*,#2904,.F.);
#3862=ORIENTED_EDGE('',*,*,#2879,.T.);
#3863=ORIENTED_EDGE('',*,*,#2897,.T.);
#3864=ORIENTED_EDGE('',*,*,#2894,.T.);
#3865=ORIENTED_EDGE('',*,*,#2891,.T.);
#3866=ORIENTED_EDGE('',*,*,#2888,.T.);
#3867=ORIENTED_EDGE('',*,*,#2885,.T.);
#3868=ORIENTED_EDGE('',*,*,#2882,.T.);
#3869=ORIENTED_EDGE('',*,*,#2905,.F.);
#3870=ORIENTED_EDGE('',*,*,#2906,.T.);
#3871=ORIENTED_EDGE('',*,*,#2898,.T.);
#3872=ORIENTED_EDGE('',*,*,#2907,.F.);
#3873=ORIENTED_EDGE('',*,*,#2908,.F.);
#3874=ORIENTED_EDGE('',*,*,#2909,.T.);
#3875=ORIENTED_EDGE('',*,*,#2899,.T.);
#3876=ORIENTED_EDGE('',*,*,#2906,.F.);
#3877=ORIENTED_EDGE('',*,*,#2910,.F.);
#3878=ORIENTED_EDGE('',*,*,#2911,.T.);
#3879=ORIENTED_EDGE('',*,*,#2900,.T.);
#3880=ORIENTED_EDGE('',*,*,#2909,.F.);
#3881=ORIENTED_EDGE('',*,*,#2912,.F.);
#3882=ORIENTED_EDGE('',*,*,#2913,.T.);
#3883=ORIENTED_EDGE('',*,*,#2901,.T.);
#3884=ORIENTED_EDGE('',*,*,#2911,.F.);
#3885=ORIENTED_EDGE('',*,*,#2914,.F.);
#3886=ORIENTED_EDGE('',*,*,#2915,.T.);
#3887=ORIENTED_EDGE('',*,*,#2902,.T.);
#3888=ORIENTED_EDGE('',*,*,#2913,.F.);
#3889=ORIENTED_EDGE('',*,*,#2916,.F.);
#3890=ORIENTED_EDGE('',*,*,#2917,.T.);
#3891=ORIENTED_EDGE('',*,*,#2903,.T.);
#3892=ORIENTED_EDGE('',*,*,#2915,.F.);
#3893=ORIENTED_EDGE('',*,*,#2918,.F.);
#3894=ORIENTED_EDGE('',*,*,#2907,.T.);
#3895=ORIENTED_EDGE('',*,*,#2904,.T.);
#3896=ORIENTED_EDGE('',*,*,#2917,.F.);
#3897=ORIENTED_EDGE('',*,*,#2919,.F.);
#3898=ORIENTED_EDGE('',*,*,#2920,.F.);
#3899=ORIENTED_EDGE('',*,*,#2921,.F.);
#3900=ORIENTED_EDGE('',*,*,#2922,.F.);
#3901=ORIENTED_EDGE('',*,*,#2923,.F.);
#3902=ORIENTED_EDGE('',*,*,#2924,.F.);
#3903=ORIENTED_EDGE('',*,*,#2925,.F.);
#3904=ORIENTED_EDGE('',*,*,#2926,.F.);
#3905=ORIENTED_EDGE('',*,*,#2927,.T.);
#3906=ORIENTED_EDGE('',*,*,#2919,.T.);
#3907=ORIENTED_EDGE('',*,*,#2928,.F.);
#3908=ORIENTED_EDGE('',*,*,#2929,.F.);
#3909=ORIENTED_EDGE('',*,*,#2930,.T.);
#3910=ORIENTED_EDGE('',*,*,#2920,.T.);
#3911=ORIENTED_EDGE('',*,*,#2927,.F.);
#3912=ORIENTED_EDGE('',*,*,#2931,.F.);
#3913=ORIENTED_EDGE('',*,*,#2932,.T.);
#3914=ORIENTED_EDGE('',*,*,#2921,.T.);
#3915=ORIENTED_EDGE('',*,*,#2930,.F.);
#3916=ORIENTED_EDGE('',*,*,#2933,.F.);
#3917=ORIENTED_EDGE('',*,*,#2934,.T.);
#3918=ORIENTED_EDGE('',*,*,#2922,.T.);
#3919=ORIENTED_EDGE('',*,*,#2932,.F.);
#3920=ORIENTED_EDGE('',*,*,#2935,.F.);
#3921=ORIENTED_EDGE('',*,*,#2936,.T.);
#3922=ORIENTED_EDGE('',*,*,#2923,.T.);
#3923=ORIENTED_EDGE('',*,*,#2934,.F.);
#3924=ORIENTED_EDGE('',*,*,#2937,.F.);
#3925=ORIENTED_EDGE('',*,*,#2938,.T.);
#3926=ORIENTED_EDGE('',*,*,#2924,.T.);
#3927=ORIENTED_EDGE('',*,*,#2936,.F.);
#3928=ORIENTED_EDGE('',*,*,#2939,.F.);
#3929=ORIENTED_EDGE('',*,*,#2928,.T.);
#3930=ORIENTED_EDGE('',*,*,#2925,.T.);
#3931=ORIENTED_EDGE('',*,*,#2938,.F.);
#3932=ORIENTED_EDGE('',*,*,#2940,.F.);
#3933=ORIENTED_EDGE('',*,*,#2941,.F.);
#3934=ORIENTED_EDGE('',*,*,#2942,.F.);
#3935=ORIENTED_EDGE('',*,*,#2943,.F.);
#3936=ORIENTED_EDGE('',*,*,#2944,.F.);
#3937=ORIENTED_EDGE('',*,*,#2945,.F.);
#3938=ORIENTED_EDGE('',*,*,#2946,.F.);
#3939=ORIENTED_EDGE('',*,*,#2947,.F.);
#3940=ORIENTED_EDGE('',*,*,#2948,.F.);
#3941=ORIENTED_EDGE('',*,*,#2949,.F.);
#3942=ORIENTED_EDGE('',*,*,#2950,.F.);
#3943=ORIENTED_EDGE('',*,*,#2951,.F.);
#3944=ORIENTED_EDGE('',*,*,#2952,.F.);
#3945=ORIENTED_EDGE('',*,*,#2953,.F.);
#3946=ORIENTED_EDGE('',*,*,#2954,.F.);
#3947=ORIENTED_EDGE('',*,*,#2955,.F.);
#3948=ORIENTED_EDGE('',*,*,#2956,.F.);
#3949=ORIENTED_EDGE('',*,*,#2957,.F.);
#3950=ORIENTED_EDGE('',*,*,#2958,.F.);
#3951=ORIENTED_EDGE('',*,*,#2959,.F.);
#3952=ORIENTED_EDGE('',*,*,#2960,.F.);
#3953=ORIENTED_EDGE('',*,*,#2961,.T.);
#3954=ORIENTED_EDGE('',*,*,#2940,.T.);
#3955=ORIENTED_EDGE('',*,*,#2962,.F.);
#3956=ORIENTED_EDGE('',*,*,#2963,.F.);
#3957=ORIENTED_EDGE('',*,*,#2964,.T.);
#3958=ORIENTED_EDGE('',*,*,#2941,.T.);
#3959=ORIENTED_EDGE('',*,*,#2961,.F.);
#3960=ORIENTED_EDGE('',*,*,#2965,.F.);
#3961=ORIENTED_EDGE('',*,*,#2966,.T.);
#3962=ORIENTED_EDGE('',*,*,#2942,.T.);
#3963=ORIENTED_EDGE('',*,*,#2964,.F.);
#3964=ORIENTED_EDGE('',*,*,#2967,.F.);
#3965=ORIENTED_EDGE('',*,*,#2968,.T.);
#3966=ORIENTED_EDGE('',*,*,#2943,.T.);
#3967=ORIENTED_EDGE('',*,*,#2966,.F.);
#3968=ORIENTED_EDGE('',*,*,#2969,.F.);
#3969=ORIENTED_EDGE('',*,*,#2970,.T.);
#3970=ORIENTED_EDGE('',*,*,#2944,.T.);
#3971=ORIENTED_EDGE('',*,*,#2968,.F.);
#3972=ORIENTED_EDGE('',*,*,#2971,.F.);
#3973=ORIENTED_EDGE('',*,*,#2972,.T.);
#3974=ORIENTED_EDGE('',*,*,#2945,.T.);
#3975=ORIENTED_EDGE('',*,*,#2970,.F.);
#3976=ORIENTED_EDGE('',*,*,#2973,.F.);
#3977=ORIENTED_EDGE('',*,*,#2974,.T.);
#3978=ORIENTED_EDGE('',*,*,#2946,.T.);
#3979=ORIENTED_EDGE('',*,*,#2972,.F.);
#3980=ORIENTED_EDGE('',*,*,#2975,.F.);
#3981=ORIENTED_EDGE('',*,*,#2976,.T.);
#3982=ORIENTED_EDGE('',*,*,#2947,.T.);
#3983=ORIENTED_EDGE('',*,*,#2974,.F.);
#3984=ORIENTED_EDGE('',*,*,#2977,.F.);
#3985=ORIENTED_EDGE('',*,*,#2978,.T.);
#3986=ORIENTED_EDGE('',*,*,#2948,.T.);
#3987=ORIENTED_EDGE('',*,*,#2976,.F.);
#3988=ORIENTED_EDGE('',*,*,#2979,.F.);
#3989=ORIENTED_EDGE('',*,*,#2980,.T.);
#3990=ORIENTED_EDGE('',*,*,#2949,.T.);
#3991=ORIENTED_EDGE('',*,*,#2978,.F.);
#3992=ORIENTED_EDGE('',*,*,#2981,.F.);
#3993=ORIENTED_EDGE('',*,*,#2982,.T.);
#3994=ORIENTED_EDGE('',*,*,#2950,.T.);
#3995=ORIENTED_EDGE('',*,*,#2980,.F.);
#3996=ORIENTED_EDGE('',*,*,#2983,.F.);
#3997=ORIENTED_EDGE('',*,*,#2984,.T.);
#3998=ORIENTED_EDGE('',*,*,#2951,.T.);
#3999=ORIENTED_EDGE('',*,*,#2982,.F.);
#4000=ORIENTED_EDGE('',*,*,#2985,.F.);
#4001=ORIENTED_EDGE('',*,*,#2986,.T.);
#4002=ORIENTED_EDGE('',*,*,#2952,.T.);
#4003=ORIENTED_EDGE('',*,*,#2984,.F.);
#4004=ORIENTED_EDGE('',*,*,#2987,.F.);
#4005=ORIENTED_EDGE('',*,*,#2988,.T.);
#4006=ORIENTED_EDGE('',*,*,#2953,.T.);
#4007=ORIENTED_EDGE('',*,*,#2986,.F.);
#4008=ORIENTED_EDGE('',*,*,#2989,.F.);
#4009=ORIENTED_EDGE('',*,*,#2990,.T.);
#4010=ORIENTED_EDGE('',*,*,#2954,.T.);
#4011=ORIENTED_EDGE('',*,*,#2988,.F.);
#4012=ORIENTED_EDGE('',*,*,#2991,.F.);
#4013=ORIENTED_EDGE('',*,*,#2992,.T.);
#4014=ORIENTED_EDGE('',*,*,#2955,.T.);
#4015=ORIENTED_EDGE('',*,*,#2990,.F.);
#4016=ORIENTED_EDGE('',*,*,#2993,.F.);
#4017=ORIENTED_EDGE('',*,*,#2994,.T.);
#4018=ORIENTED_EDGE('',*,*,#2956,.T.);
#4019=ORIENTED_EDGE('',*,*,#2992,.F.);
#4020=ORIENTED_EDGE('',*,*,#2995,.F.);
#4021=ORIENTED_EDGE('',*,*,#2996,.T.);
#4022=ORIENTED_EDGE('',*,*,#2957,.T.);
#4023=ORIENTED_EDGE('',*,*,#2994,.F.);
#4024=ORIENTED_EDGE('',*,*,#2997,.F.);
#4025=ORIENTED_EDGE('',*,*,#2998,.T.);
#4026=ORIENTED_EDGE('',*,*,#2958,.T.);
#4027=ORIENTED_EDGE('',*,*,#2996,.F.);
#4028=ORIENTED_EDGE('',*,*,#2999,.F.);
#4029=ORIENTED_EDGE('',*,*,#2962,.T.);
#4030=ORIENTED_EDGE('',*,*,#2959,.T.);
#4031=ORIENTED_EDGE('',*,*,#2998,.F.);
#4032=ORIENTED_EDGE('',*,*,#3000,.F.);
#4033=ORIENTED_EDGE('',*,*,#3001,.F.);
#4034=ORIENTED_EDGE('',*,*,#3002,.F.);
#4035=ORIENTED_EDGE('',*,*,#3003,.F.);
#4036=ORIENTED_EDGE('',*,*,#3004,.F.);
#4037=ORIENTED_EDGE('',*,*,#3005,.F.);
#4038=ORIENTED_EDGE('',*,*,#3006,.F.);
#4039=ORIENTED_EDGE('',*,*,#3007,.F.);
#4040=ORIENTED_EDGE('',*,*,#3008,.F.);
#4041=ORIENTED_EDGE('',*,*,#3009,.F.);
#4042=ORIENTED_EDGE('',*,*,#3010,.F.);
#4043=ORIENTED_EDGE('',*,*,#3011,.F.);
#4044=ORIENTED_EDGE('',*,*,#3012,.F.);
#4045=ORIENTED_EDGE('',*,*,#3013,.F.);
#4046=ORIENTED_EDGE('',*,*,#3014,.F.);
#4047=ORIENTED_EDGE('',*,*,#3015,.F.);
#4048=ORIENTED_EDGE('',*,*,#3016,.F.);
#4049=ORIENTED_EDGE('',*,*,#3017,.F.);
#4050=ORIENTED_EDGE('',*,*,#3018,.F.);
#4051=ORIENTED_EDGE('',*,*,#3019,.F.);
#4052=ORIENTED_EDGE('',*,*,#3020,.F.);
#4053=ORIENTED_EDGE('',*,*,#3021,.T.);
#4054=ORIENTED_EDGE('',*,*,#3000,.T.);
#4055=ORIENTED_EDGE('',*,*,#3022,.F.);
#4056=ORIENTED_EDGE('',*,*,#3023,.F.);
#4057=ORIENTED_EDGE('',*,*,#3024,.T.);
#4058=ORIENTED_EDGE('',*,*,#3001,.T.);
#4059=ORIENTED_EDGE('',*,*,#3021,.F.);
#4060=ORIENTED_EDGE('',*,*,#3025,.F.);
#4061=ORIENTED_EDGE('',*,*,#3026,.T.);
#4062=ORIENTED_EDGE('',*,*,#3002,.T.);
#4063=ORIENTED_EDGE('',*,*,#3024,.F.);
#4064=ORIENTED_EDGE('',*,*,#3027,.F.);
#4065=ORIENTED_EDGE('',*,*,#3028,.T.);
#4066=ORIENTED_EDGE('',*,*,#3003,.T.);
#4067=ORIENTED_EDGE('',*,*,#3026,.F.);
#4068=ORIENTED_EDGE('',*,*,#3029,.F.);
#4069=ORIENTED_EDGE('',*,*,#3030,.T.);
#4070=ORIENTED_EDGE('',*,*,#3004,.T.);
#4071=ORIENTED_EDGE('',*,*,#3028,.F.);
#4072=ORIENTED_EDGE('',*,*,#3031,.F.);
#4073=ORIENTED_EDGE('',*,*,#3032,.T.);
#4074=ORIENTED_EDGE('',*,*,#3005,.T.);
#4075=ORIENTED_EDGE('',*,*,#3030,.F.);
#4076=ORIENTED_EDGE('',*,*,#3033,.F.);
#4077=ORIENTED_EDGE('',*,*,#3034,.T.);
#4078=ORIENTED_EDGE('',*,*,#3006,.T.);
#4079=ORIENTED_EDGE('',*,*,#3032,.F.);
#4080=ORIENTED_EDGE('',*,*,#3035,.F.);
#4081=ORIENTED_EDGE('',*,*,#3036,.T.);
#4082=ORIENTED_EDGE('',*,*,#3007,.T.);
#4083=ORIENTED_EDGE('',*,*,#3034,.F.);
#4084=ORIENTED_EDGE('',*,*,#3037,.F.);
#4085=ORIENTED_EDGE('',*,*,#3038,.T.);
#4086=ORIENTED_EDGE('',*,*,#3008,.T.);
#4087=ORIENTED_EDGE('',*,*,#3036,.F.);
#4088=ORIENTED_EDGE('',*,*,#3039,.F.);
#4089=ORIENTED_EDGE('',*,*,#3040,.T.);
#4090=ORIENTED_EDGE('',*,*,#3009,.T.);
#4091=ORIENTED_EDGE('',*,*,#3038,.F.);
#4092=ORIENTED_EDGE('',*,*,#3041,.F.);
#4093=ORIENTED_EDGE('',*,*,#3042,.T.);
#4094=ORIENTED_EDGE('',*,*,#3010,.T.);
#4095=ORIENTED_EDGE('',*,*,#3040,.F.);
#4096=ORIENTED_EDGE('',*,*,#3043,.F.);
#4097=ORIENTED_EDGE('',*,*,#3044,.T.);
#4098=ORIENTED_EDGE('',*,*,#3011,.T.);
#4099=ORIENTED_EDGE('',*,*,#3042,.F.);
#4100=ORIENTED_EDGE('',*,*,#3045,.F.);
#4101=ORIENTED_EDGE('',*,*,#3046,.T.);
#4102=ORIENTED_EDGE('',*,*,#3012,.T.);
#4103=ORIENTED_EDGE('',*,*,#3044,.F.);
#4104=ORIENTED_EDGE('',*,*,#3047,.F.);
#4105=ORIENTED_EDGE('',*,*,#3048,.T.);
#4106=ORIENTED_EDGE('',*,*,#3013,.T.);
#4107=ORIENTED_EDGE('',*,*,#3046,.F.);
#4108=ORIENTED_EDGE('',*,*,#3049,.F.);
#4109=ORIENTED_EDGE('',*,*,#3050,.T.);
#4110=ORIENTED_EDGE('',*,*,#3014,.T.);
#4111=ORIENTED_EDGE('',*,*,#3048,.F.);
#4112=ORIENTED_EDGE('',*,*,#3051,.F.);
#4113=ORIENTED_EDGE('',*,*,#3052,.T.);
#4114=ORIENTED_EDGE('',*,*,#3015,.T.);
#4115=ORIENTED_EDGE('',*,*,#3050,.F.);
#4116=ORIENTED_EDGE('',*,*,#3053,.F.);
#4117=ORIENTED_EDGE('',*,*,#3054,.T.);
#4118=ORIENTED_EDGE('',*,*,#3016,.T.);
#4119=ORIENTED_EDGE('',*,*,#3052,.F.);
#4120=ORIENTED_EDGE('',*,*,#3055,.F.);
#4121=ORIENTED_EDGE('',*,*,#3056,.T.);
#4122=ORIENTED_EDGE('',*,*,#3017,.T.);
#4123=ORIENTED_EDGE('',*,*,#3054,.F.);
#4124=ORIENTED_EDGE('',*,*,#3057,.F.);
#4125=ORIENTED_EDGE('',*,*,#3058,.T.);
#4126=ORIENTED_EDGE('',*,*,#3018,.T.);
#4127=ORIENTED_EDGE('',*,*,#3056,.F.);
#4128=ORIENTED_EDGE('',*,*,#3059,.F.);
#4129=ORIENTED_EDGE('',*,*,#3022,.T.);
#4130=ORIENTED_EDGE('',*,*,#3019,.T.);
#4131=ORIENTED_EDGE('',*,*,#3058,.F.);
#4132=ORIENTED_EDGE('',*,*,#3060,.F.);
#4133=ORIENTED_EDGE('',*,*,#3061,.F.);
#4134=ORIENTED_EDGE('',*,*,#3062,.F.);
#4135=ORIENTED_EDGE('',*,*,#3063,.F.);
#4136=ORIENTED_EDGE('',*,*,#3064,.F.);
#4137=ORIENTED_EDGE('',*,*,#3065,.F.);
#4138=ORIENTED_EDGE('',*,*,#3066,.F.);
#4139=ORIENTED_EDGE('',*,*,#3067,.F.);
#4140=ORIENTED_EDGE('',*,*,#3068,.F.);
#4141=ORIENTED_EDGE('',*,*,#3069,.F.);
#4142=ORIENTED_EDGE('',*,*,#3070,.F.);
#4143=ORIENTED_EDGE('',*,*,#3071,.F.);
#4144=ORIENTED_EDGE('',*,*,#3072,.F.);
#4145=ORIENTED_EDGE('',*,*,#3073,.F.);
#4146=ORIENTED_EDGE('',*,*,#3074,.F.);
#4147=ORIENTED_EDGE('',*,*,#3075,.F.);
#4148=ORIENTED_EDGE('',*,*,#3076,.F.);
#4149=ORIENTED_EDGE('',*,*,#3077,.F.);
#4150=ORIENTED_EDGE('',*,*,#3078,.F.);
#4151=ORIENTED_EDGE('',*,*,#3079,.F.);
#4152=ORIENTED_EDGE('',*,*,#3080,.F.);
#4153=ORIENTED_EDGE('',*,*,#3081,.T.);
#4154=ORIENTED_EDGE('',*,*,#3060,.T.);
#4155=ORIENTED_EDGE('',*,*,#3082,.F.);
#4156=ORIENTED_EDGE('',*,*,#3083,.F.);
#4157=ORIENTED_EDGE('',*,*,#3084,.T.);
#4158=ORIENTED_EDGE('',*,*,#3061,.T.);
#4159=ORIENTED_EDGE('',*,*,#3081,.F.);
#4160=ORIENTED_EDGE('',*,*,#3085,.F.);
#4161=ORIENTED_EDGE('',*,*,#3086,.T.);
#4162=ORIENTED_EDGE('',*,*,#3062,.T.);
#4163=ORIENTED_EDGE('',*,*,#3084,.F.);
#4164=ORIENTED_EDGE('',*,*,#3087,.F.);
#4165=ORIENTED_EDGE('',*,*,#3088,.T.);
#4166=ORIENTED_EDGE('',*,*,#3063,.T.);
#4167=ORIENTED_EDGE('',*,*,#3086,.F.);
#4168=ORIENTED_EDGE('',*,*,#3089,.F.);
#4169=ORIENTED_EDGE('',*,*,#3090,.T.);
#4170=ORIENTED_EDGE('',*,*,#3064,.T.);
#4171=ORIENTED_EDGE('',*,*,#3088,.F.);
#4172=ORIENTED_EDGE('',*,*,#3091,.F.);
#4173=ORIENTED_EDGE('',*,*,#3092,.T.);
#4174=ORIENTED_EDGE('',*,*,#3065,.T.);
#4175=ORIENTED_EDGE('',*,*,#3090,.F.);
#4176=ORIENTED_EDGE('',*,*,#3093,.F.);
#4177=ORIENTED_EDGE('',*,*,#3094,.T.);
#4178=ORIENTED_EDGE('',*,*,#3066,.T.);
#4179=ORIENTED_EDGE('',*,*,#3092,.F.);
#4180=ORIENTED_EDGE('',*,*,#3095,.F.);
#4181=ORIENTED_EDGE('',*,*,#3096,.T.);
#4182=ORIENTED_EDGE('',*,*,#3067,.T.);
#4183=ORIENTED_EDGE('',*,*,#3094,.F.);
#4184=ORIENTED_EDGE('',*,*,#3097,.F.);
#4185=ORIENTED_EDGE('',*,*,#3098,.T.);
#4186=ORIENTED_EDGE('',*,*,#3068,.T.);
#4187=ORIENTED_EDGE('',*,*,#3096,.F.);
#4188=ORIENTED_EDGE('',*,*,#3099,.F.);
#4189=ORIENTED_EDGE('',*,*,#3100,.T.);
#4190=ORIENTED_EDGE('',*,*,#3069,.T.);
#4191=ORIENTED_EDGE('',*,*,#3098,.F.);
#4192=ORIENTED_EDGE('',*,*,#3101,.F.);
#4193=ORIENTED_EDGE('',*,*,#3102,.T.);
#4194=ORIENTED_EDGE('',*,*,#3070,.T.);
#4195=ORIENTED_EDGE('',*,*,#3100,.F.);
#4196=ORIENTED_EDGE('',*,*,#3103,.F.);
#4197=ORIENTED_EDGE('',*,*,#3104,.T.);
#4198=ORIENTED_EDGE('',*,*,#3071,.T.);
#4199=ORIENTED_EDGE('',*,*,#3102,.F.);
#4200=ORIENTED_EDGE('',*,*,#3105,.F.);
#4201=ORIENTED_EDGE('',*,*,#3106,.T.);
#4202=ORIENTED_EDGE('',*,*,#3072,.T.);
#4203=ORIENTED_EDGE('',*,*,#3104,.F.);
#4204=ORIENTED_EDGE('',*,*,#3107,.F.);
#4205=ORIENTED_EDGE('',*,*,#3108,.T.);
#4206=ORIENTED_EDGE('',*,*,#3073,.T.);
#4207=ORIENTED_EDGE('',*,*,#3106,.F.);
#4208=ORIENTED_EDGE('',*,*,#3109,.F.);
#4209=ORIENTED_EDGE('',*,*,#3110,.T.);
#4210=ORIENTED_EDGE('',*,*,#3074,.T.);
#4211=ORIENTED_EDGE('',*,*,#3108,.F.);
#4212=ORIENTED_EDGE('',*,*,#3111,.F.);
#4213=ORIENTED_EDGE('',*,*,#3112,.T.);
#4214=ORIENTED_EDGE('',*,*,#3075,.T.);
#4215=ORIENTED_EDGE('',*,*,#3110,.F.);
#4216=ORIENTED_EDGE('',*,*,#3113,.F.);
#4217=ORIENTED_EDGE('',*,*,#3114,.T.);
#4218=ORIENTED_EDGE('',*,*,#3076,.T.);
#4219=ORIENTED_EDGE('',*,*,#3112,.F.);
#4220=ORIENTED_EDGE('',*,*,#3115,.F.);
#4221=ORIENTED_EDGE('',*,*,#3116,.T.);
#4222=ORIENTED_EDGE('',*,*,#3077,.T.);
#4223=ORIENTED_EDGE('',*,*,#3114,.F.);
#4224=ORIENTED_EDGE('',*,*,#3117,.F.);
#4225=ORIENTED_EDGE('',*,*,#3118,.T.);
#4226=ORIENTED_EDGE('',*,*,#3078,.T.);
#4227=ORIENTED_EDGE('',*,*,#3116,.F.);
#4228=ORIENTED_EDGE('',*,*,#3119,.F.);
#4229=ORIENTED_EDGE('',*,*,#3082,.T.);
#4230=ORIENTED_EDGE('',*,*,#3079,.T.);
#4231=ORIENTED_EDGE('',*,*,#3118,.F.);
#4232=ORIENTED_EDGE('',*,*,#3120,.T.);
#4233=ORIENTED_EDGE('',*,*,#3121,.T.);
#4234=ORIENTED_EDGE('',*,*,#3122,.T.);
#4235=ORIENTED_EDGE('',*,*,#3123,.T.);
#4236=ORIENTED_EDGE('',*,*,#2545,.T.);
#4237=ORIENTED_EDGE('',*,*,#2549,.T.);
#4238=ORIENTED_EDGE('',*,*,#2553,.T.);
#4239=ORIENTED_EDGE('',*,*,#2557,.T.);
#4240=ORIENTED_EDGE('',*,*,#2559,.T.);
#4241=ORIENTED_EDGE('',*,*,#2563,.T.);
#4242=ORIENTED_EDGE('',*,*,#2566,.T.);
#4243=ORIENTED_EDGE('',*,*,#2569,.T.);
#4244=ORIENTED_EDGE('',*,*,#3124,.F.);
#4245=ORIENTED_EDGE('',*,*,#3125,.T.);
#4246=ORIENTED_EDGE('',*,*,#3126,.T.);
#4247=ORIENTED_EDGE('',*,*,#3127,.T.);
#4248=ORIENTED_EDGE('',*,*,#3080,.T.);
#4249=ORIENTED_EDGE('',*,*,#3119,.T.);
#4250=ORIENTED_EDGE('',*,*,#3117,.T.);
#4251=ORIENTED_EDGE('',*,*,#3115,.T.);
#4252=ORIENTED_EDGE('',*,*,#3113,.T.);
#4253=ORIENTED_EDGE('',*,*,#3111,.T.);
#4254=ORIENTED_EDGE('',*,*,#3109,.T.);
#4255=ORIENTED_EDGE('',*,*,#3107,.T.);
#4256=ORIENTED_EDGE('',*,*,#3105,.T.);
#4257=ORIENTED_EDGE('',*,*,#3103,.T.);
#4258=ORIENTED_EDGE('',*,*,#3101,.T.);
#4259=ORIENTED_EDGE('',*,*,#3099,.T.);
#4260=ORIENTED_EDGE('',*,*,#3097,.T.);
#4261=ORIENTED_EDGE('',*,*,#3095,.T.);
#4262=ORIENTED_EDGE('',*,*,#3093,.T.);
#4263=ORIENTED_EDGE('',*,*,#3091,.T.);
#4264=ORIENTED_EDGE('',*,*,#3089,.T.);
#4265=ORIENTED_EDGE('',*,*,#3087,.T.);
#4266=ORIENTED_EDGE('',*,*,#3085,.T.);
#4267=ORIENTED_EDGE('',*,*,#3083,.T.);
#4268=ORIENTED_EDGE('',*,*,#3020,.T.);
#4269=ORIENTED_EDGE('',*,*,#3059,.T.);
#4270=ORIENTED_EDGE('',*,*,#3057,.T.);
#4271=ORIENTED_EDGE('',*,*,#3055,.T.);
#4272=ORIENTED_EDGE('',*,*,#3053,.T.);
#4273=ORIENTED_EDGE('',*,*,#3051,.T.);
#4274=ORIENTED_EDGE('',*,*,#3049,.T.);
#4275=ORIENTED_EDGE('',*,*,#3047,.T.);
#4276=ORIENTED_EDGE('',*,*,#3045,.T.);
#4277=ORIENTED_EDGE('',*,*,#3043,.T.);
#4278=ORIENTED_EDGE('',*,*,#3041,.T.);
#4279=ORIENTED_EDGE('',*,*,#3039,.T.);
#4280=ORIENTED_EDGE('',*,*,#3037,.T.);
#4281=ORIENTED_EDGE('',*,*,#3035,.T.);
#4282=ORIENTED_EDGE('',*,*,#3033,.T.);
#4283=ORIENTED_EDGE('',*,*,#3031,.T.);
#4284=ORIENTED_EDGE('',*,*,#3029,.T.);
#4285=ORIENTED_EDGE('',*,*,#3027,.T.);
#4286=ORIENTED_EDGE('',*,*,#3025,.T.);
#4287=ORIENTED_EDGE('',*,*,#3023,.T.);
#4288=ORIENTED_EDGE('',*,*,#2960,.T.);
#4289=ORIENTED_EDGE('',*,*,#2999,.T.);
#4290=ORIENTED_EDGE('',*,*,#2997,.T.);
#4291=ORIENTED_EDGE('',*,*,#2995,.T.);
#4292=ORIENTED_EDGE('',*,*,#2993,.T.);
#4293=ORIENTED_EDGE('',*,*,#2991,.T.);
#4294=ORIENTED_EDGE('',*,*,#2989,.T.);
#4295=ORIENTED_EDGE('',*,*,#2987,.T.);
#4296=ORIENTED_EDGE('',*,*,#2985,.T.);
#4297=ORIENTED_EDGE('',*,*,#2983,.T.);
#4298=ORIENTED_EDGE('',*,*,#2981,.T.);
#4299=ORIENTED_EDGE('',*,*,#2979,.T.);
#4300=ORIENTED_EDGE('',*,*,#2977,.T.);
#4301=ORIENTED_EDGE('',*,*,#2975,.T.);
#4302=ORIENTED_EDGE('',*,*,#2973,.T.);
#4303=ORIENTED_EDGE('',*,*,#2971,.T.);
#4304=ORIENTED_EDGE('',*,*,#2969,.T.);
#4305=ORIENTED_EDGE('',*,*,#2967,.T.);
#4306=ORIENTED_EDGE('',*,*,#2965,.T.);
#4307=ORIENTED_EDGE('',*,*,#2963,.T.);
#4308=ORIENTED_EDGE('',*,*,#2926,.T.);
#4309=ORIENTED_EDGE('',*,*,#2939,.T.);
#4310=ORIENTED_EDGE('',*,*,#2937,.T.);
#4311=ORIENTED_EDGE('',*,*,#2935,.T.);
#4312=ORIENTED_EDGE('',*,*,#2933,.T.);
#4313=ORIENTED_EDGE('',*,*,#2931,.T.);
#4314=ORIENTED_EDGE('',*,*,#2929,.T.);
#4315=ORIENTED_EDGE('',*,*,#2905,.T.);
#4316=ORIENTED_EDGE('',*,*,#2918,.T.);
#4317=ORIENTED_EDGE('',*,*,#2916,.T.);
#4318=ORIENTED_EDGE('',*,*,#2914,.T.);
#4319=ORIENTED_EDGE('',*,*,#2912,.T.);
#4320=ORIENTED_EDGE('',*,*,#2910,.T.);
#4321=ORIENTED_EDGE('',*,*,#2908,.T.);
#4322=ORIENTED_EDGE('',*,*,#2835,.T.);
#4323=ORIENTED_EDGE('',*,*,#2876,.T.);
#4324=ORIENTED_EDGE('',*,*,#2874,.T.);
#4325=ORIENTED_EDGE('',*,*,#2872,.T.);
#4326=ORIENTED_EDGE('',*,*,#2870,.T.);
#4327=ORIENTED_EDGE('',*,*,#2868,.T.);
#4328=ORIENTED_EDGE('',*,*,#2866,.T.);
#4329=ORIENTED_EDGE('',*,*,#2864,.T.);
#4330=ORIENTED_EDGE('',*,*,#2862,.T.);
#4331=ORIENTED_EDGE('',*,*,#2860,.T.);
#4332=ORIENTED_EDGE('',*,*,#2858,.T.);
#4333=ORIENTED_EDGE('',*,*,#2856,.T.);
#4334=ORIENTED_EDGE('',*,*,#2854,.T.);
#4335=ORIENTED_EDGE('',*,*,#2852,.T.);
#4336=ORIENTED_EDGE('',*,*,#2850,.T.);
#4337=ORIENTED_EDGE('',*,*,#2848,.T.);
#4338=ORIENTED_EDGE('',*,*,#2846,.T.);
#4339=ORIENTED_EDGE('',*,*,#2844,.T.);
#4340=ORIENTED_EDGE('',*,*,#2842,.T.);
#4341=ORIENTED_EDGE('',*,*,#2840,.T.);
#4342=ORIENTED_EDGE('',*,*,#2838,.T.);
#4343=ORIENTED_EDGE('',*,*,#2794,.T.);
#4344=ORIENTED_EDGE('',*,*,#2813,.T.);
#4345=ORIENTED_EDGE('',*,*,#2811,.T.);
#4346=ORIENTED_EDGE('',*,*,#2809,.T.);
#4347=ORIENTED_EDGE('',*,*,#2807,.T.);
#4348=ORIENTED_EDGE('',*,*,#2805,.T.);
#4349=ORIENTED_EDGE('',*,*,#2803,.T.);
#4350=ORIENTED_EDGE('',*,*,#2801,.T.);
#4351=ORIENTED_EDGE('',*,*,#2799,.T.);
#4352=ORIENTED_EDGE('',*,*,#2797,.T.);
#4353=ORIENTED_EDGE('',*,*,#2744,.T.);
#4354=ORIENTED_EDGE('',*,*,#2783,.T.);
#4355=ORIENTED_EDGE('',*,*,#2781,.T.);
#4356=ORIENTED_EDGE('',*,*,#2779,.T.);
#4357=ORIENTED_EDGE('',*,*,#2777,.T.);
#4358=ORIENTED_EDGE('',*,*,#2775,.T.);
#4359=ORIENTED_EDGE('',*,*,#2773,.T.);
#4360=ORIENTED_EDGE('',*,*,#2771,.T.);
#4361=ORIENTED_EDGE('',*,*,#2769,.T.);
#4362=ORIENTED_EDGE('',*,*,#2767,.T.);
#4363=ORIENTED_EDGE('',*,*,#2765,.T.);
#4364=ORIENTED_EDGE('',*,*,#2763,.T.);
#4365=ORIENTED_EDGE('',*,*,#2761,.T.);
#4366=ORIENTED_EDGE('',*,*,#2759,.T.);
#4367=ORIENTED_EDGE('',*,*,#2757,.T.);
#4368=ORIENTED_EDGE('',*,*,#2755,.T.);
#4369=ORIENTED_EDGE('',*,*,#2753,.T.);
#4370=ORIENTED_EDGE('',*,*,#2751,.T.);
#4371=ORIENTED_EDGE('',*,*,#2749,.T.);
#4372=ORIENTED_EDGE('',*,*,#2747,.T.);
#4373=ORIENTED_EDGE('',*,*,#2684,.T.);
#4374=ORIENTED_EDGE('',*,*,#2723,.T.);
#4375=ORIENTED_EDGE('',*,*,#2721,.T.);
#4376=ORIENTED_EDGE('',*,*,#2719,.T.);
#4377=ORIENTED_EDGE('',*,*,#2717,.T.);
#4378=ORIENTED_EDGE('',*,*,#2715,.T.);
#4379=ORIENTED_EDGE('',*,*,#2713,.T.);
#4380=ORIENTED_EDGE('',*,*,#2711,.T.);
#4381=ORIENTED_EDGE('',*,*,#2709,.T.);
#4382=ORIENTED_EDGE('',*,*,#2707,.T.);
#4383=ORIENTED_EDGE('',*,*,#2705,.T.);
#4384=ORIENTED_EDGE('',*,*,#2703,.T.);
#4385=ORIENTED_EDGE('',*,*,#2701,.T.);
#4386=ORIENTED_EDGE('',*,*,#2699,.T.);
#4387=ORIENTED_EDGE('',*,*,#2697,.T.);
#4388=ORIENTED_EDGE('',*,*,#2695,.T.);
#4389=ORIENTED_EDGE('',*,*,#2693,.T.);
#4390=ORIENTED_EDGE('',*,*,#2691,.T.);
#4391=ORIENTED_EDGE('',*,*,#2689,.T.);
#4392=ORIENTED_EDGE('',*,*,#2687,.T.);
#4393=ORIENTED_EDGE('',*,*,#2652,.T.);
#4394=ORIENTED_EDGE('',*,*,#2663,.T.);
#4395=ORIENTED_EDGE('',*,*,#2661,.T.);
#4396=ORIENTED_EDGE('',*,*,#2659,.T.);
#4397=ORIENTED_EDGE('',*,*,#2657,.T.);
#4398=ORIENTED_EDGE('',*,*,#2655,.T.);
#4399=ORIENTED_EDGE('',*,*,#2632,.T.);
#4400=ORIENTED_EDGE('',*,*,#2645,.T.);
#4401=ORIENTED_EDGE('',*,*,#2643,.T.);
#4402=ORIENTED_EDGE('',*,*,#2641,.T.);
#4403=ORIENTED_EDGE('',*,*,#2639,.T.);
#4404=ORIENTED_EDGE('',*,*,#2637,.T.);
#4405=ORIENTED_EDGE('',*,*,#2635,.T.);
#4406=ORIENTED_EDGE('',*,*,#2588,.T.);
#4407=ORIENTED_EDGE('',*,*,#2603,.T.);
#4408=ORIENTED_EDGE('',*,*,#2601,.T.);
#4409=ORIENTED_EDGE('',*,*,#2599,.T.);
#4410=ORIENTED_EDGE('',*,*,#2597,.T.);
#4411=ORIENTED_EDGE('',*,*,#2595,.T.);
#4412=ORIENTED_EDGE('',*,*,#2593,.T.);
#4413=ORIENTED_EDGE('',*,*,#2591,.T.);
#4414=ORIENTED_EDGE('',*,*,#2877,.T.);
#4415=ORIENTED_EDGE('',*,*,#2881,.T.);
#4416=ORIENTED_EDGE('',*,*,#2884,.T.);
#4417=ORIENTED_EDGE('',*,*,#2887,.T.);
#4418=ORIENTED_EDGE('',*,*,#2890,.T.);
#4419=ORIENTED_EDGE('',*,*,#2893,.T.);
#4420=ORIENTED_EDGE('',*,*,#2896,.T.);
#4421=ORIENTED_EDGE('',*,*,#2604,.T.);
#4422=ORIENTED_EDGE('',*,*,#2608,.T.);
#4423=ORIENTED_EDGE('',*,*,#2611,.T.);
#4424=ORIENTED_EDGE('',*,*,#2614,.T.);
#4425=ORIENTED_EDGE('',*,*,#2617,.T.);
#4426=ORIENTED_EDGE('',*,*,#2620,.T.);
#4427=ORIENTED_EDGE('',*,*,#2623,.T.);
#4428=ORIENTED_EDGE('',*,*,#3128,.T.);
#4429=ORIENTED_EDGE('',*,*,#3129,.T.);
#4430=ORIENTED_EDGE('',*,*,#3130,.T.);
#4431=ORIENTED_EDGE('',*,*,#3131,.T.);
#4432=ORIENTED_EDGE('',*,*,#3132,.F.);
#4433=ORIENTED_EDGE('',*,*,#3129,.F.);
#4434=ORIENTED_EDGE('',*,*,#3133,.F.);
#4435=ORIENTED_EDGE('',*,*,#3134,.F.);
#4436=ORIENTED_EDGE('',*,*,#3135,.F.);
#4437=ORIENTED_EDGE('',*,*,#3136,.F.);
#4438=ORIENTED_EDGE('',*,*,#3137,.F.);
#4439=ORIENTED_EDGE('',*,*,#3138,.T.);
#4440=ORIENTED_EDGE('',*,*,#3139,.T.);
#4441=ORIENTED_EDGE('',*,*,#3140,.T.);
#4442=ORIENTED_EDGE('',*,*,#3141,.T.);
#4443=ORIENTED_EDGE('',*,*,#3128,.F.);
#4444=ORIENTED_EDGE('',*,*,#3142,.T.);
#4445=ORIENTED_EDGE('',*,*,#3143,.T.);
#4446=ORIENTED_EDGE('',*,*,#3144,.T.);
#4447=ORIENTED_EDGE('',*,*,#3145,.T.);
#4448=ORIENTED_EDGE('',*,*,#3146,.T.);
#4449=ORIENTED_EDGE('',*,*,#3147,.F.);
#4450=ORIENTED_EDGE('',*,*,#3133,.T.);
#4451=ORIENTED_EDGE('',*,*,#3148,.T.);
#4452=ORIENTED_EDGE('',*,*,#3149,.F.);
#4453=ORIENTED_EDGE('',*,*,#3150,.F.);
#4454=ORIENTED_EDGE('',*,*,#3151,.F.);
#4455=ORIENTED_EDGE('',*,*,#3152,.F.);
#4456=ORIENTED_EDGE('',*,*,#3153,.F.);
#4457=ORIENTED_EDGE('',*,*,#3154,.F.);
#4458=ORIENTED_EDGE('',*,*,#3155,.T.);
#4459=ORIENTED_EDGE('',*,*,#3147,.T.);
#4460=ORIENTED_EDGE('',*,*,#3156,.T.);
#4461=ORIENTED_EDGE('',*,*,#3157,.F.);
#4462=ORIENTED_EDGE('',*,*,#3158,.F.);
#4463=ORIENTED_EDGE('',*,*,#3149,.T.);
#4464=ORIENTED_EDGE('',*,*,#3159,.T.);
#4465=ORIENTED_EDGE('',*,*,#3134,.T.);
#4466=ORIENTED_EDGE('',*,*,#3155,.F.);
#4467=ORIENTED_EDGE('',*,*,#3160,.T.);
#4468=ORIENTED_EDGE('',*,*,#3161,.T.);
#4469=ORIENTED_EDGE('',*,*,#3162,.F.);
#4470=ORIENTED_EDGE('',*,*,#3163,.F.);
#4471=ORIENTED_EDGE('',*,*,#3164,.T.);
#4472=ORIENTED_EDGE('',*,*,#3165,.T.);
#4473=ORIENTED_EDGE('',*,*,#3166,.F.);
#4474=ORIENTED_EDGE('',*,*,#3167,.F.);
#4475=ORIENTED_EDGE('',*,*,#3168,.T.);
#4476=ORIENTED_EDGE('',*,*,#3169,.T.);
#4477=ORIENTED_EDGE('',*,*,#3160,.F.);
#4478=ORIENTED_EDGE('',*,*,#3170,.F.);
#4479=ORIENTED_EDGE('',*,*,#3171,.T.);
#4480=ORIENTED_EDGE('',*,*,#3172,.T.);
#4481=ORIENTED_EDGE('',*,*,#3164,.F.);
#4482=ORIENTED_EDGE('',*,*,#3173,.F.);
#4483=ORIENTED_EDGE('',*,*,#3174,.T.);
#4484=ORIENTED_EDGE('',*,*,#3175,.T.);
#4485=ORIENTED_EDGE('',*,*,#3168,.F.);
#4486=ORIENTED_EDGE('',*,*,#3176,.F.);
#4487=ORIENTED_EDGE('',*,*,#3177,.T.);
#4488=ORIENTED_EDGE('',*,*,#3178,.T.);
#4489=ORIENTED_EDGE('',*,*,#3171,.F.);
#4490=ORIENTED_EDGE('',*,*,#3179,.F.);
#4491=ORIENTED_EDGE('',*,*,#3180,.T.);
#4492=ORIENTED_EDGE('',*,*,#3181,.T.);
#4493=ORIENTED_EDGE('',*,*,#3174,.F.);
#4494=ORIENTED_EDGE('',*,*,#3182,.F.);
#4495=ORIENTED_EDGE('',*,*,#3183,.T.);
#4496=ORIENTED_EDGE('',*,*,#3184,.T.);
#4497=ORIENTED_EDGE('',*,*,#3177,.F.);
#4498=ORIENTED_EDGE('',*,*,#3185,.F.);
#4499=ORIENTED_EDGE('',*,*,#3139,.F.);
#4500=ORIENTED_EDGE('',*,*,#3186,.T.);
#4501=ORIENTED_EDGE('',*,*,#3180,.F.);
#4502=ORIENTED_EDGE('',*,*,#3187,.F.);
#4503=ORIENTED_EDGE('',*,*,#3188,.T.);
#4504=ORIENTED_EDGE('',*,*,#3166,.T.);
#4505=ORIENTED_EDGE('',*,*,#3189,.T.);
#4506=ORIENTED_EDGE('',*,*,#3162,.T.);
#4507=ORIENTED_EDGE('',*,*,#3190,.F.);
#4508=ORIENTED_EDGE('',*,*,#3191,.T.);
#4509=ORIENTED_EDGE('',*,*,#3183,.F.);
#4510=ORIENTED_EDGE('',*,*,#3192,.F.);
#4511=ORIENTED_EDGE('',*,*,#3193,.F.);
#4512=ORIENTED_EDGE('',*,*,#3194,.F.);
#4513=ORIENTED_EDGE('',*,*,#3187,.T.);
#4514=ORIENTED_EDGE('',*,*,#3182,.T.);
#4515=ORIENTED_EDGE('',*,*,#3176,.T.);
#4516=ORIENTED_EDGE('',*,*,#3170,.T.);
#4517=ORIENTED_EDGE('',*,*,#3163,.T.);
#4518=ORIENTED_EDGE('',*,*,#3189,.F.);
#4519=ORIENTED_EDGE('',*,*,#3165,.F.);
#4520=ORIENTED_EDGE('',*,*,#3172,.F.);
#4521=ORIENTED_EDGE('',*,*,#3178,.F.);
#4522=ORIENTED_EDGE('',*,*,#3184,.F.);
#4523=ORIENTED_EDGE('',*,*,#3191,.F.);
#4524=ORIENTED_EDGE('',*,*,#3195,.F.);
#4525=ORIENTED_EDGE('',*,*,#3192,.T.);
#4526=ORIENTED_EDGE('',*,*,#3185,.T.);
#4527=ORIENTED_EDGE('',*,*,#3179,.T.);
#4528=ORIENTED_EDGE('',*,*,#3173,.T.);
#4529=ORIENTED_EDGE('',*,*,#3167,.T.);
#4530=ORIENTED_EDGE('',*,*,#3188,.F.);
#4531=ORIENTED_EDGE('',*,*,#3161,.F.);
#4532=ORIENTED_EDGE('',*,*,#3169,.F.);
#4533=ORIENTED_EDGE('',*,*,#3175,.F.);
#4534=ORIENTED_EDGE('',*,*,#3181,.F.);
#4535=ORIENTED_EDGE('',*,*,#3186,.F.);
#4536=ORIENTED_EDGE('',*,*,#3196,.F.);
#4537=ORIENTED_EDGE('',*,*,#3194,.T.);
#4538=ORIENTED_EDGE('',*,*,#3197,.T.);
#4539=ORIENTED_EDGE('',*,*,#3198,.F.);
#4540=ORIENTED_EDGE('',*,*,#3140,.F.);
#4541=ORIENTED_EDGE('',*,*,#3196,.T.);
#4542=ORIENTED_EDGE('',*,*,#3138,.F.);
#4543=ORIENTED_EDGE('',*,*,#3199,.F.);
#4544=ORIENTED_EDGE('',*,*,#3200,.T.);
#4545=ORIENTED_EDGE('',*,*,#3201,.F.);
#4546=ORIENTED_EDGE('',*,*,#3202,.T.);
#4547=ORIENTED_EDGE('',*,*,#3145,.F.);
#4548=ORIENTED_EDGE('',*,*,#3203,.F.);
#4549=ORIENTED_EDGE('',*,*,#3204,.F.);
#4550=ORIENTED_EDGE('',*,*,#3203,.T.);
#4551=ORIENTED_EDGE('',*,*,#3144,.F.);
#4552=ORIENTED_EDGE('',*,*,#3205,.F.);
#4553=ORIENTED_EDGE('',*,*,#3206,.F.);
#4554=ORIENTED_EDGE('',*,*,#3205,.T.);
#4555=ORIENTED_EDGE('',*,*,#3143,.F.);
#4556=ORIENTED_EDGE('',*,*,#3207,.F.);
#4557=ORIENTED_EDGE('',*,*,#3131,.F.);
#4558=ORIENTED_EDGE('',*,*,#3208,.F.);
#4559=ORIENTED_EDGE('',*,*,#3207,.T.);
#4560=ORIENTED_EDGE('',*,*,#3142,.F.);
#4561=ORIENTED_EDGE('',*,*,#3150,.T.);
#4562=ORIENTED_EDGE('',*,*,#3158,.T.);
#4563=ORIENTED_EDGE('',*,*,#3209,.F.);
#4564=ORIENTED_EDGE('',*,*,#3210,.F.);
#4565=ORIENTED_EDGE('',*,*,#3151,.T.);
#4566=ORIENTED_EDGE('',*,*,#3210,.T.);
#4567=ORIENTED_EDGE('',*,*,#3211,.F.);
#4568=ORIENTED_EDGE('',*,*,#3212,.F.);
#4569=ORIENTED_EDGE('',*,*,#3152,.T.);
#4570=ORIENTED_EDGE('',*,*,#3212,.T.);
#4571=ORIENTED_EDGE('',*,*,#3213,.F.);
#4572=ORIENTED_EDGE('',*,*,#3214,.F.);
#4573=ORIENTED_EDGE('',*,*,#3153,.T.);
#4574=ORIENTED_EDGE('',*,*,#3214,.T.);
#4575=ORIENTED_EDGE('',*,*,#3215,.F.);
#4576=ORIENTED_EDGE('',*,*,#3156,.F.);
#4577=ORIENTED_EDGE('',*,*,#3146,.F.);
#4578=ORIENTED_EDGE('',*,*,#3202,.F.);
#4579=ORIENTED_EDGE('',*,*,#3216,.F.);
#4580=ORIENTED_EDGE('',*,*,#3217,.T.);
#4581=ORIENTED_EDGE('',*,*,#3154,.T.);
#4582=ORIENTED_EDGE('',*,*,#3215,.T.);
#4583=ORIENTED_EDGE('',*,*,#3213,.T.);
#4584=ORIENTED_EDGE('',*,*,#3211,.T.);
#4585=ORIENTED_EDGE('',*,*,#3209,.T.);
#4586=ORIENTED_EDGE('',*,*,#3157,.T.);
#4587=ORIENTED_EDGE('',*,*,#3148,.F.);
#4588=ORIENTED_EDGE('',*,*,#3217,.F.);
#4589=ORIENTED_EDGE('',*,*,#3135,.T.);
#4590=ORIENTED_EDGE('',*,*,#3159,.F.);
#4591=ORIENTED_EDGE('',*,*,#3218,.F.);
#4592=ORIENTED_EDGE('',*,*,#3219,.T.);
#4593=ORIENTED_EDGE('',*,*,#3220,.F.);
#4594=ORIENTED_EDGE('',*,*,#3221,.F.);
#4595=ORIENTED_EDGE('',*,*,#3222,.F.);
#4596=ORIENTED_EDGE('',*,*,#3221,.T.);
#4597=ORIENTED_EDGE('',*,*,#3223,.F.);
#4598=ORIENTED_EDGE('',*,*,#3224,.F.);
#4599=ORIENTED_EDGE('',*,*,#3225,.F.);
#4600=ORIENTED_EDGE('',*,*,#3224,.T.);
#4601=ORIENTED_EDGE('',*,*,#3226,.F.);
#4602=ORIENTED_EDGE('',*,*,#3227,.F.);
#4603=ORIENTED_EDGE('',*,*,#3228,.F.);
#4604=ORIENTED_EDGE('',*,*,#3227,.T.);
#4605=ORIENTED_EDGE('',*,*,#3229,.F.);
#4606=ORIENTED_EDGE('',*,*,#3219,.F.);
#4607=ORIENTED_EDGE('',*,*,#3229,.T.);
#4608=ORIENTED_EDGE('',*,*,#3226,.T.);
#4609=ORIENTED_EDGE('',*,*,#3223,.T.);
#4610=ORIENTED_EDGE('',*,*,#3220,.T.);
#4611=ORIENTED_EDGE('',*,*,#3195,.T.);
#4612=ORIENTED_EDGE('',*,*,#3200,.F.);
#4613=ORIENTED_EDGE('',*,*,#3230,.F.);
#4614=ORIENTED_EDGE('',*,*,#3124,.T.);
#4615=ORIENTED_EDGE('',*,*,#3231,.F.);
#4616=ORIENTED_EDGE('',*,*,#3197,.F.);
#4617=ORIENTED_EDGE('',*,*,#3193,.T.);
#4618=ORIENTED_EDGE('',*,*,#3190,.T.);
#4619=ORIENTED_EDGE('',*,*,#3198,.T.);
#4620=ORIENTED_EDGE('',*,*,#3231,.T.);
#4621=ORIENTED_EDGE('',*,*,#3127,.F.);
#4622=ORIENTED_EDGE('',*,*,#3232,.T.);
#4623=ORIENTED_EDGE('',*,*,#3233,.F.);
#4624=ORIENTED_EDGE('',*,*,#3141,.F.);
#4625=ORIENTED_EDGE('',*,*,#3230,.T.);
#4626=ORIENTED_EDGE('',*,*,#3199,.T.);
#4627=ORIENTED_EDGE('',*,*,#3137,.T.);
#4628=ORIENTED_EDGE('',*,*,#3234,.F.);
#4629=ORIENTED_EDGE('',*,*,#3235,.F.);
#4630=ORIENTED_EDGE('',*,*,#3125,.F.);
#4631=ORIENTED_EDGE('',*,*,#3126,.F.);
#4632=ORIENTED_EDGE('',*,*,#3235,.T.);
#4633=ORIENTED_EDGE('',*,*,#3236,.F.);
#4634=ORIENTED_EDGE('',*,*,#3232,.F.);
#4635=ORIENTED_EDGE('',*,*,#3208,.T.);
#4636=ORIENTED_EDGE('',*,*,#3130,.F.);
#4637=ORIENTED_EDGE('',*,*,#3132,.T.);
#4638=ORIENTED_EDGE('',*,*,#3233,.T.);
#4639=ORIENTED_EDGE('',*,*,#3236,.T.);
#4640=ORIENTED_EDGE('',*,*,#3234,.T.);
#4641=ORIENTED_EDGE('',*,*,#3136,.T.);
#4642=ORIENTED_EDGE('',*,*,#3216,.T.);
#4643=ORIENTED_EDGE('',*,*,#3201,.T.);
#4644=ORIENTED_EDGE('',*,*,#3204,.T.);
#4645=ORIENTED_EDGE('',*,*,#3206,.T.);
#4646=ORIENTED_EDGE('',*,*,#3218,.T.);
#4647=ORIENTED_EDGE('',*,*,#3222,.T.);
#4648=ORIENTED_EDGE('',*,*,#3225,.T.);
#4649=ORIENTED_EDGE('',*,*,#3228,.T.);
#4650=ORIENTED_EDGE('',*,*,#2542,.F.);
#4651=ORIENTED_EDGE('',*,*,#3237,.T.);
#4652=ORIENTED_EDGE('',*,*,#2550,.F.);
#4653=ORIENTED_EDGE('',*,*,#3237,.F.);
#4654=ORIENTED_EDGE('',*,*,#2538,.F.);
#4655=ORIENTED_EDGE('',*,*,#3238,.T.);
#4656=ORIENTED_EDGE('',*,*,#2546,.F.);
#4657=ORIENTED_EDGE('',*,*,#3238,.F.);
#4658=ORIENTED_EDGE('',*,*,#2530,.F.);
#4659=ORIENTED_EDGE('',*,*,#3239,.T.);
#4660=ORIENTED_EDGE('',*,*,#2554,.F.);
#4661=ORIENTED_EDGE('',*,*,#3239,.F.);
#4662=ORIENTED_EDGE('',*,*,#2534,.F.);
#4663=ORIENTED_EDGE('',*,*,#3240,.T.);
#4664=ORIENTED_EDGE('',*,*,#2558,.F.);
#4665=ORIENTED_EDGE('',*,*,#3240,.F.);
#4666=ORIENTED_EDGE('',*,*,#3241,.T.);
#4667=ORIENTED_EDGE('',*,*,#3242,.T.);
#4668=ORIENTED_EDGE('',*,*,#3121,.F.);
#4669=ORIENTED_EDGE('',*,*,#3243,.F.);
#4670=ORIENTED_EDGE('',*,*,#3244,.T.);
#4671=ORIENTED_EDGE('',*,*,#3243,.T.);
#4672=ORIENTED_EDGE('',*,*,#3120,.F.);
#4673=ORIENTED_EDGE('',*,*,#3245,.F.);
#4674=ORIENTED_EDGE('',*,*,#3246,.T.);
#4675=ORIENTED_EDGE('',*,*,#3245,.T.);
#4676=ORIENTED_EDGE('',*,*,#3123,.F.);
#4677=ORIENTED_EDGE('',*,*,#3247,.F.);
#4678=ORIENTED_EDGE('',*,*,#3248,.T.);
#4679=ORIENTED_EDGE('',*,*,#3247,.T.);
#4680=ORIENTED_EDGE('',*,*,#3122,.F.);
#4681=ORIENTED_EDGE('',*,*,#3242,.F.);
#4682=ORIENTED_EDGE('',*,*,#2571,.T.);
#4683=ORIENTED_EDGE('',*,*,#2575,.T.);
#4684=ORIENTED_EDGE('',*,*,#2578,.T.);
#4685=ORIENTED_EDGE('',*,*,#3248,.F.);
#4686=ORIENTED_EDGE('',*,*,#3241,.F.);
#4687=ORIENTED_EDGE('',*,*,#3244,.F.);
#4688=ORIENTED_EDGE('',*,*,#3246,.F.);
#4689=ORIENTED_EDGE('',*,*,#2529,.T.);
#4690=ORIENTED_EDGE('',*,*,#2533,.T.);
#4691=ORIENTED_EDGE('',*,*,#2537,.T.);
#4692=ORIENTED_EDGE('',*,*,#2541,.T.);
#4693=CYLINDRICAL_SURFACE('',#5070,1.);
#4694=CYLINDRICAL_SURFACE('',#5075,1.);
#4695=CYLINDRICAL_SURFACE('',#5080,1.);
#4696=CYLINDRICAL_SURFACE('',#5085,1.);
#4697=CYLINDRICAL_SURFACE('',#5090,1.);
#4698=CYLINDRICAL_SURFACE('',#5095,1.);
#4699=CYLINDRICAL_SURFACE('',#5100,1.);
#4700=CYLINDRICAL_SURFACE('',#5105,1.);
#4701=CYLINDRICAL_SURFACE('',#5203,0.5);
#4702=CYLINDRICAL_SURFACE('',#5213,0.1);
#4703=CYLINDRICAL_SURFACE('',#5220,0.249999999999999);
#4704=CYLINDRICAL_SURFACE('',#5223,0.190000000000001);
#4705=CYLINDRICAL_SURFACE('',#5228,0.25);
#4706=CYLINDRICAL_SURFACE('',#5231,0.190000000000001);
#4707=CYLINDRICAL_SURFACE('',#5241,0.500000000000004);
#4708=CYLINDRICAL_SURFACE('',#5244,0.500000000000004);
#4709=CYLINDRICAL_SURFACE('',#5247,0.500000000000002);
#4710=CYLINDRICAL_SURFACE('',#5250,0.500000000000003);
#4711=CYLINDRICAL_SURFACE('',#5255,0.04);
#4712=CYLINDRICAL_SURFACE('',#5266,0.5);
#4713=CYLINDRICAL_SURFACE('',#5267,0.5);
#4714=CYLINDRICAL_SURFACE('',#5268,0.5);
#4715=CYLINDRICAL_SURFACE('',#5269,0.5);
#4716=STYLED_ITEM('',(#9088),#4786);
#4717=STYLED_ITEM('',(#9088),#4787);
#4718=STYLED_ITEM('',(#9088),#4788);
#4719=STYLED_ITEM('',(#9088),#4789);
#4720=STYLED_ITEM('',(#9088),#4790);
#4721=STYLED_ITEM('',(#9088),#4791);
#4722=STYLED_ITEM('',(#9088),#4792);
#4723=STYLED_ITEM('',(#9088),#4793);
#4724=STYLED_ITEM('',(#9088),#4794);
#4725=STYLED_ITEM('',(#9088),#4795);
#4726=STYLED_ITEM('',(#9088),#4796);
#4727=STYLED_ITEM('',(#9088),#4797);
#4728=STYLED_ITEM('',(#9088),#4798);
#4729=STYLED_ITEM('',(#9088),#4799);
#4730=STYLED_ITEM('',(#9088),#4800);
#4731=STYLED_ITEM('',(#9088),#4801);
#4732=STYLED_ITEM('',(#9089),#4802);
#4733=STYLED_ITEM('',(#9089),#4803);
#4734=STYLED_ITEM('',(#9089),#4804);
#4735=STYLED_ITEM('',(#9089),#4805);
#4736=STYLED_ITEM('',(#9089),#4806);
#4737=STYLED_ITEM('',(#9089),#4810);
#4738=STYLED_ITEM('',(#9089),#4826);
#4739=STYLED_ITEM('',(#9089),#4834);
#4740=STYLED_ITEM('',(#9089),#4841);
#4741=STYLED_ITEM('',(#9089),#4862);
#4742=STYLED_ITEM('',(#9089),#4883);
#4743=STYLED_ITEM('',(#9089),#4894);
#4744=STYLED_ITEM('',(#9089),#4923);
#4745=STYLED_ITEM('',(#9089),#4931);
#4746=STYLED_ITEM('',(#9089),#4939);
#4747=STYLED_ITEM('',(#9089),#4960);
#4748=STYLED_ITEM('',(#9089),#4981);
#4749=STYLED_ITEM('',(#9090),#5002);
#4750=STYLED_ITEM('',(#9090),#5003);
#4751=STYLED_ITEM('',(#9090),#5004);
#4752=STYLED_ITEM('',(#9088),#5006);
#4753=STYLED_ITEM('',(#9091),#5007);
#4754=STYLED_ITEM('',(#9091),#5008);
#4755=STYLED_ITEM('',(#9091),#5009);
#4756=STYLED_ITEM('',(#9091),#5010);
#4757=STYLED_ITEM('',(#9092),#5024);
#4758=STYLED_ITEM('',(#9092),#5025);
#4759=STYLED_ITEM('',(#9091),#5026);
#4760=STYLED_ITEM('',(#9091),#5027);
#4761=STYLED_ITEM('',(#9091),#5028);
#4762=STYLED_ITEM('',(#9091),#5029);
#4763=STYLED_ITEM('',(#9091),#5030);
#4764=STYLED_ITEM('',(#9091),#5031);
#4765=STYLED_ITEM('',(#9091),#5032);
#4766=STYLED_ITEM('',(#9091),#5033);
#4767=STYLED_ITEM('',(#9091),#5034);
#4768=STYLED_ITEM('',(#9091),#5035);
#4769=STYLED_ITEM('',(#9093),#5036);
#4770=STYLED_ITEM('',(#9093),#5037);
#4771=STYLED_ITEM('',(#9093),#5038);
#4772=STYLED_ITEM('',(#9093),#5039);
#4773=STYLED_ITEM('',(#9093),#5040);
#4774=STYLED_ITEM('',(#9092),#5041);
#4775=STYLED_ITEM('',(#9088),#5042);
#4776=STYLED_ITEM('',(#9088),#5043);
#4777=STYLED_ITEM('',(#9088),#5044);
#4778=STYLED_ITEM('',(#9088),#5045);
#4779=STYLED_ITEM('',(#9090),#5050);
#4780=STYLED_ITEM('',(#9090),#5051);
#4781=STYLED_ITEM('',(#9090),#5052);
#4782=STYLED_ITEM('',(#9090),#5053);
#4783=STYLED_ITEM('',(#9090),#5054);
#4784=STYLED_ITEM('',(#9090),#5055);
#4785=STYLED_ITEM('',(#9087),#13);
#4786=ADVANCED_FACE('',(#515),#4693,.T.);
#4787=ADVANCED_FACE('',(#516,#344),#378,.F.);
#4788=ADVANCED_FACE('',(#517),#4694,.T.);
#4789=ADVANCED_FACE('',(#518,#345),#379,.F.);
#4790=ADVANCED_FACE('',(#519),#4695,.T.);
#4791=ADVANCED_FACE('',(#520,#346),#380,.F.);
#4792=ADVANCED_FACE('',(#521),#4696,.T.);
#4793=ADVANCED_FACE('',(#522,#347),#381,.F.);
#4794=ADVANCED_FACE('',(#523),#4697,.T.);
#4795=ADVANCED_FACE('',(#524,#348),#382,.T.);
#4796=ADVANCED_FACE('',(#525),#4698,.T.);
#4797=ADVANCED_FACE('',(#526,#349),#383,.T.);
#4798=ADVANCED_FACE('',(#527),#4699,.T.);
#4799=ADVANCED_FACE('',(#528,#350),#384,.T.);
#4800=ADVANCED_FACE('',(#529),#4700,.T.);
#4801=ADVANCED_FACE('',(#530,#351),#385,.T.);
#4802=ADVANCED_FACE('',(#531),#386,.T.);
#4803=ADVANCED_FACE('',(#532),#387,.T.);
#4804=ADVANCED_FACE('',(#533),#388,.T.);
#4805=ADVANCED_FACE('',(#534),#389,.T.);
#4806=ADVANCED_FACE('',(#535),#390,.T.);
#4807=ADVANCED_FACE('',(#536),#391,.T.);
#4808=ADVANCED_FACE('',(#537),#392,.T.);
#4809=ADVANCED_FACE('',(#538),#393,.T.);
#4810=ADVANCED_FACE('',(#539,#352),#394,.T.);
#4811=ADVANCED_FACE('',(#540),#395,.F.);
#4812=ADVANCED_FACE('',(#541),#396,.F.);
#4813=ADVANCED_FACE('',(#542),#397,.F.);
#4814=ADVANCED_FACE('',(#543),#398,.F.);
#4815=ADVANCED_FACE('',(#544),#399,.F.);
#4816=ADVANCED_FACE('',(#545),#400,.F.);
#4817=ADVANCED_FACE('',(#546),#401,.F.);
#4818=ADVANCED_FACE('',(#547),#402,.F.);
#4819=ADVANCED_FACE('',(#548),#234,.F.);
#4820=ADVANCED_FACE('',(#549),#235,.F.);
#4821=ADVANCED_FACE('',(#550),#403,.T.);
#4822=ADVANCED_FACE('',(#551),#404,.T.);
#4823=ADVANCED_FACE('',(#552),#405,.T.);
#4824=ADVANCED_FACE('',(#553),#236,.F.);
#4825=ADVANCED_FACE('',(#554),#237,.F.);
#4826=ADVANCED_FACE('',(#555,#353),#406,.T.);
#4827=ADVANCED_FACE('',(#556),#238,.F.);
#4828=ADVANCED_FACE('',(#557),#239,.F.);
#4829=ADVANCED_FACE('',(#558),#240,.F.);
#4830=ADVANCED_FACE('',(#559),#407,.F.);
#4831=ADVANCED_FACE('',(#560),#408,.F.);
#4832=ADVANCED_FACE('',(#561),#409,.F.);
#4833=ADVANCED_FACE('',(#562),#241,.F.);
#4834=ADVANCED_FACE('',(#563),#410,.T.);
#4835=ADVANCED_FACE('',(#564),#411,.F.);
#4836=ADVANCED_FACE('',(#565),#412,.F.);
#4837=ADVANCED_FACE('',(#566),#413,.F.);
#4838=ADVANCED_FACE('',(#567),#414,.F.);
#4839=ADVANCED_FACE('',(#568),#415,.F.);
#4840=ADVANCED_FACE('',(#569),#416,.F.);
#4841=ADVANCED_FACE('',(#570),#417,.T.);
#4842=ADVANCED_FACE('',(#571),#242,.F.);
#4843=ADVANCED_FACE('',(#572),#243,.F.);
#4844=ADVANCED_FACE('',(#573),#244,.F.);
#4845=ADVANCED_FACE('',(#574),#245,.F.);
#4846=ADVANCED_FACE('',(#575),#246,.F.);
#4847=ADVANCED_FACE('',(#576),#247,.F.);
#4848=ADVANCED_FACE('',(#577),#248,.F.);
#4849=ADVANCED_FACE('',(#578),#249,.F.);
#4850=ADVANCED_FACE('',(#579),#418,.F.);
#4851=ADVANCED_FACE('',(#580),#419,.F.);
#4852=ADVANCED_FACE('',(#581),#250,.F.);
#4853=ADVANCED_FACE('',(#582),#251,.F.);
#4854=ADVANCED_FACE('',(#583),#252,.F.);
#4855=ADVANCED_FACE('',(#584),#253,.F.);
#4856=ADVANCED_FACE('',(#585),#254,.F.);
#4857=ADVANCED_FACE('',(#586),#255,.F.);
#4858=ADVANCED_FACE('',(#587),#256,.F.);
#4859=ADVANCED_FACE('',(#588),#257,.F.);
#4860=ADVANCED_FACE('',(#589),#420,.F.);
#4861=ADVANCED_FACE('',(#590),#421,.F.);
#4862=ADVANCED_FACE('',(#591),#422,.T.);
#4863=ADVANCED_FACE('',(#592),#258,.F.);
#4864=ADVANCED_FACE('',(#593),#259,.F.);
#4865=ADVANCED_FACE('',(#594),#260,.F.);
#4866=ADVANCED_FACE('',(#595),#423,.F.);
#4867=ADVANCED_FACE('',(#596),#424,.F.);
#4868=ADVANCED_FACE('',(#597),#261,.F.);
#4869=ADVANCED_FACE('',(#598),#262,.F.);
#4870=ADVANCED_FACE('',(#599),#263,.F.);
#4871=ADVANCED_FACE('',(#600),#264,.F.);
#4872=ADVANCED_FACE('',(#601),#265,.F.);
#4873=ADVANCED_FACE('',(#602),#266,.F.);
#4874=ADVANCED_FACE('',(#603),#267,.F.);
#4875=ADVANCED_FACE('',(#604),#268,.F.);
#4876=ADVANCED_FACE('',(#605),#425,.F.);
#4877=ADVANCED_FACE('',(#606),#426,.F.);
#4878=ADVANCED_FACE('',(#607),#269,.F.);
#4879=ADVANCED_FACE('',(#608),#270,.F.);
#4880=ADVANCED_FACE('',(#609),#271,.F.);
#4881=ADVANCED_FACE('',(#610),#272,.F.);
#4882=ADVANCED_FACE('',(#611),#273,.F.);
#4883=ADVANCED_FACE('',(#612),#427,.T.);
#4884=ADVANCED_FACE('',(#613),#428,.F.);
#4885=ADVANCED_FACE('',(#614),#429,.F.);
#4886=ADVANCED_FACE('',(#615),#430,.F.);
#4887=ADVANCED_FACE('',(#616),#431,.F.);
#4888=ADVANCED_FACE('',(#617),#432,.F.);
#4889=ADVANCED_FACE('',(#618),#433,.F.);
#4890=ADVANCED_FACE('',(#619),#434,.F.);
#4891=ADVANCED_FACE('',(#620),#435,.F.);
#4892=ADVANCED_FACE('',(#621),#436,.F.);
#4893=ADVANCED_FACE('',(#622),#437,.F.);
#4894=ADVANCED_FACE('',(#623),#438,.T.);
#4895=ADVANCED_FACE('',(#624),#274,.F.);
#4896=ADVANCED_FACE('',(#625),#275,.F.);
#4897=ADVANCED_FACE('',(#626),#276,.F.);
#4898=ADVANCED_FACE('',(#627),#439,.F.);
#4899=ADVANCED_FACE('',(#628),#440,.F.);
#4900=ADVANCED_FACE('',(#629),#441,.F.);
#4901=ADVANCED_FACE('',(#630),#442,.F.);
#4902=ADVANCED_FACE('',(#631),#443,.F.);
#4903=ADVANCED_FACE('',(#632),#277,.F.);
#4904=ADVANCED_FACE('',(#633),#278,.F.);
#4905=ADVANCED_FACE('',(#634),#279,.F.);
#4906=ADVANCED_FACE('',(#635),#280,.F.);
#4907=ADVANCED_FACE('',(#636),#281,.F.);
#4908=ADVANCED_FACE('',(#637),#282,.F.);
#4909=ADVANCED_FACE('',(#638),#444,.F.);
#4910=ADVANCED_FACE('',(#639),#445,.F.);
#4911=ADVANCED_FACE('',(#640),#283,.F.);
#4912=ADVANCED_FACE('',(#641),#284,.F.);
#4913=ADVANCED_FACE('',(#642),#285,.F.);
#4914=ADVANCED_FACE('',(#643),#286,.F.);
#4915=ADVANCED_FACE('',(#644),#287,.F.);
#4916=ADVANCED_FACE('',(#645),#288,.F.);
#4917=ADVANCED_FACE('',(#646),#289,.F.);
#4918=ADVANCED_FACE('',(#647),#446,.T.);
#4919=ADVANCED_FACE('',(#648),#447,.T.);
#4920=ADVANCED_FACE('',(#649),#448,.T.);
#4921=ADVANCED_FACE('',(#650),#290,.F.);
#4922=ADVANCED_FACE('',(#651),#291,.F.);
#4923=ADVANCED_FACE('',(#652,#354),#449,.T.);
#4924=ADVANCED_FACE('',(#653),#292,.F.);
#4925=ADVANCED_FACE('',(#654),#293,.F.);
#4926=ADVANCED_FACE('',(#655),#294,.F.);
#4927=ADVANCED_FACE('',(#656),#450,.F.);
#4928=ADVANCED_FACE('',(#657),#451,.F.);
#4929=ADVANCED_FACE('',(#658),#452,.F.);
#4930=ADVANCED_FACE('',(#659),#295,.F.);
#4931=ADVANCED_FACE('',(#660),#453,.T.);
#4932=ADVANCED_FACE('',(#661),#454,.F.);
#4933=ADVANCED_FACE('',(#662),#455,.F.);
#4934=ADVANCED_FACE('',(#663),#456,.F.);
#4935=ADVANCED_FACE('',(#664),#457,.F.);
#4936=ADVANCED_FACE('',(#665),#458,.F.);
#4937=ADVANCED_FACE('',(#666),#459,.F.);
#4938=ADVANCED_FACE('',(#667),#460,.F.);
#4939=ADVANCED_FACE('',(#668),#461,.T.);
#4940=ADVANCED_FACE('',(#669),#296,.F.);
#4941=ADVANCED_FACE('',(#670),#297,.F.);
#4942=ADVANCED_FACE('',(#671),#298,.F.);
#4943=ADVANCED_FACE('',(#672),#462,.F.);
#4944=ADVANCED_FACE('',(#673),#463,.F.);
#4945=ADVANCED_FACE('',(#674),#299,.F.);
#4946=ADVANCED_FACE('',(#675),#300,.F.);
#4947=ADVANCED_FACE('',(#676),#301,.F.);
#4948=ADVANCED_FACE('',(#677),#302,.F.);
#4949=ADVANCED_FACE('',(#678),#303,.F.);
#4950=ADVANCED_FACE('',(#679),#304,.F.);
#4951=ADVANCED_FACE('',(#680),#305,.F.);
#4952=ADVANCED_FACE('',(#681),#306,.F.);
#4953=ADVANCED_FACE('',(#682),#464,.F.);
#4954=ADVANCED_FACE('',(#683),#465,.F.);
#4955=ADVANCED_FACE('',(#684),#307,.F.);
#4956=ADVANCED_FACE('',(#685),#308,.F.);
#4957=ADVANCED_FACE('',(#686),#309,.F.);
#4958=ADVANCED_FACE('',(#687),#310,.F.);
#4959=ADVANCED_FACE('',(#688),#311,.F.);
#4960=ADVANCED_FACE('',(#689),#466,.T.);
#4961=ADVANCED_FACE('',(#690),#312,.F.);
#4962=ADVANCED_FACE('',(#691),#313,.F.);
#4963=ADVANCED_FACE('',(#692),#314,.F.);
#4964=ADVANCED_FACE('',(#693),#467,.F.);
#4965=ADVANCED_FACE('',(#694),#468,.F.);
#4966=ADVANCED_FACE('',(#695),#315,.F.);
#4967=ADVANCED_FACE('',(#696),#316,.F.);
#4968=ADVANCED_FACE('',(#697),#317,.F.);
#4969=ADVANCED_FACE('',(#698),#318,.F.);
#4970=ADVANCED_FACE('',(#699),#319,.F.);
#4971=ADVANCED_FACE('',(#700),#320,.F.);
#4972=ADVANCED_FACE('',(#701),#321,.F.);
#4973=ADVANCED_FACE('',(#702),#322,.F.);
#4974=ADVANCED_FACE('',(#703),#469,.F.);
#4975=ADVANCED_FACE('',(#704),#470,.F.);
#4976=ADVANCED_FACE('',(#705),#323,.F.);
#4977=ADVANCED_FACE('',(#706),#324,.F.);
#4978=ADVANCED_FACE('',(#707),#325,.F.);
#4979=ADVANCED_FACE('',(#708),#326,.F.);
#4980=ADVANCED_FACE('',(#709),#327,.F.);
#4981=ADVANCED_FACE('',(#710),#471,.T.);
#4982=ADVANCED_FACE('',(#711),#328,.F.);
#4983=ADVANCED_FACE('',(#712),#329,.F.);
#4984=ADVANCED_FACE('',(#713),#330,.F.);
#4985=ADVANCED_FACE('',(#714),#331,.F.);
#4986=ADVANCED_FACE('',(#715),#332,.F.);
#4987=ADVANCED_FACE('',(#716),#333,.F.);
#4988=ADVANCED_FACE('',(#717),#334,.F.);
#4989=ADVANCED_FACE('',(#718),#335,.F.);
#4990=ADVANCED_FACE('',(#719),#472,.F.);
#4991=ADVANCED_FACE('',(#720),#473,.F.);
#4992=ADVANCED_FACE('',(#721),#336,.F.);
#4993=ADVANCED_FACE('',(#722),#337,.F.);
#4994=ADVANCED_FACE('',(#723),#338,.F.);
#4995=ADVANCED_FACE('',(#724),#339,.F.);
#4996=ADVANCED_FACE('',(#725),#340,.F.);
#4997=ADVANCED_FACE('',(#726),#341,.F.);
#4998=ADVANCED_FACE('',(#727),#342,.F.);
#4999=ADVANCED_FACE('',(#728),#343,.F.);
#5000=ADVANCED_FACE('',(#729),#474,.F.);
#5001=ADVANCED_FACE('',(#730),#475,.F.);
#5002=ADVANCED_FACE('',(#731,#355,#356,#357,#358,#359,#360,#361,#362,#363,
#364,#365,#366,#367,#368,#369,#370,#371,#372),#476,.T.);
#5003=ADVANCED_FACE('',(#732),#477,.T.);
#5004=ADVANCED_FACE('',(#733),#478,.T.);
#5005=ADVANCED_FACE('',(#734),#4701,.T.);
#5006=ADVANCED_FACE('',(#735),#479,.T.);
#5007=ADVANCED_FACE('',(#736),#480,.T.);
#5008=ADVANCED_FACE('',(#737),#481,.F.);
#5009=ADVANCED_FACE('',(#738),#4702,.T.);
#5010=ADVANCED_FACE('',(#739),#482,.T.);
#5011=ADVANCED_FACE('',(#740),#483,.T.);
#5012=ADVANCED_FACE('',(#741),#484,.T.);
#5013=ADVANCED_FACE('',(#742),#4703,.T.);
#5014=ADVANCED_FACE('',(#743),#4704,.F.);
#5015=ADVANCED_FACE('',(#744),#485,.T.);
#5016=ADVANCED_FACE('',(#745),#486,.T.);
#5017=ADVANCED_FACE('',(#746),#4705,.T.);
#5018=ADVANCED_FACE('',(#747),#4706,.F.);
#5019=ADVANCED_FACE('',(#748),#487,.T.);
#5020=ADVANCED_FACE('',(#749),#488,.T.);
#5021=ADVANCED_FACE('',(#750),#489,.T.);
#5022=ADVANCED_FACE('',(#751),#490,.T.);
#5023=ADVANCED_FACE('',(#752),#491,.T.);
#5024=ADVANCED_FACE('',(#753),#492,.F.);
#5025=ADVANCED_FACE('',(#754),#493,.F.);
#5026=ADVANCED_FACE('',(#755),#4707,.T.);
#5027=ADVANCED_FACE('',(#756),#494,.T.);
#5028=ADVANCED_FACE('',(#757),#4708,.T.);
#5029=ADVANCED_FACE('',(#758),#495,.T.);
#5030=ADVANCED_FACE('',(#759),#4709,.T.);
#5031=ADVANCED_FACE('',(#760),#496,.T.);
#5032=ADVANCED_FACE('',(#761),#4710,.T.);
#5033=ADVANCED_FACE('',(#762),#497,.T.);
#5034=ADVANCED_FACE('',(#763),#498,.T.);
#5035=ADVANCED_FACE('',(#764),#4711,.F.);
#5036=ADVANCED_FACE('',(#765),#499,.T.);
#5037=ADVANCED_FACE('',(#766),#500,.T.);
#5038=ADVANCED_FACE('',(#767),#501,.T.);
#5039=ADVANCED_FACE('',(#768),#502,.T.);
#5040=ADVANCED_FACE('',(#769),#503,.T.);
#5041=ADVANCED_FACE('',(#770),#504,.F.);
#5042=ADVANCED_FACE('',(#771),#505,.T.);
#5043=ADVANCED_FACE('',(#772),#506,.T.);
#5044=ADVANCED_FACE('',(#773),#507,.T.);
#5045=ADVANCED_FACE('',(#774,#373),#508,.T.);
#5046=ADVANCED_FACE('',(#775),#4712,.F.);
#5047=ADVANCED_FACE('',(#776),#4713,.F.);
#5048=ADVANCED_FACE('',(#777),#4714,.F.);
#5049=ADVANCED_FACE('',(#778),#4715,.F.);
#5050=ADVANCED_FACE('',(#779),#509,.T.);
#5051=ADVANCED_FACE('',(#780),#510,.T.);
#5052=ADVANCED_FACE('',(#781),#511,.T.);
#5053=ADVANCED_FACE('',(#782),#512,.T.);
#5054=ADVANCED_FACE('',(#783),#513,.T.);
#5055=ADVANCED_FACE('',(#784,#374,#375,#376,#377),#514,.F.);
#5056=CLOSED_SHELL('',(#4786,#4787,#4788,#4789,#4790,#4791,#4792,#4793,
#4794,#4795,#4796,#4797,#4798,#4799,#4800,#4801,#4802,#4803,#4804,#4805,
#4806,#4807,#4808,#4809,#4810,#4811,#4812,#4813,#4814,#4815,#4816,#4817,
#4818,#4819,#4820,#4821,#4822,#4823,#4824,#4825,#4826,#4827,#4828,#4829,
#4830,#4831,#4832,#4833,#4834,#4835,#4836,#4837,#4838,#4839,#4840,#4841,
#4842,#4843,#4844,#4845,#4846,#4847,#4848,#4849,#4850,#4851,#4852,#4853,
#4854,#4855,#4856,#4857,#4858,#4859,#4860,#4861,#4862,#4863,#4864,#4865,
#4866,#4867,#4868,#4869,#4870,#4871,#4872,#4873,#4874,#4875,#4876,#4877,
#4878,#4879,#4880,#4881,#4882,#4883,#4884,#4885,#4886,#4887,#4888,#4889,
#4890,#4891,#4892,#4893,#4894,#4895,#4896,#4897,#4898,#4899,#4900,#4901,
#4902,#4903,#4904,#4905,#4906,#4907,#4908,#4909,#4910,#4911,#4912,#4913,
#4914,#4915,#4916,#4917,#4918,#4919,#4920,#4921,#4922,#4923,#4924,#4925,
#4926,#4927,#4928,#4929,#4930,#4931,#4932,#4933,#4934,#4935,#4936,#4937,
#4938,#4939,#4940,#4941,#4942,#4943,#4944,#4945,#4946,#4947,#4948,#4949,
#4950,#4951,#4952,#4953,#4954,#4955,#4956,#4957,#4958,#4959,#4960,#4961,
#4962,#4963,#4964,#4965,#4966,#4967,#4968,#4969,#4970,#4971,#4972,#4973,
#4974,#4975,#4976,#4977,#4978,#4979,#4980,#4981,#4982,#4983,#4984,#4985,
#4986,#4987,#4988,#4989,#4990,#4991,#4992,#4993,#4994,#4995,#4996,#4997,
#4998,#4999,#5000,#5001,#5002,#5003,#5004,#5005,#5006,#5007,#5008,#5009,
#5010,#5011,#5012,#5013,#5014,#5015,#5016,#5017,#5018,#5019,#5020,#5021,
#5022,#5023,#5024,#5025,#5026,#5027,#5028,#5029,#5030,#5031,#5032,#5033,
#5034,#5035,#5036,#5037,#5038,#5039,#5040,#5041,#5042,#5043,#5044,#5045,
#5046,#5047,#5048,#5049,#5050,#5051,#5052,#5053,#5054,#5055));
#5057=DERIVED_UNIT_ELEMENT(#5059,1.);
#5058=DERIVED_UNIT_ELEMENT(#9072,-3.);
#5059=(
MASS_UNIT()
NAMED_UNIT(*)
SI_UNIT(.KILO.,.GRAM.)
);
#5060=DERIVED_UNIT((#5057,#5058));
#5061=MEASURE_REPRESENTATION_ITEM('density measure',
POSITIVE_RATIO_MEASURE(7850.),#5060);
#5062=PROPERTY_DEFINITION_REPRESENTATION(#5067,#5064);
#5063=PROPERTY_DEFINITION_REPRESENTATION(#5068,#5065);
#5064=REPRESENTATION('material name',(#5066),#9069);
#5065=REPRESENTATION('density',(#5061),#9069);
#5066=DESCRIPTIVE_REPRESENTATION_ITEM('Steel','Steel');
#5067=PROPERTY_DEFINITION('material property','material name',#9079);
#5068=PROPERTY_DEFINITION('material property','density of part',#9079);
#5069=AXIS2_PLACEMENT_3D('',#6146,#5276,#5277);
#5070=AXIS2_PLACEMENT_3D('',#6147,#5278,#5279);
#5071=AXIS2_PLACEMENT_3D('',#6149,#5280,#5281);
#5072=AXIS2_PLACEMENT_3D('',#6152,#5283,#5284);
#5073=AXIS2_PLACEMENT_3D('',#6153,#5285,#5286);
#5074=AXIS2_PLACEMENT_3D('',#6155,#5287,#5288);
#5075=AXIS2_PLACEMENT_3D('',#6156,#5289,#5290);
#5076=AXIS2_PLACEMENT_3D('',#6158,#5291,#5292);
#5077=AXIS2_PLACEMENT_3D('',#6161,#5294,#5295);
#5078=AXIS2_PLACEMENT_3D('',#6162,#5296,#5297);
#5079=AXIS2_PLACEMENT_3D('',#6164,#5298,#5299);
#5080=AXIS2_PLACEMENT_3D('',#6165,#5300,#5301);
#5081=AXIS2_PLACEMENT_3D('',#6167,#5302,#5303);
#5082=AXIS2_PLACEMENT_3D('',#6170,#5305,#5306);
#5083=AXIS2_PLACEMENT_3D('',#6171,#5307,#5308);
#5084=AXIS2_PLACEMENT_3D('',#6173,#5309,#5310);
#5085=AXIS2_PLACEMENT_3D('',#6174,#5311,#5312);
#5086=AXIS2_PLACEMENT_3D('',#6176,#5313,#5314);
#5087=AXIS2_PLACEMENT_3D('',#6179,#5316,#5317);
#5088=AXIS2_PLACEMENT_3D('',#6180,#5318,#5319);
#5089=AXIS2_PLACEMENT_3D('',#6182,#5320,#5321);
#5090=AXIS2_PLACEMENT_3D('',#6183,#5322,#5323);
#5091=AXIS2_PLACEMENT_3D('',#6185,#5324,#5325);
#5092=AXIS2_PLACEMENT_3D('',#6188,#5327,#5328);
#5093=AXIS2_PLACEMENT_3D('',#6189,#5329,#5330);
#5094=AXIS2_PLACEMENT_3D('',#6191,#5331,#5332);
#5095=AXIS2_PLACEMENT_3D('',#6192,#5333,#5334);
#5096=AXIS2_PLACEMENT_3D('',#6194,#5335,#5336);
#5097=AXIS2_PLACEMENT_3D('',#6197,#5338,#5339);
#5098=AXIS2_PLACEMENT_3D('',#6198,#5340,#5341);
#5099=AXIS2_PLACEMENT_3D('',#6200,#5342,#5343);
#5100=AXIS2_PLACEMENT_3D('',#6201,#5344,#5345);
#5101=AXIS2_PLACEMENT_3D('',#6203,#5346,#5347);
#5102=AXIS2_PLACEMENT_3D('',#6206,#5349,#5350);
#5103=AXIS2_PLACEMENT_3D('',#6207,#5351,#5352);
#5104=AXIS2_PLACEMENT_3D('',#6209,#5353,#5354);
#5105=AXIS2_PLACEMENT_3D('',#6210,#5355,#5356);
#5106=AXIS2_PLACEMENT_3D('',#6212,#5357,#5358);
#5107=AXIS2_PLACEMENT_3D('',#6215,#5360,#5361);
#5108=AXIS2_PLACEMENT_3D('',#6216,#5362,#5363);
#5109=AXIS2_PLACEMENT_3D('',#6218,#5364,#5365);
#5110=AXIS2_PLACEMENT_3D('',#6219,#5366,#5367);
#5111=AXIS2_PLACEMENT_3D('',#6228,#5372,#5373);
#5112=AXIS2_PLACEMENT_3D('',#6234,#5377,#5378);
#5113=AXIS2_PLACEMENT_3D('',#6240,#5382,#5383);
#5114=AXIS2_PLACEMENT_3D('',#6243,#5386,#5387);
#5115=AXIS2_PLACEMENT_3D('',#6244,#5388,#5389);
#5116=AXIS2_PLACEMENT_3D('',#6253,#5394,#5395);
#5117=AXIS2_PLACEMENT_3D('',#6259,#5399,#5400);
#5118=AXIS2_PLACEMENT_3D('',#6262,#5403,#5404);
#5119=AXIS2_PLACEMENT_3D('',#6279,#5413,#5414);
#5120=AXIS2_PLACEMENT_3D('',#6285,#5418,#5419);
#5121=AXIS2_PLACEMENT_3D('',#6289,#5422,#5423);
#5122=AXIS2_PLACEMENT_3D('',#6293,#5426,#5427);
#5123=AXIS2_PLACEMENT_3D('',#6297,#5430,#5431);
#5124=AXIS2_PLACEMENT_3D('',#6301,#5434,#5435);
#5125=AXIS2_PLACEMENT_3D('',#6305,#5438,#5439);
#5126=AXIS2_PLACEMENT_3D('',#6309,#5442,#5443);
#5127=AXIS2_PLACEMENT_3D('',#6352,#5448,#5449);
#5128=AXIS2_PLACEMENT_3D('',#6358,#5453,#5454);
#5129=AXIS2_PLACEMENT_3D('',#6364,#5458,#5459);
#5130=AXIS2_PLACEMENT_3D('',#6405,#5464,#5465);
#5131=AXIS2_PLACEMENT_3D('',#6476,#5473,#5474);
#5132=AXIS2_PLACEMENT_3D('',#6480,#5477,#5478);
#5133=AXIS2_PLACEMENT_3D('',#6484,#5481,#5482);
#5134=AXIS2_PLACEMENT_3D('',#6500,#5485,#5486);
#5135=AXIS2_PLACEMENT_3D('',#6513,#5493,#5494);
#5136=AXIS2_PLACEMENT_3D('',#6519,#5498,#5499);
#5137=AXIS2_PLACEMENT_3D('',#6523,#5502,#5503);
#5138=AXIS2_PLACEMENT_3D('',#6527,#5506,#5507);
#5139=AXIS2_PLACEMENT_3D('',#6531,#5510,#5511);
#5140=AXIS2_PLACEMENT_3D('',#6535,#5514,#5515);
#5141=AXIS2_PLACEMENT_3D('',#6537,#5517,#5518);
#5142=AXIS2_PLACEMENT_3D('',#6740,#5532,#5533);
#5143=AXIS2_PLACEMENT_3D('',#6744,#5536,#5537);
#5144=AXIS2_PLACEMENT_3D('',#6860,#5548,#5549);
#5145=AXIS2_PLACEMENT_3D('',#6864,#5552,#5553);
#5146=AXIS2_PLACEMENT_3D('',#6866,#5555,#5556);
#5147=AXIS2_PLACEMENT_3D('',#7002,#5565,#5566);
#5148=AXIS2_PLACEMENT_3D('',#7006,#5569,#5570);
#5149=AXIS2_PLACEMENT_3D('',#7122,#5581,#5582);
#5150=AXIS2_PLACEMENT_3D('',#7126,#5585,#5586);
#5151=AXIS2_PLACEMENT_3D('',#7201,#5593,#5594);
#5152=AXIS2_PLACEMENT_3D('',#7222,#5605,#5606);
#5153=AXIS2_PLACEMENT_3D('',#7228,#5610,#5611);
#5154=AXIS2_PLACEMENT_3D('',#7232,#5614,#5615);
#5155=AXIS2_PLACEMENT_3D('',#7236,#5618,#5619);
#5156=AXIS2_PLACEMENT_3D('',#7240,#5622,#5623);
#5157=AXIS2_PLACEMENT_3D('',#7244,#5626,#5627);
#5158=AXIS2_PLACEMENT_3D('',#7248,#5630,#5631);
#5159=AXIS2_PLACEMENT_3D('',#7252,#5634,#5635);
#5160=AXIS2_PLACEMENT_3D('',#7256,#5638,#5639);
#5161=AXIS2_PLACEMENT_3D('',#7260,#5642,#5643);
#5162=AXIS2_PLACEMENT_3D('',#7262,#5645,#5646);
#5163=AXIS2_PLACEMENT_3D('',#7391,#5658,#5659);
#5164=AXIS2_PLACEMENT_3D('',#7395,#5662,#5663);
#5165=AXIS2_PLACEMENT_3D('',#7399,#5666,#5667);
#5166=AXIS2_PLACEMENT_3D('',#7403,#5670,#5671);
#5167=AXIS2_PLACEMENT_3D('',#7407,#5674,#5675);
#5168=AXIS2_PLACEMENT_3D('',#7495,#5684,#5685);
#5169=AXIS2_PLACEMENT_3D('',#7499,#5688,#5689);
#5170=AXIS2_PLACEMENT_3D('',#7612,#5699,#5700);
#5171=AXIS2_PLACEMENT_3D('',#7618,#5704,#5705);
#5172=AXIS2_PLACEMENT_3D('',#7624,#5709,#5710);
#5173=AXIS2_PLACEMENT_3D('',#7665,#5715,#5716);
#5174=AXIS2_PLACEMENT_3D('',#7736,#5724,#5725);
#5175=AXIS2_PLACEMENT_3D('',#7740,#5728,#5729);
#5176=AXIS2_PLACEMENT_3D('',#7744,#5732,#5733);
#5177=AXIS2_PLACEMENT_3D('',#7760,#5736,#5737);
#5178=AXIS2_PLACEMENT_3D('',#7775,#5745,#5746);
#5179=AXIS2_PLACEMENT_3D('',#7781,#5750,#5751);
#5180=AXIS2_PLACEMENT_3D('',#7785,#5754,#5755);
#5181=AXIS2_PLACEMENT_3D('',#7789,#5758,#5759);
#5182=AXIS2_PLACEMENT_3D('',#7793,#5762,#5763);
#5183=AXIS2_PLACEMENT_3D('',#7797,#5766,#5767);
#5184=AXIS2_PLACEMENT_3D('',#7801,#5770,#5771);
#5185=AXIS2_PLACEMENT_3D('',#7803,#5773,#5774);
#5186=AXIS2_PLACEMENT_3D('',#7939,#5783,#5784);
#5187=AXIS2_PLACEMENT_3D('',#7943,#5787,#5788);
#5188=AXIS2_PLACEMENT_3D('',#8059,#5799,#5800);
#5189=AXIS2_PLACEMENT_3D('',#8063,#5803,#5804);
#5190=AXIS2_PLACEMENT_3D('',#8138,#5811,#5812);
#5191=AXIS2_PLACEMENT_3D('',#8274,#5821,#5822);
#5192=AXIS2_PLACEMENT_3D('',#8278,#5825,#5826);
#5193=AXIS2_PLACEMENT_3D('',#8394,#5837,#5838);
#5194=AXIS2_PLACEMENT_3D('',#8398,#5841,#5842);
#5195=AXIS2_PLACEMENT_3D('',#8473,#5849,#5850);
#5196=AXIS2_PLACEMENT_3D('',#8676,#5864,#5865);
#5197=AXIS2_PLACEMENT_3D('',#8680,#5868,#5869);
#5198=AXIS2_PLACEMENT_3D('',#8796,#5880,#5881);
#5199=AXIS2_PLACEMENT_3D('',#8800,#5884,#5885);
#5200=AXIS2_PLACEMENT_3D('',#8802,#5887,#5888);
#5201=AXIS2_PLACEMENT_3D('',#8819,#5897,#5898);
#5202=AXIS2_PLACEMENT_3D('',#8820,#5899,#5900);
#5203=AXIS2_PLACEMENT_3D('',#8821,#5901,#5902);
#5204=AXIS2_PLACEMENT_3D('',#8824,#5903,#5904);
#5205=AXIS2_PLACEMENT_3D('',#8828,#5906,#5907);
#5206=AXIS2_PLACEMENT_3D('',#8830,#5909,#5910);
#5207=AXIS2_PLACEMENT_3D('',#8850,#5921,#5922);
#5208=AXIS2_PLACEMENT_3D('',#8854,#5924,#5925);
#5209=AXIS2_PLACEMENT_3D('',#8858,#5927,#5928);
#5210=AXIS2_PLACEMENT_3D('',#8862,#5931,#5932);
#5211=AXIS2_PLACEMENT_3D('',#8869,#5935,#5936);
#5212=AXIS2_PLACEMENT_3D('',#8873,#5938,#5939);
#5213=AXIS2_PLACEMENT_3D('',#8875,#5941,#5942);
#5214=AXIS2_PLACEMENT_3D('',#8879,#5944,#5945);
#5215=AXIS2_PLACEMENT_3D('',#8880,#5946,#5947);
#5216=AXIS2_PLACEMENT_3D('',#8881,#5948,#5949);
#5217=AXIS2_PLACEMENT_3D('',#8885,#5952,#5953);
#5218=AXIS2_PLACEMENT_3D('',#8886,#5954,#5955);
#5219=AXIS2_PLACEMENT_3D('',#8895,#5960,#5961);
#5220=AXIS2_PLACEMENT_3D('',#8904,#5966,#5967);
#5221=AXIS2_PLACEMENT_3D('',#8908,#5969,#5970);
#5222=AXIS2_PLACEMENT_3D('',#8909,#5971,#5972);
#5223=AXIS2_PLACEMENT_3D('',#8910,#5973,#5974);
#5224=AXIS2_PLACEMENT_3D('',#8914,#5976,#5977);
#5225=AXIS2_PLACEMENT_3D('',#8915,#5978,#5979);
#5226=AXIS2_PLACEMENT_3D('',#8916,#5980,#5981);
#5227=AXIS2_PLACEMENT_3D('',#8922,#5985,#5986);
#5228=AXIS2_PLACEMENT_3D('',#8928,#5990,#5991);
#5229=AXIS2_PLACEMENT_3D('',#8932,#5993,#5994);
#5230=AXIS2_PLACEMENT_3D('',#8933,#5995,#5996);
#5231=AXIS2_PLACEMENT_3D('',#8934,#5997,#5998);
#5232=AXIS2_PLACEMENT_3D('',#8938,#6000,#6001);
#5233=AXIS2_PLACEMENT_3D('',#8939,#6002,#6003);
#5234=AXIS2_PLACEMENT_3D('',#8940,#6004,#6005);
#5235=AXIS2_PLACEMENT_3D('',#8943,#6008,#6009);
#5236=AXIS2_PLACEMENT_3D('',#8946,#6012,#6013);
#5237=AXIS2_PLACEMENT_3D('',#8952,#6017,#6018);
#5238=AXIS2_PLACEMENT_3D('',#8956,#6021,#6022);
#5239=AXIS2_PLACEMENT_3D('',#8960,#6025,#6026);
#5240=AXIS2_PLACEMENT_3D('',#8964,#6029,#6030);
#5241=AXIS2_PLACEMENT_3D('',#8968,#6033,#6034);
#5242=AXIS2_PLACEMENT_3D('',#8971,#6035,#6036);
#5243=AXIS2_PLACEMENT_3D('',#8974,#6039,#6040);
#5244=AXIS2_PLACEMENT_3D('',#8978,#6043,#6044);
#5245=AXIS2_PLACEMENT_3D('',#8980,#6045,#6046);
#5246=AXIS2_PLACEMENT_3D('',#8982,#6048,#6049);
#5247=AXIS2_PLACEMENT_3D('',#8984,#6051,#6052);
#5248=AXIS2_PLACEMENT_3D('',#8986,#6053,#6054);
#5249=AXIS2_PLACEMENT_3D('',#8988,#6056,#6057);
#5250=AXIS2_PLACEMENT_3D('',#8992,#6060,#6061);
#5251=AXIS2_PLACEMENT_3D('',#8994,#6062,#6063);
#5252=AXIS2_PLACEMENT_3D('',#8996,#6065,#6066);
#5253=AXIS2_PLACEMENT_3D('',#8999,#6069,#6070);
#5254=AXIS2_PLACEMENT_3D('',#9000,#6071,#6072);
#5255=AXIS2_PLACEMENT_3D('',#9001,#6073,#6074);
#5256=AXIS2_PLACEMENT_3D('',#9002,#6075,#6076);
#5257=AXIS2_PLACEMENT_3D('',#9011,#6081,#6082);
#5258=AXIS2_PLACEMENT_3D('',#9017,#6086,#6087);
#5259=AXIS2_PLACEMENT_3D('',#9023,#6091,#6092);
#5260=AXIS2_PLACEMENT_3D('',#9026,#6095,#6096);
#5261=AXIS2_PLACEMENT_3D('',#9027,#6097,#6098);
#5262=AXIS2_PLACEMENT_3D('',#9030,#6101,#6102);
#5263=AXIS2_PLACEMENT_3D('',#9034,#6105,#6106);
#5264=AXIS2_PLACEMENT_3D('',#9038,#6109,#6110);
#5265=AXIS2_PLACEMENT_3D('',#9040,#6112,#6113);
#5266=AXIS2_PLACEMENT_3D('',#9041,#6114,#6115);
#5267=AXIS2_PLACEMENT_3D('',#9043,#6117,#6118);
#5268=AXIS2_PLACEMENT_3D('',#9045,#6120,#6121);
#5269=AXIS2_PLACEMENT_3D('',#9047,#6123,#6124);
#5270=AXIS2_PLACEMENT_3D('',#9049,#6126,#6127);
#5271=AXIS2_PLACEMENT_3D('',#9055,#6131,#6132);
#5272=AXIS2_PLACEMENT_3D('',#9059,#6135,#6136);
#5273=AXIS2_PLACEMENT_3D('',#9063,#6139,#6140);
#5274=AXIS2_PLACEMENT_3D('',#9065,#6142,#6143);
#5275=AXIS2_PLACEMENT_3D('',#9066,#6144,#6145);
#5276=DIRECTION('axis',(0.,0.,1.));
#5277=DIRECTION('refdir',(1.,0.,0.));
#5278=DIRECTION('center_axis',(0.,0.,-1.));
#5279=DIRECTION('ref_axis',(-1.,1.22464679914735E-16,0.));
#5280=DIRECTION('center_axis',(0.,0.,-1.));
#5281=DIRECTION('ref_axis',(-1.,1.22464679914735E-16,0.));
#5282=DIRECTION('',(0.,0.,1.));
#5283=DIRECTION('center_axis',(0.,0.,1.));
#5284=DIRECTION('ref_axis',(-1.,1.22464679914735E-16,0.));
#5285=DIRECTION('center_axis',(0.,0.,1.));
#5286=DIRECTION('ref_axis',(-1.,1.22464679914735E-16,0.));
#5287=DIRECTION('center_axis',(0.,0.,1.));
#5288=DIRECTION('ref_axis',(-1.,1.22464679914735E-16,0.));
#5289=DIRECTION('center_axis',(0.,0.,-1.));
#5290=DIRECTION('ref_axis',(-1.,1.22464679914735E-16,0.));
#5291=DIRECTION('center_axis',(0.,0.,-1.));
#5292=DIRECTION('ref_axis',(-1.,1.22464679914735E-16,0.));
#5293=DIRECTION('',(0.,0.,1.));
#5294=DIRECTION('center_axis',(0.,0.,1.));
#5295=DIRECTION('ref_axis',(-1.,1.22464679914735E-16,0.));
#5296=DIRECTION('center_axis',(0.,0.,1.));
#5297=DIRECTION('ref_axis',(-1.,1.22464679914735E-16,0.));
#5298=DIRECTION('center_axis',(0.,0.,1.));
#5299=DIRECTION('ref_axis',(-1.,1.22464679914735E-16,0.));
#5300=DIRECTION('center_axis',(0.,0.,-1.));
#5301=DIRECTION('ref_axis',(-1.,1.22464679914735E-16,0.));
#5302=DIRECTION('center_axis',(0.,0.,-1.));
#5303=DIRECTION('ref_axis',(-1.,1.22464679914735E-16,0.));
#5304=DIRECTION('',(0.,0.,1.));
#5305=DIRECTION('center_axis',(0.,0.,1.));
#5306=DIRECTION('ref_axis',(-1.,1.22464679914735E-16,0.));
#5307=DIRECTION('center_axis',(0.,0.,1.));
#5308=DIRECTION('ref_axis',(-1.,1.22464679914735E-16,0.));
#5309=DIRECTION('center_axis',(0.,0.,1.));
#5310=DIRECTION('ref_axis',(-1.,1.22464679914735E-16,0.));
#5311=DIRECTION('center_axis',(0.,0.,-1.));
#5312=DIRECTION('ref_axis',(-1.,1.22464679914735E-16,0.));
#5313=DIRECTION('center_axis',(0.,0.,-1.));
#5314=DIRECTION('ref_axis',(-1.,1.22464679914735E-16,0.));
#5315=DIRECTION('',(0.,0.,1.));
#5316=DIRECTION('center_axis',(0.,0.,1.));
#5317=DIRECTION('ref_axis',(-1.,1.22464679914735E-16,0.));
#5318=DIRECTION('center_axis',(0.,0.,1.));
#5319=DIRECTION('ref_axis',(-1.,1.22464679914735E-16,0.));
#5320=DIRECTION('center_axis',(0.,0.,1.));
#5321=DIRECTION('ref_axis',(-1.,1.22464679914735E-16,0.));
#5322=DIRECTION('center_axis',(0.,0.,1.));
#5323=DIRECTION('ref_axis',(1.,-1.22464679914735E-16,0.));
#5324=DIRECTION('center_axis',(0.,0.,1.));
#5325=DIRECTION('ref_axis',(1.,-1.22464679914735E-16,0.));
#5326=DIRECTION('',(0.,0.,-1.));
#5327=DIRECTION('center_axis',(0.,0.,-1.));
#5328=DIRECTION('ref_axis',(1.,-1.22464679914735E-16,0.));
#5329=DIRECTION('center_axis',(0.,0.,1.));
#5330=DIRECTION('ref_axis',(-1.,1.22464679914735E-16,0.));
#5331=DIRECTION('center_axis',(0.,0.,-1.));
#5332=DIRECTION('ref_axis',(1.,-1.22464679914735E-16,0.));
#5333=DIRECTION('center_axis',(0.,0.,1.));
#5334=DIRECTION('ref_axis',(1.,-1.22464679914735E-16,0.));
#5335=DIRECTION('center_axis',(0.,0.,1.));
#5336=DIRECTION('ref_axis',(1.,-1.22464679914735E-16,0.));
#5337=DIRECTION('',(0.,0.,-1.));
#5338=DIRECTION('center_axis',(0.,0.,-1.));
#5339=DIRECTION('ref_axis',(1.,-1.22464679914735E-16,0.));
#5340=DIRECTION('center_axis',(0.,0.,1.));
#5341=DIRECTION('ref_axis',(-1.,1.22464679914735E-16,0.));
#5342=DIRECTION('center_axis',(0.,0.,-1.));
#5343=DIRECTION('ref_axis',(1.,-1.22464679914735E-16,0.));
#5344=DIRECTION('center_axis',(0.,0.,1.));
#5345=DIRECTION('ref_axis',(1.,-1.22464679914735E-16,0.));
#5346=DIRECTION('center_axis',(0.,0.,1.));
#5347=DIRECTION('ref_axis',(1.,-1.22464679914735E-16,0.));
#5348=DIRECTION('',(0.,0.,-1.));
#5349=DIRECTION('center_axis',(0.,0.,-1.));
#5350=DIRECTION('ref_axis',(1.,-1.22464679914735E-16,0.));
#5351=DIRECTION('center_axis',(0.,0.,1.));
#5352=DIRECTION('ref_axis',(-1.,1.22464679914735E-16,0.));
#5353=DIRECTION('center_axis',(0.,0.,-1.));
#5354=DIRECTION('ref_axis',(1.,-1.22464679914735E-16,0.));
#5355=DIRECTION('center_axis',(0.,0.,1.));
#5356=DIRECTION('ref_axis',(1.,-1.22464679914735E-16,0.));
#5357=DIRECTION('center_axis',(0.,0.,1.));
#5358=DIRECTION('ref_axis',(1.,-1.22464679914735E-16,0.));
#5359=DIRECTION('',(0.,0.,-1.));
#5360=DIRECTION('center_axis',(0.,0.,-1.));
#5361=DIRECTION('ref_axis',(1.,-1.22464679914735E-16,0.));
#5362=DIRECTION('center_axis',(0.,0.,1.));
#5363=DIRECTION('ref_axis',(-1.,1.22464679914735E-16,0.));
#5364=DIRECTION('center_axis',(0.,0.,-1.));
#5365=DIRECTION('ref_axis',(1.,-1.22464679914735E-16,0.));
#5366=DIRECTION('center_axis',(1.,2.57098747307541E-16,0.));
#5367=DIRECTION('ref_axis',(-2.57098747307541E-16,1.,0.));
#5368=DIRECTION('',(2.57098747307541E-16,-1.,0.));
#5369=DIRECTION('',(0.,0.,1.));
#5370=DIRECTION('',(-2.57098747307541E-16,1.,0.));
#5371=DIRECTION('',(0.,0.,1.));
#5372=DIRECTION('center_axis',(-1.22464679914735E-16,-1.,0.));
#5373=DIRECTION('ref_axis',(1.,-1.22464679914735E-16,0.));
#5374=DIRECTION('',(-1.,1.22464679914735E-16,0.));
#5375=DIRECTION('',(1.,-1.22464679914735E-16,0.));
#5376=DIRECTION('',(0.,0.,1.));
#5377=DIRECTION('center_axis',(-1.,1.22464679914735E-16,0.));
#5378=DIRECTION('ref_axis',(-1.22464679914735E-16,-1.,0.));
#5379=DIRECTION('',(1.22464679914735E-16,1.,0.));
#5380=DIRECTION('',(-1.22464679914735E-16,-1.,0.));
#5381=DIRECTION('',(0.,0.,1.));
#5382=DIRECTION('center_axis',(1.22464679914735E-16,1.,0.));
#5383=DIRECTION('ref_axis',(-1.,1.22464679914735E-16,0.));
#5384=DIRECTION('',(1.,-1.22464679914735E-16,0.));
#5385=DIRECTION('',(-1.,1.22464679914735E-16,0.));
#5386=DIRECTION('center_axis',(0.,0.,1.));
#5387=DIRECTION('ref_axis',(-1.,1.22464679914735E-16,0.));
#5388=DIRECTION('center_axis',(-0.253433205317092,0.96735288826917,0.));
#5389=DIRECTION('ref_axis',(0.,0.,-1.));
#5390=DIRECTION('',(0.96735288826917,0.253433205317092,0.));
#5391=DIRECTION('',(0.,0.,1.));
#5392=DIRECTION('',(-0.96735288826917,-0.253433205317092,0.));
#5393=DIRECTION('',(0.,0.,1.));
#5394=DIRECTION('center_axis',(-0.251882194128139,-0.967757903755477,0.));
#5395=DIRECTION('ref_axis',(0.,0.,1.));
#5396=DIRECTION('',(-0.967757903755477,0.251882194128139,0.));
#5397=DIRECTION('',(0.967757903755477,-0.251882194128139,0.));
#5398=DIRECTION('',(0.,0.,1.));
#5399=DIRECTION('center_axis',(1.,-1.22464679914735E-16,0.));
#5400=DIRECTION('ref_axis',(0.,0.,1.));
#5401=DIRECTION('',(-1.22464679914735E-16,-1.,0.));
#5402=DIRECTION('',(1.22464679914735E-16,1.,0.));
#5403=DIRECTION('center_axis',(0.,0.,1.));
#5404=DIRECTION('ref_axis',(-1.,1.22464679914735E-16,0.));
#5405=DIRECTION('',(0.965464513999741,-0.260534589272217,0.));
#5406=DIRECTION('',(1.22464679914735E-16,1.,0.));
#5407=DIRECTION('',(-0.968299225662176,0.249793133576626,0.));
#5408=DIRECTION('',(1.22464679914735E-16,1.,0.));
#5409=DIRECTION('',(0.968299225662178,0.249793133576619,0.));
#5410=DIRECTION('',(1.81727310805868E-14,1.,0.));
#5411=DIRECTION('',(-0.965464513999742,-0.260534589272214,0.));
#5412=DIRECTION('',(-1.22464679914735E-16,-1.,0.));
#5413=DIRECTION('center_axis',(-0.260534589272217,-0.965464513999742,0.));
#5414=DIRECTION('ref_axis',(0.,0.,1.));
#5415=DIRECTION('',(0.965464513999741,-0.260534589272217,0.));
#5416=DIRECTION('',(0.,0.,1.));
#5417=DIRECTION('',(0.,0.,1.));
#5418=DIRECTION('center_axis',(1.,-1.22464679914735E-16,0.));
#5419=DIRECTION('ref_axis',(0.,0.,1.));
#5420=DIRECTION('',(1.22464679914735E-16,1.,0.));
#5421=DIRECTION('',(0.,0.,1.));
#5422=DIRECTION('center_axis',(0.249793133576626,0.968299225662176,0.));
#5423=DIRECTION('ref_axis',(0.,0.,-1.));
#5424=DIRECTION('',(-0.968299225662176,0.249793133576626,0.));
#5425=DIRECTION('',(0.,0.,1.));
#5426=DIRECTION('center_axis',(1.,-1.22464679914735E-16,0.));
#5427=DIRECTION('ref_axis',(0.,0.,1.));
#5428=DIRECTION('',(1.22464679914735E-16,1.,0.));
#5429=DIRECTION('',(0.,0.,1.));
#5430=DIRECTION('center_axis',(0.249793133576619,-0.968299225662178,0.));
#5431=DIRECTION('ref_axis',(0.,0.,1.));
#5432=DIRECTION('',(0.968299225662178,0.249793133576619,0.));
#5433=DIRECTION('',(0.,0.,1.));
#5434=DIRECTION('center_axis',(1.,-1.81727310805868E-14,0.));
#5435=DIRECTION('ref_axis',(0.,0.,1.));
#5436=DIRECTION('',(1.81727310805868E-14,1.,0.));
#5437=DIRECTION('',(0.,0.,1.));
#5438=DIRECTION('center_axis',(-0.260534589272214,0.965464513999742,0.));
#5439=DIRECTION('ref_axis',(0.,0.,-1.));
#5440=DIRECTION('',(-0.965464513999742,-0.260534589272214,0.));
#5441=DIRECTION('',(0.,0.,1.));
#5442=DIRECTION('center_axis',(-1.,1.22464679914735E-16,0.));
#5443=DIRECTION('ref_axis',(0.,0.,-1.));
#5444=DIRECTION('',(-1.22464679914735E-16,-1.,0.));
#5445=DIRECTION('',(0.,0.,1.));
#5446=DIRECTION('',(0.,0.,1.));
#5447=DIRECTION('',(0.,0.,1.));
#5448=DIRECTION('center_axis',(-1.,1.22464679914735E-16,0.));
#5449=DIRECTION('ref_axis',(0.,0.,-1.));
#5450=DIRECTION('',(1.22464679914735E-16,1.,0.));
#5451=DIRECTION('',(-1.22464679914735E-16,-1.,0.));
#5452=DIRECTION('',(0.,0.,1.));
#5453=DIRECTION('center_axis',(-2.74450337811764E-15,-1.,0.));
#5454=DIRECTION('ref_axis',(0.,0.,1.));
#5455=DIRECTION('',(-1.,2.74450337811764E-15,0.));
#5456=DIRECTION('',(1.,-2.74450337811764E-15,0.));
#5457=DIRECTION('',(0.,0.,1.));
#5458=DIRECTION('center_axis',(1.,-1.22464679914735E-16,0.));
#5459=DIRECTION('ref_axis',(0.,0.,1.));
#5460=DIRECTION('',(-1.22464679914735E-16,-1.,0.));
#5461=DIRECTION('',(1.22464679914735E-16,1.,0.));
#5462=DIRECTION('',(0.,0.,1.));
#5463=DIRECTION('',(0.,0.,1.));
#5464=DIRECTION('center_axis',(0.,0.,1.));
#5465=DIRECTION('ref_axis',(-1.,1.22464679914735E-16,0.));
#5466=DIRECTION('',(-1.22464679914735E-16,-1.,0.));
#5467=DIRECTION('',(1.,-2.14105200835295E-15,0.));
#5468=DIRECTION('',(1.22464679914735E-16,1.,0.));
#5469=DIRECTION('',(0.,0.,1.));
#5470=DIRECTION('',(0.,0.,1.));
#5471=DIRECTION('',(0.,0.,1.));
#5472=DIRECTION('',(0.,0.,1.));
#5473=DIRECTION('center_axis',(-1.,1.22464679914735E-16,0.));
#5474=DIRECTION('ref_axis',(0.,0.,-1.));
#5475=DIRECTION('',(-1.22464679914735E-16,-1.,0.));
#5476=DIRECTION('',(0.,0.,1.));
#5477=DIRECTION('center_axis',(-2.14105200835295E-15,-1.,0.));
#5478=DIRECTION('ref_axis',(0.,0.,1.));
#5479=DIRECTION('',(1.,-2.14105200835295E-15,0.));
#5480=DIRECTION('',(0.,0.,1.));
#5481=DIRECTION('center_axis',(1.,-1.22464679914735E-16,0.));
#5482=DIRECTION('ref_axis',(0.,0.,1.));
#5483=DIRECTION('',(1.22464679914735E-16,1.,0.));
#5484=DIRECTION('',(0.,0.,1.));
#5485=DIRECTION('center_axis',(0.,0.,1.));
#5486=DIRECTION('ref_axis',(-1.,1.22464679914735E-16,0.));
#5487=DIRECTION('',(4.47724923112584E-15,1.,0.));
#5488=DIRECTION('',(-1.,1.22464679914735E-16,0.));
#5489=DIRECTION('',(-1.22464679914735E-16,-1.,0.));
#5490=DIRECTION('',(-1.,2.41192861676469E-15,0.));
#5491=DIRECTION('',(-1.22464679914735E-16,-1.,0.));
#5492=DIRECTION('',(1.,-2.14105200835295E-15,0.));
#5493=DIRECTION('center_axis',(1.,-4.47724923112584E-15,0.));
#5494=DIRECTION('ref_axis',(0.,0.,1.));
#5495=DIRECTION('',(4.47724923112584E-15,1.,0.));
#5496=DIRECTION('',(0.,0.,1.));
#5497=DIRECTION('',(0.,0.,1.));
#5498=DIRECTION('center_axis',(1.22464679914735E-16,1.,0.));
#5499=DIRECTION('ref_axis',(0.,0.,-1.));
#5500=DIRECTION('',(-1.,1.22464679914735E-16,0.));
#5501=DIRECTION('',(0.,0.,1.));
#5502=DIRECTION('center_axis',(-1.,1.22464679914735E-16,0.));
#5503=DIRECTION('ref_axis',(0.,0.,-1.));
#5504=DIRECTION('',(-1.22464679914735E-16,-1.,0.));
#5505=DIRECTION('',(0.,0.,1.));
#5506=DIRECTION('center_axis',(2.41192861676468E-15,1.,0.));
#5507=DIRECTION('ref_axis',(0.,0.,-1.));
#5508=DIRECTION('',(-1.,2.41192861676469E-15,0.));
#5509=DIRECTION('',(0.,0.,1.));
#5510=DIRECTION('center_axis',(-1.,1.22464679914735E-16,0.));
#5511=DIRECTION('ref_axis',(0.,0.,-1.));
#5512=DIRECTION('',(-1.22464679914735E-16,-1.,0.));
#5513=DIRECTION('',(0.,0.,1.));
#5514=DIRECTION('center_axis',(-2.14105200835295E-15,-1.,0.));
#5515=DIRECTION('ref_axis',(0.,0.,1.));
#5516=DIRECTION('',(1.,-2.14105200835295E-15,0.));
#5517=DIRECTION('center_axis',(0.,0.,1.));
#5518=DIRECTION('ref_axis',(-1.,1.22464679914735E-16,0.));
#5519=DIRECTION('',(1.22464679914735E-16,1.,0.));
#5520=DIRECTION('',(-1.,6.47689519851867E-15,0.));
#5521=DIRECTION('',(-1.22464679914735E-16,-1.,0.));
#5522=DIRECTION('',(1.,-6.16842769761562E-15,0.));
#5523=DIRECTION('',(0.,0.,1.));
#5524=DIRECTION('',(0.,0.,1.));
#5525=DIRECTION('',(0.,0.,1.));
#5526=DIRECTION('',(0.,0.,1.));
#5527=DIRECTION('',(0.,0.,1.));
#5528=DIRECTION('',(0.,0.,1.));
#5529=DIRECTION('',(0.,0.,1.));
#5530=DIRECTION('',(0.,0.,1.));
#5531=DIRECTION('',(0.,0.,1.));
#5532=DIRECTION('center_axis',(1.,-1.22464679914735E-16,0.));
#5533=DIRECTION('ref_axis',(0.,0.,1.));
#5534=DIRECTION('',(1.22464679914735E-16,1.,0.));
#5535=DIRECTION('',(0.,0.,1.));
#5536=DIRECTION('center_axis',(6.47689519851868E-15,1.,0.));
#5537=DIRECTION('ref_axis',(0.,0.,-1.));
#5538=DIRECTION('',(-1.,6.47689519851867E-15,0.));
#5539=DIRECTION('',(0.,0.,1.));
#5540=DIRECTION('',(0.,0.,1.));
#5541=DIRECTION('',(0.,0.,1.));
#5542=DIRECTION('',(0.,0.,1.));
#5543=DIRECTION('',(0.,0.,1.));
#5544=DIRECTION('',(0.,0.,1.));
#5545=DIRECTION('',(0.,0.,1.));
#5546=DIRECTION('',(0.,0.,1.));
#5547=DIRECTION('',(0.,0.,1.));
#5548=DIRECTION('center_axis',(-1.,1.22464679914735E-16,0.));
#5549=DIRECTION('ref_axis',(0.,0.,-1.));
#5550=DIRECTION('',(-1.22464679914735E-16,-1.,0.));
#5551=DIRECTION('',(0.,0.,1.));
#5552=DIRECTION('center_axis',(-6.16842769761562E-15,-1.,0.));
#5553=DIRECTION('ref_axis',(0.,0.,1.));
#5554=DIRECTION('',(1.,-6.16842769761562E-15,0.));
#5555=DIRECTION('center_axis',(0.,0.,1.));
#5556=DIRECTION('ref_axis',(-1.,1.22464679914735E-16,0.));
#5557=DIRECTION('',(-1.,1.22464679914735E-16,0.));
#5558=DIRECTION('',(-1.22464679914735E-16,-1.,0.));
#5559=DIRECTION('',(1.22464679914735E-16,1.,0.));
#5560=DIRECTION('',(-1.,1.22464679914735E-16,0.));
#5561=DIRECTION('',(0.,0.,1.));
#5562=DIRECTION('',(0.,0.,1.));
#5563=DIRECTION('',(0.,0.,1.));
#5564=DIRECTION('',(0.,0.,1.));
#5565=DIRECTION('center_axis',(1.22464679914735E-16,1.,0.));
#5566=DIRECTION('ref_axis',(0.,0.,-1.));
#5567=DIRECTION('',(-1.,1.22464679914735E-16,0.));
#5568=DIRECTION('',(0.,0.,1.));
#5569=DIRECTION('center_axis',(-1.,1.22464679914735E-16,0.));
#5570=DIRECTION('ref_axis',(0.,0.,-1.));
#5571=DIRECTION('',(-1.22464679914735E-16,-1.,0.));
#5572=DIRECTION('',(0.,0.,1.));
#5573=DIRECTION('',(0.,0.,1.));
#5574=DIRECTION('',(0.,0.,1.));
#5575=DIRECTION('',(0.,0.,1.));
#5576=DIRECTION('',(0.,0.,1.));
#5577=DIRECTION('',(0.,0.,1.));
#5578=DIRECTION('',(0.,0.,1.));
#5579=DIRECTION('',(0.,0.,1.));
#5580=DIRECTION('',(0.,0.,1.));
#5581=DIRECTION('center_axis',(1.,-1.22464679914735E-16,0.));
#5582=DIRECTION('ref_axis',(0.,0.,1.));
#5583=DIRECTION('',(1.22464679914735E-16,1.,0.));
#5584=DIRECTION('',(0.,0.,1.));
#5585=DIRECTION('center_axis',(1.22464679914735E-16,1.,0.));
#5586=DIRECTION('ref_axis',(0.,0.,-1.));
#5587=DIRECTION('',(-1.,1.22464679914735E-16,0.));
#5588=DIRECTION('',(0.,0.,1.));
#5589=DIRECTION('',(0.,0.,1.));
#5590=DIRECTION('',(0.,0.,1.));
#5591=DIRECTION('',(0.,0.,1.));
#5592=DIRECTION('',(0.,0.,1.));
#5593=DIRECTION('center_axis',(0.,0.,1.));
#5594=DIRECTION('ref_axis',(-1.,1.22464679914735E-16,0.));
#5595=DIRECTION('',(1.70676127295252E-14,1.,0.));
#5596=DIRECTION('',(-1.,1.22464679914735E-16,0.));
#5597=DIRECTION('',(-1.22464679914735E-16,-1.,0.));
#5598=DIRECTION('',(1.,-1.22464679914735E-16,0.));
#5599=DIRECTION('',(-0.926766045201709,-0.375639052098132,0.));
#5600=DIRECTION('',(-1.22464679914735E-16,-1.,0.));
#5601=DIRECTION('',(1.,-1.22464679914735E-16,0.));
#5602=DIRECTION('',(1.22464679914735E-16,1.,0.));
#5603=DIRECTION('',(-1.,1.22464679914735E-16,0.));
#5604=DIRECTION('',(0.925325148106288,0.379174590765358,0.));
#5605=DIRECTION('center_axis',(1.,-1.70676127295252E-14,0.));
#5606=DIRECTION('ref_axis',(0.,0.,1.));
#5607=DIRECTION('',(1.70676127295252E-14,1.,0.));
#5608=DIRECTION('',(0.,0.,1.));
#5609=DIRECTION('',(0.,0.,1.));
#5610=DIRECTION('center_axis',(1.22464679914735E-16,1.,0.));
#5611=DIRECTION('ref_axis',(0.,0.,-1.));
#5612=DIRECTION('',(-1.,1.22464679914735E-16,0.));
#5613=DIRECTION('',(0.,0.,1.));
#5614=DIRECTION('center_axis',(-1.,1.22464679914735E-16,0.));
#5615=DIRECTION('ref_axis',(0.,0.,-1.));
#5616=DIRECTION('',(-1.22464679914735E-16,-1.,0.));
#5617=DIRECTION('',(0.,0.,1.));
#5618=DIRECTION('center_axis',(-1.22464679914735E-16,-1.,0.));
#5619=DIRECTION('ref_axis',(0.,0.,1.));
#5620=DIRECTION('',(1.,-1.22464679914735E-16,0.));
#5621=DIRECTION('',(0.,0.,1.));
#5622=DIRECTION('center_axis',(-0.375639052098132,0.926766045201709,0.));
#5623=DIRECTION('ref_axis',(0.,0.,-1.));
#5624=DIRECTION('',(-0.926766045201709,-0.375639052098132,0.));
#5625=DIRECTION('',(0.,0.,1.));
#5626=DIRECTION('center_axis',(-1.,1.22464679914735E-16,0.));
#5627=DIRECTION('ref_axis',(0.,0.,-1.));
#5628=DIRECTION('',(-1.22464679914735E-16,-1.,0.));
#5629=DIRECTION('',(0.,0.,1.));
#5630=DIRECTION('center_axis',(-1.22464679914735E-16,-1.,0.));
#5631=DIRECTION('ref_axis',(0.,0.,1.));
#5632=DIRECTION('',(1.,-1.22464679914735E-16,0.));
#5633=DIRECTION('',(0.,0.,1.));
#5634=DIRECTION('center_axis',(1.,-1.22464679914735E-16,0.));
#5635=DIRECTION('ref_axis',(0.,0.,1.));
#5636=DIRECTION('',(1.22464679914735E-16,1.,0.));
#5637=DIRECTION('',(0.,0.,1.));
#5638=DIRECTION('center_axis',(1.22464679914735E-16,1.,0.));
#5639=DIRECTION('ref_axis',(0.,0.,-1.));
#5640=DIRECTION('',(-1.,1.22464679914735E-16,0.));
#5641=DIRECTION('',(0.,0.,1.));
#5642=DIRECTION('center_axis',(0.379174590765358,-0.925325148106288,0.));
#5643=DIRECTION('ref_axis',(0.,0.,1.));
#5644=DIRECTION('',(0.925325148106288,0.379174590765358,0.));
#5645=DIRECTION('center_axis',(0.,0.,1.));
#5646=DIRECTION('ref_axis',(-1.,1.22464679914735E-16,0.));
#5647=DIRECTION('',(-1.,1.22464679914735E-16,0.));
#5648=DIRECTION('',(-1.22464679914735E-16,-1.,0.));
#5649=DIRECTION('',(1.,-1.22464679914735E-16,0.));
#5650=DIRECTION('',(1.22464679914735E-16,1.,0.));
#5651=DIRECTION('',(1.,-1.22464679914735E-16,0.));
#5652=DIRECTION('',(1.22464679914735E-16,1.,0.));
#5653=DIRECTION('',(-1.,1.22464679914735E-16,0.));
#5654=DIRECTION('',(0.,0.,1.));
#5655=DIRECTION('',(0.,0.,1.));
#5656=DIRECTION('',(0.,0.,1.));
#5657=DIRECTION('',(0.,0.,1.));
#5658=DIRECTION('center_axis',(1.22464679914735E-16,1.,0.));
#5659=DIRECTION('ref_axis',(0.,0.,-1.));
#5660=DIRECTION('',(-1.,1.22464679914735E-16,0.));
#5661=DIRECTION('',(0.,0.,1.));
#5662=DIRECTION('center_axis',(-1.,1.22464679914735E-16,0.));
#5663=DIRECTION('ref_axis',(0.,0.,-1.));
#5664=DIRECTION('',(-1.22464679914735E-16,-1.,0.));
#5665=DIRECTION('',(0.,0.,1.));
#5666=DIRECTION('center_axis',(-1.22464679914735E-16,-1.,0.));
#5667=DIRECTION('ref_axis',(0.,0.,1.));
#5668=DIRECTION('',(1.,-1.22464679914735E-16,0.));
#5669=DIRECTION('',(0.,0.,1.));
#5670=DIRECTION('center_axis',(1.,-1.22464679914735E-16,0.));
#5671=DIRECTION('ref_axis',(0.,0.,1.));
#5672=DIRECTION('',(1.22464679914735E-16,1.,0.));
#5673=DIRECTION('',(0.,0.,1.));
#5674=DIRECTION('center_axis',(-1.22464679914735E-16,-1.,0.));
#5675=DIRECTION('ref_axis',(0.,0.,1.));
#5676=DIRECTION('',(1.,-1.22464679914735E-16,0.));
#5677=DIRECTION('',(0.,0.,1.));
#5678=DIRECTION('',(0.,0.,1.));
#5679=DIRECTION('',(0.,0.,1.));
#5680=DIRECTION('',(0.,0.,1.));
#5681=DIRECTION('',(0.,0.,1.));
#5682=DIRECTION('',(0.,0.,1.));
#5683=DIRECTION('',(0.,0.,1.));
#5684=DIRECTION('center_axis',(1.,-1.22464679914735E-16,0.));
#5685=DIRECTION('ref_axis',(0.,0.,1.));
#5686=DIRECTION('',(1.22464679914735E-16,1.,0.));
#5687=DIRECTION('',(0.,0.,1.));
#5688=DIRECTION('center_axis',(1.22464679914735E-16,1.,0.));
#5689=DIRECTION('ref_axis',(0.,0.,-1.));
#5690=DIRECTION('',(-1.,1.22464679914735E-16,0.));
#5691=DIRECTION('',(0.,0.,1.));
#5692=DIRECTION('',(0.,0.,1.));
#5693=DIRECTION('',(0.,0.,1.));
#5694=DIRECTION('',(0.,0.,1.));
#5695=DIRECTION('',(0.,0.,1.));
#5696=DIRECTION('',(0.,0.,1.));
#5697=DIRECTION('',(0.,0.,1.));
#5698=DIRECTION('',(0.,0.,1.));
#5699=DIRECTION('center_axis',(-1.,1.22464679914735E-16,0.));
#5700=DIRECTION('ref_axis',(0.,0.,-1.));
#5701=DIRECTION('',(1.22464679914735E-16,1.,0.));
#5702=DIRECTION('',(-1.22464679914735E-16,-1.,0.));
#5703=DIRECTION('',(0.,0.,1.));
#5704=DIRECTION('center_axis',(-1.22464679914735E-16,-1.,0.));
#5705=DIRECTION('ref_axis',(0.,0.,1.));
#5706=DIRECTION('',(-1.,1.22464679914735E-16,0.));
#5707=DIRECTION('',(1.,-1.22464679914735E-16,0.));
#5708=DIRECTION('',(0.,0.,1.));
#5709=DIRECTION('center_axis',(1.,-1.22464679914735E-16,0.));
#5710=DIRECTION('ref_axis',(0.,0.,1.));
#5711=DIRECTION('',(-1.22464679914735E-16,-1.,0.));
#5712=DIRECTION('',(1.22464679914735E-16,1.,0.));
#5713=DIRECTION('',(0.,0.,1.));
#5714=DIRECTION('',(0.,0.,1.));
#5715=DIRECTION('center_axis',(0.,0.,1.));
#5716=DIRECTION('ref_axis',(-1.,1.22464679914735E-16,0.));
#5717=DIRECTION('',(-1.22464679914735E-16,-1.,0.));
#5718=DIRECTION('',(1.,-1.22464679914735E-16,0.));
#5719=DIRECTION('',(1.22464679914735E-16,1.,0.));
#5720=DIRECTION('',(0.,0.,1.));
#5721=DIRECTION('',(0.,0.,1.));
#5722=DIRECTION('',(0.,0.,1.));
#5723=DIRECTION('',(0.,0.,1.));
#5724=DIRECTION('center_axis',(-1.,1.22464679914735E-16,0.));
#5725=DIRECTION('ref_axis',(0.,0.,-1.));
#5726=DIRECTION('',(-1.22464679914735E-16,-1.,0.));
#5727=DIRECTION('',(0.,0.,1.));
#5728=DIRECTION('center_axis',(-1.22464679914735E-16,-1.,0.));
#5729=DIRECTION('ref_axis',(0.,0.,1.));
#5730=DIRECTION('',(1.,-1.22464679914735E-16,0.));
#5731=DIRECTION('',(0.,0.,1.));
#5732=DIRECTION('center_axis',(1.,-1.22464679914735E-16,0.));
#5733=DIRECTION('ref_axis',(0.,0.,1.));
#5734=DIRECTION('',(1.22464679914735E-16,1.,0.));
#5735=DIRECTION('',(0.,0.,1.));
#5736=DIRECTION('center_axis',(0.,0.,1.));
#5737=DIRECTION('ref_axis',(-1.,1.22464679914735E-16,0.));
#5738=DIRECTION('',(-0.964275283190722,0.264902205025652,0.));
#5739=DIRECTION('',(-1.22464679914735E-16,-1.,0.));
#5740=DIRECTION('',(0.966313131119457,-0.257369253459134,0.));
#5741=DIRECTION('',(-0.966313131119457,-0.257369253459132,0.));
#5742=DIRECTION('',(-1.22464679914735E-16,-1.,0.));
#5743=DIRECTION('',(0.964275283190722,0.264902205025652,0.));
#5744=DIRECTION('',(1.22464679914735E-16,1.,0.));
#5745=DIRECTION('center_axis',(0.264902205025652,0.964275283190722,0.));
#5746=DIRECTION('ref_axis',(0.,0.,-1.));
#5747=DIRECTION('',(-0.964275283190722,0.264902205025652,0.));
#5748=DIRECTION('',(0.,0.,1.));
#5749=DIRECTION('',(0.,0.,1.));
#5750=DIRECTION('center_axis',(-1.,1.22464679914735E-16,0.));
#5751=DIRECTION('ref_axis',(0.,0.,-1.));
#5752=DIRECTION('',(-1.22464679914735E-16,-1.,0.));
#5753=DIRECTION('',(0.,0.,1.));
#5754=DIRECTION('center_axis',(-0.257369253459134,-0.966313131119457,0.));
#5755=DIRECTION('ref_axis',(0.,0.,1.));
#5756=DIRECTION('',(0.966313131119456,-0.257369253459134,0.));
#5757=DIRECTION('',(0.,0.,1.));
#5758=DIRECTION('center_axis',(-0.257369253459132,0.966313131119457,0.));
#5759=DIRECTION('ref_axis',(0.,0.,-1.));
#5760=DIRECTION('',(-0.966313131119457,-0.257369253459132,0.));
#5761=DIRECTION('',(0.,0.,1.));
#5762=DIRECTION('center_axis',(-1.,1.22464679914735E-16,0.));
#5763=DIRECTION('ref_axis',(0.,0.,-1.));
#5764=DIRECTION('',(-1.22464679914735E-16,-1.,0.));
#5765=DIRECTION('',(0.,0.,1.));
#5766=DIRECTION('center_axis',(0.264902205025652,-0.964275283190722,0.));
#5767=DIRECTION('ref_axis',(0.,0.,1.));
#5768=DIRECTION('',(0.964275283190722,0.264902205025652,0.));
#5769=DIRECTION('',(0.,0.,1.));
#5770=DIRECTION('center_axis',(1.,-1.22464679914735E-16,0.));
#5771=DIRECTION('ref_axis',(0.,0.,1.));
#5772=DIRECTION('',(1.22464679914735E-16,1.,0.));
#5773=DIRECTION('center_axis',(0.,0.,1.));
#5774=DIRECTION('ref_axis',(-1.,1.22464679914735E-16,0.));
#5775=DIRECTION('',(-1.,1.22464679914735E-16,0.));
#5776=DIRECTION('',(-1.22464679914735E-16,-1.,0.));
#5777=DIRECTION('',(1.22464679914735E-16,1.,0.));
#5778=DIRECTION('',(-1.,1.22464679914735E-16,0.));
#5779=DIRECTION('',(0.,0.,1.));
#5780=DIRECTION('',(0.,0.,1.));
#5781=DIRECTION('',(0.,0.,1.));
#5782=DIRECTION('',(0.,0.,1.));
#5783=DIRECTION('center_axis',(1.22464679914735E-16,1.,0.));
#5784=DIRECTION('ref_axis',(0.,0.,-1.));
#5785=DIRECTION('',(-1.,1.22464679914735E-16,0.));
#5786=DIRECTION('',(0.,0.,1.));
#5787=DIRECTION('center_axis',(-1.,1.22464679914735E-16,0.));
#5788=DIRECTION('ref_axis',(0.,0.,-1.));
#5789=DIRECTION('',(-1.22464679914735E-16,-1.,0.));
#5790=DIRECTION('',(0.,0.,1.));
#5791=DIRECTION('',(0.,0.,1.));
#5792=DIRECTION('',(0.,0.,1.));
#5793=DIRECTION('',(0.,0.,1.));
#5794=DIRECTION('',(0.,0.,1.));
#5795=DIRECTION('',(0.,0.,1.));
#5796=DIRECTION('',(0.,0.,1.));
#5797=DIRECTION('',(0.,0.,1.));
#5798=DIRECTION('',(0.,0.,1.));
#5799=DIRECTION('center_axis',(1.,-1.22464679914735E-16,0.));
#5800=DIRECTION('ref_axis',(0.,0.,1.));
#5801=DIRECTION('',(1.22464679914735E-16,1.,0.));
#5802=DIRECTION('',(0.,0.,1.));
#5803=DIRECTION('center_axis',(1.22464679914735E-16,1.,0.));
#5804=DIRECTION('ref_axis',(0.,0.,-1.));
#5805=DIRECTION('',(-1.,1.22464679914735E-16,0.));
#5806=DIRECTION('',(0.,0.,1.));
#5807=DIRECTION('',(0.,0.,1.));
#5808=DIRECTION('',(0.,0.,1.));
#5809=DIRECTION('',(0.,0.,1.));
#5810=DIRECTION('',(0.,0.,1.));
#5811=DIRECTION('center_axis',(0.,0.,1.));
#5812=DIRECTION('ref_axis',(-1.,1.22464679914735E-16,0.));
#5813=DIRECTION('',(-1.,6.47689519851867E-15,0.));
#5814=DIRECTION('',(-1.22464679914735E-16,-1.,0.));
#5815=DIRECTION('',(1.22464679914735E-16,1.,0.));
#5816=DIRECTION('',(-1.,6.41270903166412E-15,0.));
#5817=DIRECTION('',(0.,0.,1.));
#5818=DIRECTION('',(0.,0.,1.));
#5819=DIRECTION('',(0.,0.,1.));
#5820=DIRECTION('',(0.,0.,1.));
#5821=DIRECTION('center_axis',(6.47689519851868E-15,1.,0.));
#5822=DIRECTION('ref_axis',(0.,0.,-1.));
#5823=DIRECTION('',(-1.,6.47689519851867E-15,0.));
#5824=DIRECTION('',(0.,0.,1.));
#5825=DIRECTION('center_axis',(-1.,1.22464679914735E-16,0.));
#5826=DIRECTION('ref_axis',(0.,0.,-1.));
#5827=DIRECTION('',(-1.22464679914735E-16,-1.,0.));
#5828=DIRECTION('',(0.,0.,1.));
#5829=DIRECTION('',(0.,0.,1.));
#5830=DIRECTION('',(0.,0.,1.));
#5831=DIRECTION('',(0.,0.,1.));
#5832=DIRECTION('',(0.,0.,1.));
#5833=DIRECTION('',(0.,0.,1.));
#5834=DIRECTION('',(0.,0.,1.));
#5835=DIRECTION('',(0.,0.,1.));
#5836=DIRECTION('',(0.,0.,1.));
#5837=DIRECTION('center_axis',(1.,-1.22464679914735E-16,0.));
#5838=DIRECTION('ref_axis',(0.,0.,1.));
#5839=DIRECTION('',(1.22464679914735E-16,1.,0.));
#5840=DIRECTION('',(0.,0.,1.));
#5841=DIRECTION('center_axis',(6.41270903166413E-15,1.,0.));
#5842=DIRECTION('ref_axis',(0.,0.,-1.));
#5843=DIRECTION('',(-1.,6.41270903166412E-15,0.));
#5844=DIRECTION('',(0.,0.,1.));
#5845=DIRECTION('',(0.,0.,1.));
#5846=DIRECTION('',(0.,0.,1.));
#5847=DIRECTION('',(0.,0.,1.));
#5848=DIRECTION('',(0.,0.,1.));
#5849=DIRECTION('center_axis',(0.,0.,1.));
#5850=DIRECTION('ref_axis',(-1.,1.22464679914735E-16,0.));
#5851=DIRECTION('',(1.22464679914735E-16,1.,0.));
#5852=DIRECTION('',(-1.,6.47689519851867E-15,0.));
#5853=DIRECTION('',(-1.22464679914735E-16,-1.,0.));
#5854=DIRECTION('',(1.,-6.16842769761555E-15,0.));
#5855=DIRECTION('',(0.,0.,1.));
#5856=DIRECTION('',(0.,0.,1.));
#5857=DIRECTION('',(0.,0.,1.));
#5858=DIRECTION('',(0.,0.,1.));
#5859=DIRECTION('',(0.,0.,1.));
#5860=DIRECTION('',(0.,0.,1.));
#5861=DIRECTION('',(0.,0.,1.));
#5862=DIRECTION('',(0.,0.,1.));
#5863=DIRECTION('',(0.,0.,1.));
#5864=DIRECTION('center_axis',(1.,-1.22464679914735E-16,0.));
#5865=DIRECTION('ref_axis',(0.,0.,1.));
#5866=DIRECTION('',(1.22464679914735E-16,1.,0.));
#5867=DIRECTION('',(0.,0.,1.));
#5868=DIRECTION('center_axis',(6.47689519851868E-15,1.,0.));
#5869=DIRECTION('ref_axis',(0.,0.,-1.));
#5870=DIRECTION('',(-1.,6.47689519851867E-15,0.));
#5871=DIRECTION('',(0.,0.,1.));
#5872=DIRECTION('',(0.,0.,1.));
#5873=DIRECTION('',(0.,0.,1.));
#5874=DIRECTION('',(0.,0.,1.));
#5875=DIRECTION('',(0.,0.,1.));
#5876=DIRECTION('',(0.,0.,1.));
#5877=DIRECTION('',(0.,0.,1.));
#5878=DIRECTION('',(0.,0.,1.));
#5879=DIRECTION('',(0.,0.,1.));
#5880=DIRECTION('center_axis',(-1.,1.22464679914735E-16,0.));
#5881=DIRECTION('ref_axis',(0.,0.,-1.));
#5882=DIRECTION('',(-1.22464679914735E-16,-1.,0.));
#5883=DIRECTION('',(0.,0.,1.));
#5884=DIRECTION('center_axis',(-6.16842769761556E-15,-1.,0.));
#5885=DIRECTION('ref_axis',(0.,0.,1.));
#5886=DIRECTION('',(1.,-6.16842769761556E-15,0.));
#5887=DIRECTION('center_axis',(0.,0.,1.));
#5888=DIRECTION('ref_axis',(-1.,1.22464679914735E-16,0.));
#5889=DIRECTION('',(1.,-1.22464679914735E-16,0.));
#5890=DIRECTION('',(1.22464679914735E-16,1.,0.));
#5891=DIRECTION('',(-1.,1.22464679914735E-16,0.));
#5892=DIRECTION('',(-1.22464679914735E-16,-1.,0.));
#5893=DIRECTION('',(-2.47384288873965E-16,-1.,0.));
#5894=DIRECTION('',(1.,-1.96479548223079E-16,0.));
#5895=DIRECTION('',(-1.22464679914735E-16,-1.,0.));
#5896=DIRECTION('',(-1.,1.22464679914735E-16,0.));
#5897=DIRECTION('center_axis',(0.,0.,1.));
#5898=DIRECTION('ref_axis',(-1.,1.22464679914735E-16,0.));
#5899=DIRECTION('center_axis',(0.,0.,1.));
#5900=DIRECTION('ref_axis',(-1.,1.22464679914735E-16,0.));
#5901=DIRECTION('center_axis',(0.,0.,1.));
#5902=DIRECTION('ref_axis',(-0.707106781186546,-0.707106781186549,0.));
#5903=DIRECTION('center_axis',(0.,0.,-1.));
#5904=DIRECTION('ref_axis',(-0.707106781186546,-0.707106781186549,0.));
#5905=DIRECTION('',(0.,0.,-1.));
#5906=DIRECTION('center_axis',(0.,0.,-1.));
#5907=DIRECTION('ref_axis',(-0.707106781186546,-0.707106781186549,0.));
#5908=DIRECTION('',(0.,0.,1.));
#5909=DIRECTION('center_axis',(-1.,1.22464679914735E-16,0.));
#5910=DIRECTION('ref_axis',(-1.22464679914735E-16,-1.,0.));
#5911=DIRECTION('',(-1.22464679914735E-16,-1.,0.));
#5912=DIRECTION('',(-1.22464679914735E-16,-1.,0.));
#5913=DIRECTION('',(0.,0.,1.));
#5914=DIRECTION('',(-1.22464679914735E-16,-1.,0.));
#5915=DIRECTION('',(-1.22464679914735E-16,-1.,0.));
#5916=DIRECTION('',(0.,0.,1.));
#5917=DIRECTION('',(-1.22464679914735E-16,-1.,-2.39118320851221E-32));
#5918=DIRECTION('',(-1.22464679914735E-16,-1.,0.));
#5919=DIRECTION('',(-1.22464679914735E-16,-1.,-2.39118320851221E-32));
#5920=DIRECTION('',(0.,0.,1.));
#5921=DIRECTION('center_axis',(0.,0.,1.));
#5922=DIRECTION('ref_axis',(-1.,1.22464679914735E-16,0.));
#5923=DIRECTION('',(1.,4.83388623352887E-17,0.));
#5924=DIRECTION('center_axis',(0.,0.,1.));
#5925=DIRECTION('ref_axis',(4.31842741858585E-15,-1.,0.));
#5926=DIRECTION('',(1.22464679914735E-16,1.,0.));
#5927=DIRECTION('center_axis',(0.,0.,1.));
#5928=DIRECTION('ref_axis',(1.,6.53887346783616E-15,0.));
#5929=DIRECTION('',(-1.,1.22464679914735E-16,0.));
#5930=DIRECTION('',(1.22464679914735E-16,1.,0.));
#5931=DIRECTION('center_axis',(-0.224951054343869,2.75485588667042E-17,
0.974370064785234));
#5932=DIRECTION('ref_axis',(-0.974370064785234,1.19325918102424E-16,-0.224951054343869));
#5933=DIRECTION('',(-1.22464679914735E-16,-1.,0.));
#5934=DIRECTION('',(0.974370064785234,-1.19325918102424E-16,0.224951054343869));
#5935=DIRECTION('center_axis',(-0.224951054343869,2.75485588667042E-17,
0.974370064785234));
#5936=DIRECTION('ref_axis',(-0.974370064785234,-3.03787080817536E-15,-0.224951054343869));
#5937=DIRECTION('',(3.10242552257294E-16,-1.,9.98983359785071E-17));
#5938=DIRECTION('center_axis',(-0.224951054343869,2.75485588667042E-17,
0.974370064785234));
#5939=DIRECTION('ref_axis',(-4.20460764180553E-15,1.,-9.98983359785068E-16));
#5940=DIRECTION('',(-0.974370064785234,1.19325918102424E-16,-0.224951054343869));
#5941=DIRECTION('center_axis',(-1.22464679914735E-16,-1.,0.));
#5942=DIRECTION('ref_axis',(0.,0.,1.));
#5943=DIRECTION('',(1.22464679914735E-16,1.,0.));
#5944=DIRECTION('center_axis',(1.22464679914735E-16,1.,0.));
#5945=DIRECTION('ref_axis',(-0.224951054343859,2.75485588667029E-17,0.974370064785237));
#5946=DIRECTION('center_axis',(-1.22464679914735E-16,-1.,0.));
#5947=DIRECTION('ref_axis',(0.,0.,1.));
#5948=DIRECTION('center_axis',(-1.22464679914735E-16,-1.,0.));
#5949=DIRECTION('ref_axis',(0.974370064785234,-1.19325918102424E-16,0.224951054343869));
#5950=DIRECTION('',(0.974370064785234,-1.19325918102424E-16,0.224951054343869));
#5951=DIRECTION('',(-0.224951054343869,2.75485588667042E-17,0.974370064785234));
#5952=DIRECTION('center_axis',(1.22464679914735E-16,1.,0.));
#5953=DIRECTION('ref_axis',(-0.22495105434389,2.75485588667067E-17,0.974370064785229));
#5954=DIRECTION('center_axis',(-1.24860685533516E-16,1.11136003903204E-32,
-1.));
#5955=DIRECTION('ref_axis',(1.22464679914735E-16,1.,-4.17742349747607E-33));
#5956=DIRECTION('',(2.70494416531423E-16,1.,-2.26605178907815E-32));
#5957=DIRECTION('',(1.,-1.22464679914735E-16,-1.24860685533516E-16));
#5958=DIRECTION('',(2.70494416531423E-16,1.,-2.26605178907815E-32));
#5959=DIRECTION('',(1.,-1.22464679914735E-16,-1.24860685533516E-16));
#5960=DIRECTION('center_axis',(1.24860685533516E-16,-1.11136003903204E-32,
1.));
#5961=DIRECTION('ref_axis',(-1.22464679914735E-16,-1.,4.17742349747607E-33));
#5962=DIRECTION('',(-2.70494416531423E-16,-1.,2.26605178907815E-32));
#5963=DIRECTION('',(1.,-1.22464679914735E-16,-1.24860685533516E-16));
#5964=DIRECTION('',(-2.70494416531423E-16,-1.,2.26605178907815E-32));
#5965=DIRECTION('',(1.,-1.22464679914735E-16,-1.24860685533516E-16));
#5966=DIRECTION('center_axis',(-1.96479548223079E-16,-1.,4.5321035781563E-33));
#5967=DIRECTION('ref_axis',(8.9046566353635E-49,4.5321035781563E-33,1.));
#5968=DIRECTION('',(1.22464679914735E-16,1.,-7.40148683083438E-17));
#5969=DIRECTION('center_axis',(-1.22464679914735E-16,-1.,0.));
#5970=DIRECTION('ref_axis',(-1.,1.22464679914735E-16,2.2204460492503E-15));
#5971=DIRECTION('center_axis',(-1.22464679914735E-16,-1.,0.));
#5972=DIRECTION('ref_axis',(-1.,1.22464679914735E-16,1.55431223447524E-14));
#5973=DIRECTION('center_axis',(-1.96479548223079E-16,-1.,4.5321035781563E-33));
#5974=DIRECTION('ref_axis',(8.9046566353635E-49,4.5321035781563E-33,1.));
#5975=DIRECTION('',(-1.22464679914735E-16,-1.,7.40148683083438E-17));
#5976=DIRECTION('center_axis',(-1.22464679914735E-16,-1.,0.));
#5977=DIRECTION('ref_axis',(-1.,1.22464679914735E-16,1.31473779231926E-14));
#5978=DIRECTION('center_axis',(-1.22464679914735E-16,-1.,0.));
#5979=DIRECTION('ref_axis',(-1.,1.22464679914735E-16,1.60690174616798E-14));
#5980=DIRECTION('center_axis',(-1.,1.22464679914735E-16,-2.51541997504535E-81));
#5981=DIRECTION('ref_axis',(1.22464679914735E-16,1.,-6.66133814775094E-17));
#5982=DIRECTION('',(1.22464679914735E-16,1.,-7.40148683083438E-17));
#5983=DIRECTION('',(0.,0.,-1.));
#5984=DIRECTION('',(0.,0.,-1.));
#5985=DIRECTION('center_axis',(1.,-1.22464679914735E-16,2.51541997504535E-81));
#5986=DIRECTION('ref_axis',(-1.22464679914735E-16,-1.,6.66133814775094E-17));
#5987=DIRECTION('',(-1.22464679914735E-16,-1.,7.40148683083438E-17));
#5988=DIRECTION('',(0.,0.,-1.));
#5989=DIRECTION('',(0.,0.,-1.));
#5990=DIRECTION('center_axis',(-1.96479548223079E-16,-1.,0.));
#5991=DIRECTION('ref_axis',(1.,-1.96479548223079E-16,0.));
#5992=DIRECTION('',(1.22464679914735E-16,1.,0.));
#5993=DIRECTION('center_axis',(-1.22464679914735E-16,-1.,0.));
#5994=DIRECTION('ref_axis',(0.,0.,1.));
#5995=DIRECTION('center_axis',(-1.22464679914735E-16,-1.,0.));
#5996=DIRECTION('ref_axis',(0.,0.,1.));
#5997=DIRECTION('center_axis',(-1.96479548223079E-16,-1.,0.));
#5998=DIRECTION('ref_axis',(1.,-1.96479548223079E-16,0.));
#5999=DIRECTION('',(-1.22464679914735E-16,-1.,0.));
#6000=DIRECTION('center_axis',(-1.22464679914735E-16,-1.,0.));
#6001=DIRECTION('ref_axis',(0.,0.,1.));
#6002=DIRECTION('center_axis',(-1.22464679914735E-16,-1.,0.));
#6003=DIRECTION('ref_axis',(0.,0.,1.));
#6004=DIRECTION('center_axis',(0.,0.,1.));
#6005=DIRECTION('ref_axis',(1.22464679914735E-16,1.,0.));
#6006=DIRECTION('',(-1.,1.22464679914735E-16,0.));
#6007=DIRECTION('',(-1.,1.22464679914735E-16,0.));
#6008=DIRECTION('center_axis',(1.,-2.70494416531423E-16,-1.22464679914735E-16));
#6009=DIRECTION('ref_axis',(1.22464679914735E-16,-6.83064863187663E-33,
1.));
#6010=DIRECTION('',(1.22464679914735E-16,-1.04654942484622E-32,1.));
#6011=DIRECTION('',(-1.22464679914735E-16,1.04654942484622E-32,-1.));
#6012=DIRECTION('center_axis',(-2.22247387005742E-32,-1.81478763640651E-16,
-1.));
#6013=DIRECTION('ref_axis',(1.22464679914735E-16,1.,-1.81478763640651E-16));
#6014=DIRECTION('',(2.47384288873965E-16,1.,-1.81478763640651E-16));
#6015=DIRECTION('',(-1.,1.22464679914735E-16,0.));
#6016=DIRECTION('',(-1.,1.22464679914735E-16,0.));
#6017=DIRECTION('center_axis',(-1.22464679914735E-16,-1.,0.));
#6018=DIRECTION('ref_axis',(0.,0.,-1.));
#6019=DIRECTION('',(0.,0.,-1.));
#6020=DIRECTION('',(1.,-1.22464679914735E-16,-1.91417762866406E-16));
#6021=DIRECTION('center_axis',(1.22464679914735E-16,1.,0.));
#6022=DIRECTION('ref_axis',(0.,0.,1.));
#6023=DIRECTION('',(0.,0.,1.));
#6024=DIRECTION('',(-1.,1.22464679914735E-16,1.91417762866406E-16));
#6025=DIRECTION('center_axis',(1.91417762866406E-16,-4.73537471445512E-32,
1.));
#6026=DIRECTION('ref_axis',(-1.,2.11282521884748E-16,1.91417762866406E-16));
#6027=DIRECTION('',(-2.47384288873965E-16,-1.,0.));
#6028=DIRECTION('',(1.,-1.22464679914735E-16,-1.91417762866406E-16));
#6029=DIRECTION('center_axis',(1.91417762866406E-16,-4.73537471445512E-32,
1.));
#6030=DIRECTION('ref_axis',(-1.,2.11282521884748E-16,1.91417762866406E-16));
#6031=DIRECTION('',(-1.,1.96479548223079E-16,1.91417762866406E-16));
#6032=DIRECTION('',(-2.47384288873965E-16,-1.,0.));
#6033=DIRECTION('center_axis',(0.,0.,1.));
#6034=DIRECTION('ref_axis',(1.,6.53887346783616E-15,0.));
#6035=DIRECTION('center_axis',(0.,0.,-1.));
#6036=DIRECTION('ref_axis',(1.,6.53887346783616E-15,0.));
#6037=DIRECTION('',(0.,0.,1.));
#6038=DIRECTION('',(0.,0.,1.));
#6039=DIRECTION('center_axis',(1.,-1.22464679914735E-16,0.));
#6040=DIRECTION('ref_axis',(1.22464679914735E-16,1.,0.));
#6041=DIRECTION('',(-1.22464679914735E-16,-1.,0.));
#6042=DIRECTION('',(0.,0.,1.));
#6043=DIRECTION('center_axis',(0.,0.,1.));
#6044=DIRECTION('ref_axis',(4.31842741858585E-15,-1.,0.));
#6045=DIRECTION('center_axis',(0.,0.,-1.));
#6046=DIRECTION('ref_axis',(4.31842741858585E-15,-1.,0.));
#6047=DIRECTION('',(0.,0.,1.));
#6048=DIRECTION('center_axis',(4.83388623352887E-17,-1.,0.));
#6049=DIRECTION('ref_axis',(1.,4.83388623352887E-17,0.));
#6050=DIRECTION('',(-1.,-4.83388623352887E-17,0.));
#6051=DIRECTION('center_axis',(-0.224951054343869,2.75485588667042E-17,
0.974370064785234));
#6052=DIRECTION('ref_axis',(-0.974370064785234,-3.03787080817536E-15,-0.224951054343869));
#6053=DIRECTION('center_axis',(-0.224951054343869,2.75485588667042E-17,
0.974370064785234));
#6054=DIRECTION('ref_axis',(-0.974370064785234,-3.03787080817536E-15,-0.224951054343869));
#6055=DIRECTION('',(-0.224951054343869,2.75485588667042E-17,0.974370064785234));
#6056=DIRECTION('center_axis',(-0.974370064785234,-3.2476329174764E-16,
-0.224951054343869));
#6057=DIRECTION('ref_axis',(3.08752751441882E-16,-1.,1.06351372267955E-16));
#6058=DIRECTION('',(3.10242552257294E-16,-1.,9.98983359785071E-17));
#6059=DIRECTION('',(-0.224951054343869,2.75485588667042E-17,0.974370064785234));
#6060=DIRECTION('center_axis',(-0.224951054343869,2.75485588667042E-17,
0.974370064785234));
#6061=DIRECTION('ref_axis',(-4.20460764180553E-15,1.,-9.98983359785068E-16));
#6062=DIRECTION('center_axis',(-0.224951054343869,2.75485588667042E-17,
0.974370064785234));
#6063=DIRECTION('ref_axis',(-4.20460764180553E-15,1.,-9.98983359785068E-16));
#6064=DIRECTION('',(-0.224951054343869,2.75485588667042E-17,0.974370064785234));
#6065=DIRECTION('center_axis',(1.22464679914735E-16,1.,0.));
#6066=DIRECTION('ref_axis',(-0.974370064785234,1.19325918102424E-16,-0.224951054343869));
#6067=DIRECTION('',(-0.974370064785234,1.19325918102424E-16,-0.224951054343869));
#6068=DIRECTION('',(1.,-1.22464679914735E-16,0.));
#6069=DIRECTION('center_axis',(-1.22464679914735E-16,-1.,0.));
#6070=DIRECTION('ref_axis',(0.,0.,1.));
#6071=DIRECTION('center_axis',(-0.224951054343869,2.75485588667042E-17,
0.974370064785234));
#6072=DIRECTION('ref_axis',(-0.974370064785234,1.19325918102424E-16,-0.224951054343869));
#6073=DIRECTION('center_axis',(-1.22464679914735E-16,-1.,0.));
#6074=DIRECTION('ref_axis',(0.,0.,1.));
#6075=DIRECTION('center_axis',(-1.,1.22464679914735E-16,0.));
#6076=DIRECTION('ref_axis',(-1.22464679914735E-16,-1.,0.));
#6077=DIRECTION('',(1.22464679914735E-16,1.,0.));
#6078=DIRECTION('',(0.,0.,1.));
#6079=DIRECTION('',(-1.22464679914735E-16,-1.,0.));
#6080=DIRECTION('',(0.,0.,1.));
#6081=DIRECTION('center_axis',(3.6400879556196E-17,1.,0.));
#6082=DIRECTION('ref_axis',(-1.,3.6400879556196E-17,0.));
#6083=DIRECTION('',(1.,-3.6400879556196E-17,0.));
#6084=DIRECTION('',(-1.,3.6400879556196E-17,0.));
#6085=DIRECTION('',(0.,0.,1.));
#6086=DIRECTION('center_axis',(1.,-1.22464679914735E-16,0.));
#6087=DIRECTION('ref_axis',(1.22464679914735E-16,1.,0.));
#6088=DIRECTION('',(-1.22464679914735E-16,-1.,0.));
#6089=DIRECTION('',(1.22464679914735E-16,1.,0.));
#6090=DIRECTION('',(0.,0.,1.));
#6091=DIRECTION('center_axis',(-1.22464679914735E-16,-1.,0.));
#6092=DIRECTION('ref_axis',(1.,-1.22464679914735E-16,0.));
#6093=DIRECTION('',(-1.,1.22464679914735E-16,0.));
#6094=DIRECTION('',(1.,-1.22464679914735E-16,0.));
#6095=DIRECTION('center_axis',(0.,0.,1.));
#6096=DIRECTION('ref_axis',(-1.,1.22464679914735E-16,0.));
#6097=DIRECTION('center_axis',(1.,-2.47384288873965E-16,0.));
#6098=DIRECTION('ref_axis',(0.,0.,1.));
#6099=DIRECTION('',(0.,0.,1.));
#6100=DIRECTION('',(0.,0.,-1.));
#6101=DIRECTION('center_axis',(-1.22464679914735E-16,-1.,0.));
#6102=DIRECTION('ref_axis',(1.,-1.22464679914735E-16,0.));
#6103=DIRECTION('',(0.,0.,1.));
#6104=DIRECTION('',(1.,-1.22464679914735E-16,0.));
#6105=DIRECTION('center_axis',(1.96479548223079E-16,1.,0.));
#6106=DIRECTION('ref_axis',(-1.,1.96479548223079E-16,0.));
#6107=DIRECTION('',(-1.,1.96479548223079E-16,0.));
#6108=DIRECTION('',(0.,0.,1.));
#6109=DIRECTION('center_axis',(1.,-1.22464679914735E-16,0.));
#6110=DIRECTION('ref_axis',(1.22464679914735E-16,1.,0.));
#6111=DIRECTION('',(1.22464679914735E-16,1.,0.));
#6112=DIRECTION('center_axis',(0.,0.,1.));
#6113=DIRECTION('ref_axis',(-1.,1.22464679914735E-16,0.));
#6114=DIRECTION('center_axis',(0.,0.,1.));
#6115=DIRECTION('ref_axis',(-1.,1.22464679914735E-16,0.));
#6116=DIRECTION('',(0.,0.,1.));
#6117=DIRECTION('center_axis',(0.,0.,1.));
#6118=DIRECTION('ref_axis',(-1.,1.22464679914735E-16,0.));
#6119=DIRECTION('',(0.,0.,1.));
#6120=DIRECTION('center_axis',(0.,0.,1.));
#6121=DIRECTION('ref_axis',(-1.,1.22464679914735E-16,0.));
#6122=DIRECTION('',(0.,0.,1.));
#6123=DIRECTION('center_axis',(0.,0.,1.));
#6124=DIRECTION('ref_axis',(-1.,1.22464679914735E-16,0.));
#6125=DIRECTION('',(0.,0.,1.));
#6126=DIRECTION('center_axis',(1.,-1.22464679914735E-16,0.));
#6127=DIRECTION('ref_axis',(1.22464679914735E-16,1.,0.));
#6128=DIRECTION('',(1.22464679914735E-16,1.,0.));
#6129=DIRECTION('',(0.,0.,1.));
#6130=DIRECTION('',(0.,0.,1.));
#6131=DIRECTION('center_axis',(-1.22464679914735E-16,-1.,0.));
#6132=DIRECTION('ref_axis',(1.,-1.22464679914735E-16,0.));
#6133=DIRECTION('',(1.,-1.22464679914735E-16,0.));
#6134=DIRECTION('',(0.,0.,1.));
#6135=DIRECTION('center_axis',(-1.,1.22464679914735E-16,0.));
#6136=DIRECTION('ref_axis',(-1.22464679914735E-16,-1.,0.));
#6137=DIRECTION('',(-1.22464679914735E-16,-1.,0.));
#6138=DIRECTION('',(0.,0.,1.));
#6139=DIRECTION('center_axis',(1.22464679914735E-16,1.,0.));
#6140=DIRECTION('ref_axis',(-1.,1.22464679914735E-16,0.));
#6141=DIRECTION('',(-1.,1.22464679914735E-16,0.));
#6142=DIRECTION('center_axis',(0.,0.,1.));
#6143=DIRECTION('ref_axis',(-1.,1.22464679914735E-16,0.));
#6144=DIRECTION('center_axis',(0.,0.,1.));
#6145=DIRECTION('ref_axis',(-1.,1.22464679914735E-16,0.));
#6146=CARTESIAN_POINT('',(0.,0.,0.));
#6147=CARTESIAN_POINT('Origin',(-0.750000000000006,36.87,11.));
#6148=CARTESIAN_POINT('',(0.249999999999999,36.87,10.94));
#6149=CARTESIAN_POINT('Origin',(-0.750000000000006,36.87,10.94));
#6150=CARTESIAN_POINT('',(0.249999999999999,36.87,11.));
#6151=CARTESIAN_POINT('',(0.249999999999994,36.87,11.));
#6152=CARTESIAN_POINT('Origin',(-0.750000000000006,36.87,11.));
#6153=CARTESIAN_POINT('Origin',(-0.750000000000006,36.87,10.94));
#6154=CARTESIAN_POINT('',(-0.250000000000004,36.87,10.94));
#6155=CARTESIAN_POINT('Origin',(-0.750000000000006,36.87,10.94));
#6156=CARTESIAN_POINT('Origin',(-0.750000000000006,31.79,11.));
#6157=CARTESIAN_POINT('',(0.249999999999999,31.79,10.94));
#6158=CARTESIAN_POINT('Origin',(-0.750000000000006,31.79,10.94));
#6159=CARTESIAN_POINT('',(0.249999999999999,31.79,11.));
#6160=CARTESIAN_POINT('',(0.249999999999994,31.79,11.));
#6161=CARTESIAN_POINT('Origin',(-0.750000000000006,31.79,11.));
#6162=CARTESIAN_POINT('Origin',(-0.750000000000006,31.79,10.94));
#6163=CARTESIAN_POINT('',(-0.250000000000004,31.79,10.94));
#6164=CARTESIAN_POINT('Origin',(-0.750000000000006,31.79,10.94));
#6165=CARTESIAN_POINT('Origin',(-0.750000000000006,34.33,11.));
#6166=CARTESIAN_POINT('',(0.249999999999999,34.33,10.94));
#6167=CARTESIAN_POINT('Origin',(-0.750000000000006,34.33,10.94));
#6168=CARTESIAN_POINT('',(0.249999999999999,34.33,11.));
#6169=CARTESIAN_POINT('',(0.249999999999994,34.33,11.));
#6170=CARTESIAN_POINT('Origin',(-0.750000000000006,34.33,11.));
#6171=CARTESIAN_POINT('Origin',(-0.750000000000006,34.33,10.94));
#6172=CARTESIAN_POINT('',(-0.250000000000004,34.33,10.94));
#6173=CARTESIAN_POINT('Origin',(-0.750000000000006,34.33,10.94));
#6174=CARTESIAN_POINT('Origin',(-0.750000000000006,39.41,11.));
#6175=CARTESIAN_POINT('',(0.249999999999999,39.41,10.94));
#6176=CARTESIAN_POINT('Origin',(-0.750000000000006,39.41,10.94));
#6177=CARTESIAN_POINT('',(0.249999999999999,39.41,11.));
#6178=CARTESIAN_POINT('',(0.249999999999994,39.41,11.));
#6179=CARTESIAN_POINT('Origin',(-0.750000000000006,39.41,11.));
#6180=CARTESIAN_POINT('Origin',(-0.750000000000006,39.41,10.94));
#6181=CARTESIAN_POINT('',(-0.250000000000004,39.41,10.94));
#6182=CARTESIAN_POINT('Origin',(-0.750000000000006,39.41,10.94));
#6183=CARTESIAN_POINT('Origin',(-0.750000000000006,34.33,12.15));
#6184=CARTESIAN_POINT('',(-1.75,34.33,12.21));
#6185=CARTESIAN_POINT('Origin',(-0.750000000000006,34.33,12.21));
#6186=CARTESIAN_POINT('',(-1.75,34.33,12.15));
#6187=CARTESIAN_POINT('',(-1.75000000000001,34.33,12.15));
#6188=CARTESIAN_POINT('Origin',(-0.750000000000006,34.33,12.15));
#6189=CARTESIAN_POINT('Origin',(-0.750000000000006,34.33,12.21));
#6190=CARTESIAN_POINT('',(-0.250000000000006,34.33,12.21));
#6191=CARTESIAN_POINT('Origin',(-0.750000000000006,34.33,12.21));
#6192=CARTESIAN_POINT('Origin',(-0.750000000000006,39.41,12.15));
#6193=CARTESIAN_POINT('',(-1.75,39.41,12.21));
#6194=CARTESIAN_POINT('Origin',(-0.750000000000006,39.41,12.21));
#6195=CARTESIAN_POINT('',(-1.75,39.41,12.15));
#6196=CARTESIAN_POINT('',(-1.75000000000001,39.41,12.15));
#6197=CARTESIAN_POINT('Origin',(-0.750000000000006,39.41,12.15));
#6198=CARTESIAN_POINT('Origin',(-0.750000000000006,39.41,12.21));
#6199=CARTESIAN_POINT('',(-0.250000000000006,39.41,12.21));
#6200=CARTESIAN_POINT('Origin',(-0.750000000000006,39.41,12.21));
#6201=CARTESIAN_POINT('Origin',(-0.750000000000006,36.87,12.15));
#6202=CARTESIAN_POINT('',(-1.75,36.87,12.21));
#6203=CARTESIAN_POINT('Origin',(-0.750000000000006,36.87,12.21));
#6204=CARTESIAN_POINT('',(-1.75,36.87,12.15));
#6205=CARTESIAN_POINT('',(-1.75000000000001,36.87,12.15));
#6206=CARTESIAN_POINT('Origin',(-0.750000000000006,36.87,12.15));
#6207=CARTESIAN_POINT('Origin',(-0.750000000000006,36.87,12.21));
#6208=CARTESIAN_POINT('',(-0.250000000000006,36.87,12.21));
#6209=CARTESIAN_POINT('Origin',(-0.750000000000006,36.87,12.21));
#6210=CARTESIAN_POINT('Origin',(-0.750000000000006,31.79,12.15));
#6211=CARTESIAN_POINT('',(-1.75,31.79,12.21));
#6212=CARTESIAN_POINT('Origin',(-0.750000000000006,31.79,12.21));
#6213=CARTESIAN_POINT('',(-1.75,31.79,12.15));
#6214=CARTESIAN_POINT('',(-1.75000000000001,31.79,12.15));
#6215=CARTESIAN_POINT('Origin',(-0.750000000000006,31.79,12.15));
#6216=CARTESIAN_POINT('Origin',(-0.750000000000006,31.79,12.21));
#6217=CARTESIAN_POINT('',(-0.250000000000006,31.79,12.21));
#6218=CARTESIAN_POINT('Origin',(-0.750000000000006,31.79,12.21));
#6219=CARTESIAN_POINT('Origin',(-3.65000000000001,29.75,12.15));
#6220=CARTESIAN_POINT('',(-3.65000000000001,41.45,12.15));
#6221=CARTESIAN_POINT('',(-3.65000000000001,29.75,12.15));
#6222=CARTESIAN_POINT('',(-3.65000000000001,32.675,12.15));
#6223=CARTESIAN_POINT('',(-3.65000000000001,41.45,12.16));
#6224=CARTESIAN_POINT('',(-3.65000000000001,41.45,12.15));
#6225=CARTESIAN_POINT('',(-3.65000000000001,29.75,12.16));
#6226=CARTESIAN_POINT('',(-3.65000000000001,29.75,12.16));
#6227=CARTESIAN_POINT('',(-3.65000000000001,29.75,12.15));
#6228=CARTESIAN_POINT('Origin',(-3.81000000000001,29.75,12.15));
#6229=CARTESIAN_POINT('',(-3.81000000000001,29.75,12.15));
#6230=CARTESIAN_POINT('',(-11.055,29.75,12.15));
#6231=CARTESIAN_POINT('',(-3.81000000000001,29.75,12.16));
#6232=CARTESIAN_POINT('',(-3.81000000000001,29.75,12.16));
#6233=CARTESIAN_POINT('',(-3.81000000000001,29.75,12.15));
#6234=CARTESIAN_POINT('Origin',(-3.81000000000001,41.45,12.15));
#6235=CARTESIAN_POINT('',(-3.81000000000001,41.45,12.15));
#6236=CARTESIAN_POINT('',(-3.81000000000001,38.525,12.15));
#6237=CARTESIAN_POINT('',(-3.81000000000001,41.45,12.16));
#6238=CARTESIAN_POINT('',(-3.81000000000001,41.45,12.16));
#6239=CARTESIAN_POINT('',(-3.81000000000001,41.45,12.15));
#6240=CARTESIAN_POINT('Origin',(-3.65000000000001,41.45,12.15));
#6241=CARTESIAN_POINT('',(-10.975,41.45,12.15));
#6242=CARTESIAN_POINT('',(-3.65000000000001,41.45,12.16));
#6243=CARTESIAN_POINT('Origin',(-3.73000000000001,35.6,12.16));
#6244=CARTESIAN_POINT('Origin',(-2.6359621628217,31.0873135668346,12.15));
#6245=CARTESIAN_POINT('',(-2.896253895609,31.0191206984845,12.15));
#6246=CARTESIAN_POINT('',(-2.37567043003441,31.1555064351847,12.15));
#6247=CARTESIAN_POINT('',(-9.41177949839643,29.3121422443296,12.15));
#6248=CARTESIAN_POINT('',(-2.896253895609,31.0191206984845,12.16));
#6249=CARTESIAN_POINT('',(-2.896253895609,31.0191206984845,12.15));
#6250=CARTESIAN_POINT('',(-2.37567043003441,31.1555064351847,12.16));
#6251=CARTESIAN_POINT('',(-9.41177949839643,29.3121422443296,12.16));
#6252=CARTESIAN_POINT('',(-2.37567043003441,31.1555064351847,12.15));
#6253=CARTESIAN_POINT('Origin',(-2.6359621628217,31.2232535985129,12.15));
#6254=CARTESIAN_POINT('',(-2.896253895609,31.2910007618411,12.15));
#6255=CARTESIAN_POINT('',(-10.5045214680226,33.2712347875378,12.15));
#6256=CARTESIAN_POINT('',(-2.896253895609,31.2910007618411,12.16));
#6257=CARTESIAN_POINT('',(-10.5045214680226,33.2712347875378,12.16));
#6258=CARTESIAN_POINT('',(-2.896253895609,31.2910007618411,12.15));
#6259=CARTESIAN_POINT('Origin',(-2.896253895609,31.1550607301628,12.15));
#6260=CARTESIAN_POINT('',(-2.896253895609,33.3775303650814,12.15));
#6261=CARTESIAN_POINT('',(-2.896253895609,33.3775303650814,12.16));
#6262=CARTESIAN_POINT('Origin',(-18.3,35.6,12.16));
#6263=CARTESIAN_POINT('',(-3.32858776684821,31.5218759631833,12.16));
#6264=CARTESIAN_POINT('',(-2.22858777280871,31.2250364186005,12.16));
#6265=CARTESIAN_POINT('',(-3.32858776684821,31.5218759631833,12.16));
#6266=CARTESIAN_POINT('',(-3.32858776684821,31.4033184273589,12.16));
#6267=CARTESIAN_POINT('',(-3.32858776684821,31.4033184273589,12.16));
#6268=CARTESIAN_POINT('',(-3.0210513017399,31.3239829334614,12.16));
#6269=CARTESIAN_POINT('',(-3.0210513017399,31.3239829334614,12.16));
#6270=CARTESIAN_POINT('',(-3.0210513017399,30.9861385268642,12.16));
#6271=CARTESIAN_POINT('',(-3.0210513017399,30.9861385268642,12.16));
#6272=CARTESIAN_POINT('',(-3.32858776684821,30.9068030329667,12.16));
#6273=CARTESIAN_POINT('',(-3.32858776684821,30.9068030329667,12.16));
#6274=CARTESIAN_POINT('',(-3.32858776684821,30.7837884469234,12.16));
#6275=CARTESIAN_POINT('',(-3.32858776684821,30.7837884469234,12.16));
#6276=CARTESIAN_POINT('',(-2.22858777280871,31.0806279915061,12.16));
#6277=CARTESIAN_POINT('',(-2.22858777280871,31.0806279915061,12.16));
#6278=CARTESIAN_POINT('',(-2.22858777280871,31.2250364186005,12.16));
#6279=CARTESIAN_POINT('Origin',(-2.7785877698284,31.3734561908919,12.15));
#6280=CARTESIAN_POINT('',(-3.32858776684821,31.5218759631833,12.15));
#6281=CARTESIAN_POINT('',(-2.22858777280871,31.2250364186005,12.15));
#6282=CARTESIAN_POINT('',(-10.5440764277356,33.469005399225,12.15));
#6283=CARTESIAN_POINT('',(-3.32858776684821,31.5218759631833,12.15));
#6284=CARTESIAN_POINT('',(-2.22858777280871,31.2250364186005,12.15));
#6285=CARTESIAN_POINT('Origin',(-3.32858776684821,31.4625971952711,12.15));
#6286=CARTESIAN_POINT('',(-3.32858776684821,31.4033184273589,12.15));
#6287=CARTESIAN_POINT('',(-3.32858776684821,33.5312985976355,12.15));
#6288=CARTESIAN_POINT('',(-3.32858776684821,31.4033184273589,12.15));
#6289=CARTESIAN_POINT('Origin',(-3.1748195342941,31.3636506804102,12.15));
#6290=CARTESIAN_POINT('',(-3.0210513017399,31.3239829334614,12.15));
#6291=CARTESIAN_POINT('',(-10.7778622090875,33.3250153124584,12.15));
#6292=CARTESIAN_POINT('',(-3.0210513017399,31.3239829334614,12.15));
#6293=CARTESIAN_POINT('Origin',(-3.0210513017399,31.1550607301628,12.15));
#6294=CARTESIAN_POINT('',(-3.0210513017399,30.9861385268642,12.15));
#6295=CARTESIAN_POINT('',(-3.0210513017399,33.3775303650814,12.15));
#6296=CARTESIAN_POINT('',(-3.0210513017399,30.9861385268642,12.15));
#6297=CARTESIAN_POINT('Origin',(-3.1748195342941,30.9464707799154,12.15));
#6298=CARTESIAN_POINT('',(-3.32858776684821,30.9068030329667,12.15));
#6299=CARTESIAN_POINT('',(-9.70274475536426,29.2624552881031,12.15));
#6300=CARTESIAN_POINT('',(-3.32858776684821,30.9068030329667,12.15));
#6301=CARTESIAN_POINT('Origin',(-3.32858776684821,30.845295739945,12.15));
#6302=CARTESIAN_POINT('',(-3.32858776684821,30.7837884469234,12.15));
#6303=CARTESIAN_POINT('',(-3.32858776684821,33.2226478699724,12.15));
#6304=CARTESIAN_POINT('',(-3.32858776684821,30.7837884469234,12.15));
#6305=CARTESIAN_POINT('Origin',(-2.7785877698284,30.9322082192148,12.15));
#6306=CARTESIAN_POINT('',(-2.22858777280871,31.0806279915061,12.15));
#6307=CARTESIAN_POINT('',(-9.425449624094,29.1385250770183,12.15));
#6308=CARTESIAN_POINT('',(-2.22858777280871,31.0806279915061,12.15));
#6309=CARTESIAN_POINT('Origin',(-2.22858777280871,31.1528322050533,12.15));
#6310=CARTESIAN_POINT('',(-2.22858777280871,33.3764161025267,12.15));
#6311=CARTESIAN_POINT('Ctrl Pts',(-2.77769635978461,31.6751984907155,12.15));
#6312=CARTESIAN_POINT('Ctrl Pts',(-2.77769635978461,31.6751984907155,12.162));
#6313=CARTESIAN_POINT('Ctrl Pts',(-2.6511161335662,31.6751984907155,12.15));
#6314=CARTESIAN_POINT('Ctrl Pts',(-2.6511161335662,31.6751984907155,12.162));
#6315=CARTESIAN_POINT('Ctrl Pts',(-2.47194271476391,31.7429456540437,12.15));
#6316=CARTESIAN_POINT('Ctrl Pts',(-2.47194271476391,31.7429456540437,12.162));
#6317=CARTESIAN_POINT('Ctrl Pts',(-2.4211323422678,31.8089099972843,12.15));
#6318=CARTESIAN_POINT('Ctrl Pts',(-2.4211323422678,31.8089099972843,12.162));
#6319=CARTESIAN_POINT('',(-2.77769635978461,31.6751984907155,12.15));
#6320=CARTESIAN_POINT('',(-2.4211323422678,31.8089099972843,12.15));
#6321=CARTESIAN_POINT('Ctrl Pts',(-2.77769635978461,31.6751984907155,12.15));
#6322=CARTESIAN_POINT('Ctrl Pts',(-2.6511161335662,31.6751984907155,12.15));
#6323=CARTESIAN_POINT('Ctrl Pts',(-2.47194271476391,31.7429456540437,12.15));
#6324=CARTESIAN_POINT('Ctrl Pts',(-2.4211323422678,31.8089099972843,12.15));
#6325=CARTESIAN_POINT('',(-2.77769635978461,31.6751984907155,12.16));
#6326=CARTESIAN_POINT('',(-2.77769635978461,31.6751984907155,12.15));
#6327=CARTESIAN_POINT('',(-2.4211323422678,31.8089099972843,12.16));
#6328=CARTESIAN_POINT('Ctrl Pts',(-2.4211323422678,31.8089099972843,12.16));
#6329=CARTESIAN_POINT('Ctrl Pts',(-2.47194271476391,31.7429456540437,12.16));
#6330=CARTESIAN_POINT('Ctrl Pts',(-2.6511161335662,31.6751984907155,12.16));
#6331=CARTESIAN_POINT('Ctrl Pts',(-2.77769635978461,31.6751984907155,12.16));
#6332=CARTESIAN_POINT('',(-2.4211323422678,31.8089099972843,12.15));
#6333=CARTESIAN_POINT('Ctrl Pts',(-2.4211323422678,31.8089099972843,12.15));
#6334=CARTESIAN_POINT('Ctrl Pts',(-2.4211323422678,31.8089099972843,12.162));
#6335=CARTESIAN_POINT('Ctrl Pts',(-2.3863673505599,31.8552633195615,12.15));
#6336=CARTESIAN_POINT('Ctrl Pts',(-2.3863673505599,31.8552633195615,12.162));
#6337=CARTESIAN_POINT('Ctrl Pts',(-2.3551679990272,31.9622325248166,12.15));
#6338=CARTESIAN_POINT('Ctrl Pts',(-2.3551679990272,31.9622325248166,12.162));
#6339=CARTESIAN_POINT('Ctrl Pts',(-2.3551679990272,32.0415680187141,12.15));
#6340=CARTESIAN_POINT('Ctrl Pts',(-2.3551679990272,32.0415680187141,12.162));
#6341=CARTESIAN_POINT('',(-2.3551679990272,32.0415680187141,12.15));
#6342=CARTESIAN_POINT('Ctrl Pts',(-2.4211323422678,31.8089099972843,12.15));
#6343=CARTESIAN_POINT('Ctrl Pts',(-2.3863673505599,31.8552633195615,12.15));
#6344=CARTESIAN_POINT('Ctrl Pts',(-2.3551679990272,31.9622325248166,12.15));
#6345=CARTESIAN_POINT('Ctrl Pts',(-2.3551679990272,32.0415680187141,12.15));
#6346=CARTESIAN_POINT('',(-2.3551679990272,32.0415680187141,12.16));
#6347=CARTESIAN_POINT('Ctrl Pts',(-2.3551679990272,32.0415680187141,12.16));
#6348=CARTESIAN_POINT('Ctrl Pts',(-2.3551679990272,31.9622325248166,12.16));
#6349=CARTESIAN_POINT('Ctrl Pts',(-2.3863673505599,31.8552633195615,12.16));
#6350=CARTESIAN_POINT('Ctrl Pts',(-2.4211323422678,31.8089099972843,12.16));
#6351=CARTESIAN_POINT('',(-2.3551679990272,32.0415680187141,12.15));
#6352=CARTESIAN_POINT('Origin',(-2.3551679990272,32.0861385209037,12.15));
#6353=CARTESIAN_POINT('',(-2.3551679990272,32.1307090230933,12.15));
#6354=CARTESIAN_POINT('',(-2.3551679990272,33.8430692604519,12.15));
#6355=CARTESIAN_POINT('',(-2.3551679990272,32.1307090230933,12.16));
#6356=CARTESIAN_POINT('',(-2.3551679990272,33.8430692604519,12.16));
#6357=CARTESIAN_POINT('',(-2.3551679990272,32.1307090230933,12.15));
#6358=CARTESIAN_POINT('Origin',(-2.7785877698284,32.1307090230933,12.15));
#6359=CARTESIAN_POINT('',(-3.20200754062971,32.1307090230933,12.15));
#6360=CARTESIAN_POINT('',(-10.5392938849142,32.1307090230933,12.15));
#6361=CARTESIAN_POINT('',(-3.20200754062971,32.1307090230933,12.16));
#6362=CARTESIAN_POINT('',(-10.5392938849142,32.1307090230933,12.16));
#6363=CARTESIAN_POINT('',(-3.20200754062971,32.1307090230933,12.15));
#6364=CARTESIAN_POINT('Origin',(-3.20200754062971,32.0861385209037,12.15));
#6365=CARTESIAN_POINT('',(-3.20200754062971,32.0415680187141,12.15));
#6366=CARTESIAN_POINT('',(-3.20200754062971,33.8430692604519,12.15));
#6367=CARTESIAN_POINT('',(-3.20200754062971,32.0415680187141,12.16));
#6368=CARTESIAN_POINT('',(-3.20200754062971,33.8430692604519,12.16));
#6369=CARTESIAN_POINT('',(-3.20200754062971,32.0415680187141,12.15));
#6370=CARTESIAN_POINT('Ctrl Pts',(-3.20200754062971,32.0415680187141,12.15));
#6371=CARTESIAN_POINT('Ctrl Pts',(-3.20200754062971,32.0415680187141,12.162));
#6372=CARTESIAN_POINT('Ctrl Pts',(-3.20200754062971,31.9631239348604,12.15));
#6373=CARTESIAN_POINT('Ctrl Pts',(-3.20200754062971,31.9631239348604,12.162));
#6374=CARTESIAN_POINT('Ctrl Pts',(-3.170808189097,31.8463492191236,12.15));
#6375=CARTESIAN_POINT('Ctrl Pts',(-3.170808189097,31.8463492191236,12.162));
#6376=CARTESIAN_POINT('Ctrl Pts',(-3.1289119170388,31.7973216667151,12.15));
#6377=CARTESIAN_POINT('Ctrl Pts',(-3.1289119170388,31.7973216667151,12.162));
#6378=CARTESIAN_POINT('',(-3.1289119170388,31.7973216667151,12.15));
#6379=CARTESIAN_POINT('Ctrl Pts',(-3.20200754062971,32.0415680187141,12.15));
#6380=CARTESIAN_POINT('Ctrl Pts',(-3.20200754062971,31.9631239348604,12.15));
#6381=CARTESIAN_POINT('Ctrl Pts',(-3.170808189097,31.8463492191236,12.15));
#6382=CARTESIAN_POINT('Ctrl Pts',(-3.1289119170388,31.7973216667151,12.15));
#6383=CARTESIAN_POINT('',(-3.1289119170388,31.7973216667151,12.16));
#6384=CARTESIAN_POINT('Ctrl Pts',(-3.1289119170388,31.7973216667151,12.16));
#6385=CARTESIAN_POINT('Ctrl Pts',(-3.170808189097,31.8463492191236,12.16));
#6386=CARTESIAN_POINT('Ctrl Pts',(-3.20200754062971,31.9631239348604,12.16));
#6387=CARTESIAN_POINT('Ctrl Pts',(-3.20200754062971,32.0415680187141,12.16));
#6388=CARTESIAN_POINT('',(-3.1289119170388,31.7973216667151,12.15));
#6389=CARTESIAN_POINT('Ctrl Pts',(-3.1289119170388,31.7973216667151,12.15));
#6390=CARTESIAN_POINT('Ctrl Pts',(-3.1289119170388,31.7973216667151,12.162));
#6391=CARTESIAN_POINT('Ctrl Pts',(-3.07721013449881,31.7367057837372,12.15));
#6392=CARTESIAN_POINT('Ctrl Pts',(-3.07721013449881,31.7367057837372,12.162));
#6393=CARTESIAN_POINT('Ctrl Pts',(-2.9060594060907,31.6751984907155,12.15));
#6394=CARTESIAN_POINT('Ctrl Pts',(-2.9060594060907,31.6751984907155,12.162));
#6395=CARTESIAN_POINT('Ctrl Pts',(-2.77769635978461,31.6751984907155,12.15));
#6396=CARTESIAN_POINT('Ctrl Pts',(-2.77769635978461,31.6751984907155,12.162));
#6397=CARTESIAN_POINT('Ctrl Pts',(-3.1289119170388,31.7973216667151,12.15));
#6398=CARTESIAN_POINT('Ctrl Pts',(-3.07721013449881,31.7367057837372,12.15));
#6399=CARTESIAN_POINT('Ctrl Pts',(-2.9060594060907,31.6751984907155,12.15));
#6400=CARTESIAN_POINT('Ctrl Pts',(-2.77769635978461,31.6751984907155,12.15));
#6401=CARTESIAN_POINT('Ctrl Pts',(-2.77769635978461,31.6751984907155,12.16));
#6402=CARTESIAN_POINT('Ctrl Pts',(-2.9060594060907,31.6751984907155,12.16));
#6403=CARTESIAN_POINT('Ctrl Pts',(-3.07721013449881,31.7367057837372,12.16));
#6404=CARTESIAN_POINT('Ctrl Pts',(-3.1289119170388,31.7973216667151,12.16));
#6405=CARTESIAN_POINT('Origin',(-18.3,35.6,12.16));
#6406=CARTESIAN_POINT('',(-2.7794791798722,31.5539667247598,12.16));
#6407=CARTESIAN_POINT('',(-3.2403381725128,31.733140143562,12.16));
#6408=CARTESIAN_POINT('Ctrl Pts',(-2.7794791798722,31.5539667247598,12.16));
#6409=CARTESIAN_POINT('Ctrl Pts',(-2.9301274772731,31.5539667247598,12.16));
#6410=CARTESIAN_POINT('Ctrl Pts',(-3.17259100918461,31.6511304195331,12.16));
#6411=CARTESIAN_POINT('Ctrl Pts',(-3.2403381725128,31.733140143562,12.16));
#6412=CARTESIAN_POINT('',(-2.3159459571003,31.7322487335182,12.16));
#6413=CARTESIAN_POINT('Ctrl Pts',(-2.3159459571003,31.7322487335182,12.16));
#6414=CARTESIAN_POINT('Ctrl Pts',(-2.3863673505599,31.647564779358,12.16));
#6415=CARTESIAN_POINT('Ctrl Pts',(-2.61902537198961,31.5539667247598,12.16));
#6416=CARTESIAN_POINT('Ctrl Pts',(-2.7794791798722,31.5539667247598,12.16));
#6417=CARTESIAN_POINT('',(-2.22858777280871,32.0469164789769,12.16));
#6418=CARTESIAN_POINT('Ctrl Pts',(-2.22858777280871,32.0469164789769,12.16));
#6419=CARTESIAN_POINT('Ctrl Pts',(-2.22858777280871,31.9230104828897,12.16));
#6420=CARTESIAN_POINT('Ctrl Pts',(-2.2749410950859,31.7821676959706,12.16));
#6421=CARTESIAN_POINT('Ctrl Pts',(-2.3159459571003,31.7322487335182,12.16));
#6422=CARTESIAN_POINT('',(-2.22858777280871,32.2474837388301,12.16));
#6423=CARTESIAN_POINT('',(-2.22858777280871,32.2474837388301,12.16));
#6424=CARTESIAN_POINT('',(-3.32858776684821,32.2474837388301,12.16));
#6425=CARTESIAN_POINT('',(-3.32858776684821,32.2474837388301,12.16));
#6426=CARTESIAN_POINT('',(-3.32858776684821,32.0451336588893,12.16));
#6427=CARTESIAN_POINT('',(-3.32858776684821,32.0451336588893,12.16));
#6428=CARTESIAN_POINT('Ctrl Pts',(-3.2403381725128,31.733140143562,12.16));
#6429=CARTESIAN_POINT('Ctrl Pts',(-3.2929313650965,31.7999958968464,12.16));
#6430=CARTESIAN_POINT('Ctrl Pts',(-3.32858776684821,31.9381644536342,12.16));
#6431=CARTESIAN_POINT('Ctrl Pts',(-3.32858776684821,32.0451336588893,12.16));
#6432=CARTESIAN_POINT('Ctrl Pts',(-2.7794791798722,31.5539667247598,12.15));
#6433=CARTESIAN_POINT('Ctrl Pts',(-2.7794791798722,31.5539667247598,12.162));
#6434=CARTESIAN_POINT('Ctrl Pts',(-2.9301274772731,31.5539667247598,12.15));
#6435=CARTESIAN_POINT('Ctrl Pts',(-2.9301274772731,31.5539667247598,12.162));
#6436=CARTESIAN_POINT('Ctrl Pts',(-3.17259100918461,31.6511304195331,12.15));
#6437=CARTESIAN_POINT('Ctrl Pts',(-3.17259100918461,31.6511304195331,12.162));
#6438=CARTESIAN_POINT('Ctrl Pts',(-3.2403381725128,31.733140143562,12.15));
#6439=CARTESIAN_POINT('Ctrl Pts',(-3.2403381725128,31.733140143562,12.162));
#6440=CARTESIAN_POINT('',(-2.7794791798722,31.5539667247598,12.15));
#6441=CARTESIAN_POINT('',(-3.2403381725128,31.733140143562,12.15));
#6442=CARTESIAN_POINT('Ctrl Pts',(-2.7794791798722,31.5539667247598,12.15));
#6443=CARTESIAN_POINT('Ctrl Pts',(-2.9301274772731,31.5539667247598,12.15));
#6444=CARTESIAN_POINT('Ctrl Pts',(-3.17259100918461,31.6511304195331,12.15));
#6445=CARTESIAN_POINT('Ctrl Pts',(-3.2403381725128,31.733140143562,12.15));
#6446=CARTESIAN_POINT('',(-2.7794791798722,31.5539667247598,12.15));
#6447=CARTESIAN_POINT('',(-3.2403381725128,31.733140143562,12.15));
#6448=CARTESIAN_POINT('Ctrl Pts',(-2.3159459571003,31.7322487335182,12.15));
#6449=CARTESIAN_POINT('Ctrl Pts',(-2.3159459571003,31.7322487335182,12.162));
#6450=CARTESIAN_POINT('Ctrl Pts',(-2.3863673505599,31.647564779358,12.15));
#6451=CARTESIAN_POINT('Ctrl Pts',(-2.3863673505599,31.647564779358,12.162));
#6452=CARTESIAN_POINT('Ctrl Pts',(-2.61902537198961,31.5539667247598,12.15));
#6453=CARTESIAN_POINT('Ctrl Pts',(-2.61902537198961,31.5539667247598,12.162));
#6454=CARTESIAN_POINT('Ctrl Pts',(-2.7794791798722,31.5539667247598,12.15));
#6455=CARTESIAN_POINT('Ctrl Pts',(-2.7794791798722,31.5539667247598,12.162));
#6456=CARTESIAN_POINT('',(-2.3159459571003,31.7322487335182,12.15));
#6457=CARTESIAN_POINT('Ctrl Pts',(-2.3159459571003,31.7322487335182,12.15));
#6458=CARTESIAN_POINT('Ctrl Pts',(-2.3863673505599,31.647564779358,12.15));
#6459=CARTESIAN_POINT('Ctrl Pts',(-2.61902537198961,31.5539667247598,12.15));
#6460=CARTESIAN_POINT('Ctrl Pts',(-2.7794791798722,31.5539667247598,12.15));
#6461=CARTESIAN_POINT('',(-2.3159459571003,31.7322487335182,12.15));
#6462=CARTESIAN_POINT('Ctrl Pts',(-2.22858777280871,32.0469164789769,12.15));
#6463=CARTESIAN_POINT('Ctrl Pts',(-2.22858777280871,32.0469164789769,12.162));
#6464=CARTESIAN_POINT('Ctrl Pts',(-2.22858777280871,31.9230104828897,12.15));
#6465=CARTESIAN_POINT('Ctrl Pts',(-2.22858777280871,31.9230104828897,12.162));
#6466=CARTESIAN_POINT('Ctrl Pts',(-2.2749410950859,31.7821676959706,12.15));
#6467=CARTESIAN_POINT('Ctrl Pts',(-2.2749410950859,31.7821676959706,12.162));
#6468=CARTESIAN_POINT('Ctrl Pts',(-2.3159459571003,31.7322487335182,12.15));
#6469=CARTESIAN_POINT('Ctrl Pts',(-2.3159459571003,31.7322487335182,12.162));
#6470=CARTESIAN_POINT('',(-2.22858777280871,32.0469164789769,12.15));
#6471=CARTESIAN_POINT('Ctrl Pts',(-2.22858777280871,32.0469164789769,12.15));
#6472=CARTESIAN_POINT('Ctrl Pts',(-2.22858777280871,31.9230104828897,12.15));
#6473=CARTESIAN_POINT('Ctrl Pts',(-2.2749410950859,31.7821676959706,12.15));
#6474=CARTESIAN_POINT('Ctrl Pts',(-2.3159459571003,31.7322487335182,12.15));
#6475=CARTESIAN_POINT('',(-2.22858777280871,32.0469164789769,12.15));
#6476=CARTESIAN_POINT('Origin',(-2.22858777280871,32.1472001089035,12.15));
#6477=CARTESIAN_POINT('',(-2.22858777280871,32.2474837388301,12.15));
#6478=CARTESIAN_POINT('',(-2.22858777280871,33.8736000544517,12.15));
#6479=CARTESIAN_POINT('',(-2.22858777280871,32.2474837388301,12.15));
#6480=CARTESIAN_POINT('Origin',(-2.7785877698284,32.2474837388301,12.15));
#6481=CARTESIAN_POINT('',(-3.32858776684821,32.2474837388301,12.15));
#6482=CARTESIAN_POINT('',(-10.5392938849142,32.2474837388301,12.15));
#6483=CARTESIAN_POINT('',(-3.32858776684821,32.2474837388301,12.15));
#6484=CARTESIAN_POINT('Origin',(-3.32858776684821,32.1463086988597,12.15));
#6485=CARTESIAN_POINT('',(-3.32858776684821,32.0451336588893,12.15));
#6486=CARTESIAN_POINT('',(-3.32858776684821,33.8731543494298,12.15));
#6487=CARTESIAN_POINT('',(-3.32858776684821,32.0451336588893,12.15));
#6488=CARTESIAN_POINT('Ctrl Pts',(-3.2403381725128,31.733140143562,12.15));
#6489=CARTESIAN_POINT('Ctrl Pts',(-3.2403381725128,31.733140143562,12.162));
#6490=CARTESIAN_POINT('Ctrl Pts',(-3.2929313650965,31.7999958968464,12.15));
#6491=CARTESIAN_POINT('Ctrl Pts',(-3.2929313650965,31.7999958968464,12.162));
#6492=CARTESIAN_POINT('Ctrl Pts',(-3.32858776684821,31.9381644536342,12.15));
#6493=CARTESIAN_POINT('Ctrl Pts',(-3.32858776684821,31.9381644536342,12.162));
#6494=CARTESIAN_POINT('Ctrl Pts',(-3.32858776684821,32.0451336588893,12.15));
#6495=CARTESIAN_POINT('Ctrl Pts',(-3.32858776684821,32.0451336588893,12.162));
#6496=CARTESIAN_POINT('Ctrl Pts',(-3.2403381725128,31.733140143562,12.15));
#6497=CARTESIAN_POINT('Ctrl Pts',(-3.2929313650965,31.7999958968464,12.15));
#6498=CARTESIAN_POINT('Ctrl Pts',(-3.32858776684821,31.9381644536342,12.15));
#6499=CARTESIAN_POINT('Ctrl Pts',(-3.32858776684821,32.0451336588893,12.15));
#6500=CARTESIAN_POINT('Origin',(-18.3,35.6,12.16));
#6501=CARTESIAN_POINT('',(-3.32858776684821,33.3911628250154,12.16));
#6502=CARTESIAN_POINT('',(-3.32858776684821,33.9010493700646,12.16));
#6503=CARTESIAN_POINT('',(-3.32858776684821,33.3911628250154,12.16));
#6504=CARTESIAN_POINT('',(-3.19844190045451,33.3911628250154,12.16));
#6505=CARTESIAN_POINT('',(-3.19844190045451,33.3911628250154,12.16));
#6506=CARTESIAN_POINT('',(-3.19844190045451,33.7842746543278,12.16));
#6507=CARTESIAN_POINT('',(-3.19844190045451,33.7842746543278,12.16));
#6508=CARTESIAN_POINT('',(-2.22858777280871,33.7842746543278,12.16));
#6509=CARTESIAN_POINT('',(-2.22858777280871,33.7842746543278,12.16));
#6510=CARTESIAN_POINT('',(-2.22858777280871,33.9010493700646,12.16));
#6511=CARTESIAN_POINT('',(-2.22858777280871,33.9010493700646,12.16));
#6512=CARTESIAN_POINT('',(-3.32858776684821,33.9010493700646,12.16));
#6513=CARTESIAN_POINT('Origin',(-3.32858776684821,33.64610609754,12.15));
#6514=CARTESIAN_POINT('',(-3.32858776684821,33.3911628250154,12.15));
#6515=CARTESIAN_POINT('',(-3.32858776684821,33.9010493700646,12.15));
#6516=CARTESIAN_POINT('',(-3.32858776684821,34.62305304877,12.15));
#6517=CARTESIAN_POINT('',(-3.32858776684821,33.3911628250154,12.15));
#6518=CARTESIAN_POINT('',(-3.32858776684821,33.9010493700646,12.15));
#6519=CARTESIAN_POINT('Origin',(-3.2635148336514,33.3911628250154,12.15));
#6520=CARTESIAN_POINT('',(-3.19844190045451,33.3911628250154,12.15));
#6521=CARTESIAN_POINT('',(-10.7817574168257,33.3911628250154,12.15));
#6522=CARTESIAN_POINT('',(-3.19844190045451,33.3911628250154,12.15));
#6523=CARTESIAN_POINT('Origin',(-3.19844190045451,33.5877187396716,12.15));
#6524=CARTESIAN_POINT('',(-3.19844190045451,33.7842746543278,12.15));
#6525=CARTESIAN_POINT('',(-3.19844190045451,34.5938593698358,12.15));
#6526=CARTESIAN_POINT('',(-3.19844190045451,33.7842746543278,12.15));
#6527=CARTESIAN_POINT('Origin',(-2.71351483663161,33.7842746543278,12.15));
#6528=CARTESIAN_POINT('',(-2.22858777280871,33.7842746543278,12.15));
#6529=CARTESIAN_POINT('',(-10.5067574183158,33.7842746543278,12.15));
#6530=CARTESIAN_POINT('',(-2.22858777280871,33.7842746543278,12.15));
#6531=CARTESIAN_POINT('Origin',(-2.22858777280871,33.8426620121962,12.15));
#6532=CARTESIAN_POINT('',(-2.22858777280871,33.9010493700646,12.15));
#6533=CARTESIAN_POINT('',(-2.22858777280871,34.7213310060981,12.15));
#6534=CARTESIAN_POINT('',(-2.22858777280871,33.9010493700646,12.15));
#6535=CARTESIAN_POINT('Origin',(-2.7785877698284,33.9010493700646,12.15));
#6536=CARTESIAN_POINT('',(-10.5392938849142,33.9010493700646,12.15));
#6537=CARTESIAN_POINT('Origin',(-18.3,35.6,12.16));
#6538=CARTESIAN_POINT('',(-3.34819878781161,35.0563167868192,12.16));
#6539=CARTESIAN_POINT('',(-3.2626234236076,35.3451336410079,12.16));
#6540=CARTESIAN_POINT('Ctrl Pts',(-3.34819878781161,35.0563167868192,12.16));
#6541=CARTESIAN_POINT('Ctrl Pts',(-3.34819878781161,35.151697661505,12.16));
#6542=CARTESIAN_POINT('Ctrl Pts',(-3.2982798253593,35.2863005781176,12.16));
#6543=CARTESIAN_POINT('Ctrl Pts',(-3.2626234236076,35.3451336410079,12.16));
#6544=CARTESIAN_POINT('',(-3.2483608629069,34.8263329955208,12.16));
#6545=CARTESIAN_POINT('Ctrl Pts',(-3.2483608629069,34.8263329955208,12.16));
#6546=CARTESIAN_POINT('Ctrl Pts',(-3.2964970052717,34.8691206776229,12.16));
#6547=CARTESIAN_POINT('Ctrl Pts',(-3.34819878781161,34.9760898828779,12.16));
#6548=CARTESIAN_POINT('Ctrl Pts',(-3.34819878781161,35.0563167868192,12.16));
#6549=CARTESIAN_POINT('',(-3.0148114314334,34.7469975016233,12.16));
#6550=CARTESIAN_POINT('Ctrl Pts',(-3.0148114314334,34.7469975016233,12.16));
#6551=CARTESIAN_POINT('Ctrl Pts',(-3.07988436463021,34.7469975016233,12.16));
#6552=CARTESIAN_POINT('Ctrl Pts',(-3.20468177076111,34.7888937736816,12.16));
#6553=CARTESIAN_POINT('Ctrl Pts',(-3.2483608629069,34.8263329955208,12.16));
#6554=CARTESIAN_POINT('',(-2.737582907814,34.9217138702066,12.16));
#6555=CARTESIAN_POINT('Ctrl Pts',(-2.737582907814,34.9217138702066,12.16));
#6556=CARTESIAN_POINT('Ctrl Pts',(-2.7723478995219,34.8307900457398,12.16));
#6557=CARTESIAN_POINT('Ctrl Pts',(-2.9122992763973,34.7469975016233,12.16));
#6558=CARTESIAN_POINT('Ctrl Pts',(-3.0148114314334,34.7469975016233,12.16));
#6559=CARTESIAN_POINT('',(-2.6796412549675,35.1017786990526,12.16));
#6560=CARTESIAN_POINT('Ctrl Pts',(-2.6796412549675,35.1017786990526,12.16));
#6561=CARTESIAN_POINT('Ctrl Pts',(-2.6921209955806,35.0652308872571,12.16));
#6562=CARTESIAN_POINT('Ctrl Pts',(-2.7242117571571,34.9573702719583,12.16));
#6563=CARTESIAN_POINT('Ctrl Pts',(-2.737582907814,34.9217138702066,12.16));
#6564=CARTESIAN_POINT('',(-2.5084905265594,35.2176620047456,12.16));
#6565=CARTESIAN_POINT('Ctrl Pts',(-2.5084905265594,35.2176620047456,12.16));
#6566=CARTESIAN_POINT('Ctrl Pts',(-2.5780205099752,35.2176620047456,12.16));
#6567=CARTESIAN_POINT('Ctrl Pts',(-2.6609216440479,35.1579375318115,12.16));
#6568=CARTESIAN_POINT('Ctrl Pts',(-2.6796412549675,35.1017786990526,12.16));
#6569=CARTESIAN_POINT('',(-2.3355569780637,35.0349229457682,12.16));
#6570=CARTESIAN_POINT('Ctrl Pts',(-2.3355569780637,35.0349229457682,12.16));
#6571=CARTESIAN_POINT('Ctrl Pts',(-2.3355569780637,35.1169326697971,12.16));
#6572=CARTESIAN_POINT('Ctrl Pts',(-2.4309378527495,35.2176620047456,12.16));
#6573=CARTESIAN_POINT('Ctrl Pts',(-2.5084905265594,35.2176620047456,12.16));
#6574=CARTESIAN_POINT('',(-2.45500592393191,34.7897851837254,12.16));
#6575=CARTESIAN_POINT('Ctrl Pts',(-2.45500592393191,34.7897851837254,12.16));
#6576=CARTESIAN_POINT('Ctrl Pts',(-2.4068697815671,34.8316814557836,12.16));
#6577=CARTESIAN_POINT('Ctrl Pts',(-2.3355569780637,34.962718732221,12.16));
#6578=CARTESIAN_POINT('Ctrl Pts',(-2.3355569780637,35.0349229457682,12.16));
#6579=CARTESIAN_POINT('',(-2.45500592393191,34.7808710832874,12.16));
#6580=CARTESIAN_POINT('',(-2.45500592393191,34.7808710832874,12.16));
#6581=CARTESIAN_POINT('',(-2.28028955534861,34.7808710832874,12.16));
#6582=CARTESIAN_POINT('',(-2.28028955534861,34.7808710832874,12.16));
#6583=CARTESIAN_POINT('',(-2.2089767518452,35.0429456361623,12.16));
#6584=CARTESIAN_POINT('Ctrl Pts',(-2.2089767518452,35.0429456361623,12.16));
#6585=CARTESIAN_POINT('Ctrl Pts',(-2.2089767518452,34.9689586025276,12.16));
#6586=CARTESIAN_POINT('Ctrl Pts',(-2.24552456364071,34.8370299160463,12.16));
#6587=CARTESIAN_POINT('Ctrl Pts',(-2.28028955534861,34.7808710832874,12.16));
#6588=CARTESIAN_POINT('',(-2.5236444973039,35.3388937707013,12.16));
#6589=CARTESIAN_POINT('Ctrl Pts',(-2.5236444973039,35.3388937707013,12.16));
#6590=CARTESIAN_POINT('Ctrl Pts',(-2.389932990735,35.3388937707013,12.16));
#6591=CARTESIAN_POINT('Ctrl Pts',(-2.2089767518452,35.1722000925122,12.16));
#6592=CARTESIAN_POINT('Ctrl Pts',(-2.2089767518452,35.0429456361623,12.16));
#6593=CARTESIAN_POINT('',(-2.7224289370695,35.2818435278986,12.16));
#6594=CARTESIAN_POINT('Ctrl Pts',(-2.7224289370695,35.2818435278986,12.16));
#6595=CARTESIAN_POINT('Ctrl Pts',(-2.68588112527401,35.3085858292124,12.16));
#6596=CARTESIAN_POINT('Ctrl Pts',(-2.5878260204569,35.3388937707013,12.16));
#6597=CARTESIAN_POINT('Ctrl Pts',(-2.5236444973039,35.3388937707013,12.16));
#6598=CARTESIAN_POINT('',(-2.8195926318429,35.1365436907605,12.16));
#6599=CARTESIAN_POINT('Ctrl Pts',(-2.8195926318429,35.1365436907605,12.16));
#6600=CARTESIAN_POINT('Ctrl Pts',(-2.8044386610984,35.1820056029939,12.16));
#6601=CARTESIAN_POINT('Ctrl Pts',(-2.75897674886501,35.2542098165411,12.16));
#6602=CARTESIAN_POINT('Ctrl Pts',(-2.7224289370695,35.2818435278986,12.16));
#6603=CARTESIAN_POINT('',(-2.8695115942952,34.9769812929217,12.16));
#6604=CARTESIAN_POINT('Ctrl Pts',(-2.8695115942952,34.9769812929217,12.16));
#6605=CARTESIAN_POINT('Ctrl Pts',(-2.8552490335946,35.0179861549362,12.16));
#6606=CARTESIAN_POINT('Ctrl Pts',(-2.83563801263111,35.0857333182644,12.16));
#6607=CARTESIAN_POINT('Ctrl Pts',(-2.8195926318429,35.1365436907605,12.16));
#6608=CARTESIAN_POINT('',(-3.037988092572,34.8682292675791,12.16));
#6609=CARTESIAN_POINT('Ctrl Pts',(-3.037988092572,34.8682292675791,12.16));
#6610=CARTESIAN_POINT('Ctrl Pts',(-2.97202374933131,34.8682292675791,12.16));
#6611=CARTESIAN_POINT('Ctrl Pts',(-2.8900140253025,34.9208224601628,12.16));
#6612=CARTESIAN_POINT('Ctrl Pts',(-2.8695115942952,34.9769812929217,12.16));
#6613=CARTESIAN_POINT('',(-3.2216185615931,35.0643394772133,12.16));
#6614=CARTESIAN_POINT('Ctrl Pts',(-3.2216185615931,35.0643394772133,12.16));
#6615=CARTESIAN_POINT('Ctrl Pts',(-3.2216185615931,34.96717578244,12.16));
#6616=CARTESIAN_POINT('Ctrl Pts',(-3.1208892266446,34.8682292675791,12.16));
#6617=CARTESIAN_POINT('Ctrl Pts',(-3.037988092572,34.8682292675791,12.16));
#6618=CARTESIAN_POINT('',(-3.0789929545864,35.3371109506137,12.16));
#6619=CARTESIAN_POINT('Ctrl Pts',(-3.0789929545864,35.3371109506137,12.16));
#6620=CARTESIAN_POINT('Ctrl Pts',(-3.1467401179146,35.2791692977673,12.16));
#6621=CARTESIAN_POINT('Ctrl Pts',(-3.2216185615931,35.1320866405416,12.16));
#6622=CARTESIAN_POINT('Ctrl Pts',(-3.2216185615931,35.0643394772133,12.16));
#6623=CARTESIAN_POINT('',(-3.0789929545864,35.3451336410079,12.16));
#6624=CARTESIAN_POINT('',(-3.0789929545864,35.3451336410079,12.16));
#6625=CARTESIAN_POINT('',(-3.2626234236076,35.3451336410079,12.16));
#6626=CARTESIAN_POINT('Ctrl Pts',(-3.34819878781161,35.0563167868192,12.15));
#6627=CARTESIAN_POINT('Ctrl Pts',(-3.34819878781161,35.0563167868192,12.162));
#6628=CARTESIAN_POINT('Ctrl Pts',(-3.34819878781161,35.151697661505,12.15));
#6629=CARTESIAN_POINT('Ctrl Pts',(-3.34819878781161,35.151697661505,12.162));
#6630=CARTESIAN_POINT('Ctrl Pts',(-3.2982798253593,35.2863005781176,12.15));
#6631=CARTESIAN_POINT('Ctrl Pts',(-3.2982798253593,35.2863005781176,12.162));
#6632=CARTESIAN_POINT('Ctrl Pts',(-3.2626234236076,35.3451336410079,12.15));
#6633=CARTESIAN_POINT('Ctrl Pts',(-3.2626234236076,35.3451336410079,12.162));
#6634=CARTESIAN_POINT('',(-3.34819878781161,35.0563167868192,12.15));
#6635=CARTESIAN_POINT('',(-3.2626234236076,35.3451336410079,12.15));
#6636=CARTESIAN_POINT('Ctrl Pts',(-3.34819878781161,35.0563167868192,12.15));
#6637=CARTESIAN_POINT('Ctrl Pts',(-3.34819878781161,35.151697661505,12.15));
#6638=CARTESIAN_POINT('Ctrl Pts',(-3.2982798253593,35.2863005781176,12.15));
#6639=CARTESIAN_POINT('Ctrl Pts',(-3.2626234236076,35.3451336410079,12.15));
#6640=CARTESIAN_POINT('',(-3.34819878781161,35.0563167868192,12.15));
#6641=CARTESIAN_POINT('',(-3.2626234236076,35.3451336410079,12.15));
#6642=CARTESIAN_POINT('Ctrl Pts',(-3.2483608629069,34.8263329955208,12.15));
#6643=CARTESIAN_POINT('Ctrl Pts',(-3.2483608629069,34.8263329955208,12.162));
#6644=CARTESIAN_POINT('Ctrl Pts',(-3.2964970052717,34.8691206776229,12.15));
#6645=CARTESIAN_POINT('Ctrl Pts',(-3.2964970052717,34.8691206776229,12.162));
#6646=CARTESIAN_POINT('Ctrl Pts',(-3.34819878781161,34.9760898828779,12.15));
#6647=CARTESIAN_POINT('Ctrl Pts',(-3.34819878781161,34.9760898828779,12.162));
#6648=CARTESIAN_POINT('Ctrl Pts',(-3.34819878781161,35.0563167868192,12.15));
#6649=CARTESIAN_POINT('Ctrl Pts',(-3.34819878781161,35.0563167868192,12.162));
#6650=CARTESIAN_POINT('',(-3.2483608629069,34.8263329955208,12.15));
#6651=CARTESIAN_POINT('Ctrl Pts',(-3.2483608629069,34.8263329955208,12.15));
#6652=CARTESIAN_POINT('Ctrl Pts',(-3.2964970052717,34.8691206776229,12.15));
#6653=CARTESIAN_POINT('Ctrl Pts',(-3.34819878781161,34.9760898828779,12.15));
#6654=CARTESIAN_POINT('Ctrl Pts',(-3.34819878781161,35.0563167868192,12.15));
#6655=CARTESIAN_POINT('',(-3.2483608629069,34.8263329955208,12.15));
#6656=CARTESIAN_POINT('Ctrl Pts',(-3.0148114314334,34.7469975016233,12.15));
#6657=CARTESIAN_POINT('Ctrl Pts',(-3.0148114314334,34.7469975016233,12.162));
#6658=CARTESIAN_POINT('Ctrl Pts',(-3.07988436463021,34.7469975016233,12.15));
#6659=CARTESIAN_POINT('Ctrl Pts',(-3.07988436463021,34.7469975016233,12.162));
#6660=CARTESIAN_POINT('Ctrl Pts',(-3.20468177076111,34.7888937736816,12.15));
#6661=CARTESIAN_POINT('Ctrl Pts',(-3.20468177076111,34.7888937736816,12.162));
#6662=CARTESIAN_POINT('Ctrl Pts',(-3.2483608629069,34.8263329955208,12.15));
#6663=CARTESIAN_POINT('Ctrl Pts',(-3.2483608629069,34.8263329955208,12.162));
#6664=CARTESIAN_POINT('',(-3.0148114314334,34.7469975016233,12.15));
#6665=CARTESIAN_POINT('Ctrl Pts',(-3.0148114314334,34.7469975016233,12.15));
#6666=CARTESIAN_POINT('Ctrl Pts',(-3.07988436463021,34.7469975016233,12.15));
#6667=CARTESIAN_POINT('Ctrl Pts',(-3.20468177076111,34.7888937736816,12.15));
#6668=CARTESIAN_POINT('Ctrl Pts',(-3.2483608629069,34.8263329955208,12.15));
#6669=CARTESIAN_POINT('',(-3.0148114314334,34.7469975016233,12.15));
#6670=CARTESIAN_POINT('Ctrl Pts',(-2.737582907814,34.9217138702066,12.15));
#6671=CARTESIAN_POINT('Ctrl Pts',(-2.737582907814,34.9217138702066,12.162));
#6672=CARTESIAN_POINT('Ctrl Pts',(-2.7723478995219,34.8307900457398,12.15));
#6673=CARTESIAN_POINT('Ctrl Pts',(-2.7723478995219,34.8307900457398,12.162));
#6674=CARTESIAN_POINT('Ctrl Pts',(-2.9122992763973,34.7469975016233,12.15));
#6675=CARTESIAN_POINT('Ctrl Pts',(-2.9122992763973,34.7469975016233,12.162));
#6676=CARTESIAN_POINT('Ctrl Pts',(-3.0148114314334,34.7469975016233,12.15));
#6677=CARTESIAN_POINT('Ctrl Pts',(-3.0148114314334,34.7469975016233,12.162));
#6678=CARTESIAN_POINT('',(-2.737582907814,34.9217138702066,12.15));
#6679=CARTESIAN_POINT('Ctrl Pts',(-2.737582907814,34.9217138702066,12.15));
#6680=CARTESIAN_POINT('Ctrl Pts',(-2.7723478995219,34.8307900457398,12.15));
#6681=CARTESIAN_POINT('Ctrl Pts',(-2.9122992763973,34.7469975016233,12.15));
#6682=CARTESIAN_POINT('Ctrl Pts',(-3.0148114314334,34.7469975016233,12.15));
#6683=CARTESIAN_POINT('',(-2.737582907814,34.9217138702066,12.15));
#6684=CARTESIAN_POINT('Ctrl Pts',(-2.6796412549675,35.1017786990526,12.15));
#6685=CARTESIAN_POINT('Ctrl Pts',(-2.6796412549675,35.1017786990526,12.162));
#6686=CARTESIAN_POINT('Ctrl Pts',(-2.6921209955806,35.0652308872571,12.15));
#6687=CARTESIAN_POINT('Ctrl Pts',(-2.6921209955806,35.0652308872571,12.162));
#6688=CARTESIAN_POINT('Ctrl Pts',(-2.7242117571571,34.9573702719583,12.15));
#6689=CARTESIAN_POINT('Ctrl Pts',(-2.7242117571571,34.9573702719583,12.162));
#6690=CARTESIAN_POINT('Ctrl Pts',(-2.737582907814,34.9217138702066,12.15));
#6691=CARTESIAN_POINT('Ctrl Pts',(-2.737582907814,34.9217138702066,12.162));
#6692=CARTESIAN_POINT('',(-2.6796412549675,35.1017786990526,12.15));
#6693=CARTESIAN_POINT('Ctrl Pts',(-2.6796412549675,35.1017786990526,12.15));
#6694=CARTESIAN_POINT('Ctrl Pts',(-2.6921209955806,35.0652308872571,12.15));
#6695=CARTESIAN_POINT('Ctrl Pts',(-2.7242117571571,34.9573702719583,12.15));
#6696=CARTESIAN_POINT('Ctrl Pts',(-2.737582907814,34.9217138702066,12.15));
#6697=CARTESIAN_POINT('',(-2.6796412549675,35.1017786990526,12.15));
#6698=CARTESIAN_POINT('Ctrl Pts',(-2.5084905265594,35.2176620047456,12.15));
#6699=CARTESIAN_POINT('Ctrl Pts',(-2.5084905265594,35.2176620047456,12.162));
#6700=CARTESIAN_POINT('Ctrl Pts',(-2.5780205099752,35.2176620047456,12.15));
#6701=CARTESIAN_POINT('Ctrl Pts',(-2.5780205099752,35.2176620047456,12.162));
#6702=CARTESIAN_POINT('Ctrl Pts',(-2.6609216440479,35.1579375318115,12.15));
#6703=CARTESIAN_POINT('Ctrl Pts',(-2.6609216440479,35.1579375318115,12.162));
#6704=CARTESIAN_POINT('Ctrl Pts',(-2.6796412549675,35.1017786990526,12.15));
#6705=CARTESIAN_POINT('Ctrl Pts',(-2.6796412549675,35.1017786990526,12.162));
#6706=CARTESIAN_POINT('',(-2.5084905265594,35.2176620047456,12.15));
#6707=CARTESIAN_POINT('Ctrl Pts',(-2.5084905265594,35.2176620047456,12.15));
#6708=CARTESIAN_POINT('Ctrl Pts',(-2.5780205099752,35.2176620047456,12.15));
#6709=CARTESIAN_POINT('Ctrl Pts',(-2.6609216440479,35.1579375318115,12.15));
#6710=CARTESIAN_POINT('Ctrl Pts',(-2.6796412549675,35.1017786990526,12.15));
#6711=CARTESIAN_POINT('',(-2.5084905265594,35.2176620047456,12.15));
#6712=CARTESIAN_POINT('Ctrl Pts',(-2.3355569780637,35.0349229457682,12.15));
#6713=CARTESIAN_POINT('Ctrl Pts',(-2.3355569780637,35.0349229457682,12.162));
#6714=CARTESIAN_POINT('Ctrl Pts',(-2.3355569780637,35.1169326697971,12.15));
#6715=CARTESIAN_POINT('Ctrl Pts',(-2.3355569780637,35.1169326697971,12.162));
#6716=CARTESIAN_POINT('Ctrl Pts',(-2.4309378527495,35.2176620047456,12.15));
#6717=CARTESIAN_POINT('Ctrl Pts',(-2.4309378527495,35.2176620047456,12.162));
#6718=CARTESIAN_POINT('Ctrl Pts',(-2.5084905265594,35.2176620047456,12.15));
#6719=CARTESIAN_POINT('Ctrl Pts',(-2.5084905265594,35.2176620047456,12.162));
#6720=CARTESIAN_POINT('',(-2.3355569780637,35.0349229457682,12.15));
#6721=CARTESIAN_POINT('Ctrl Pts',(-2.3355569780637,35.0349229457682,12.15));
#6722=CARTESIAN_POINT('Ctrl Pts',(-2.3355569780637,35.1169326697971,12.15));
#6723=CARTESIAN_POINT('Ctrl Pts',(-2.4309378527495,35.2176620047456,12.15));
#6724=CARTESIAN_POINT('Ctrl Pts',(-2.5084905265594,35.2176620047456,12.15));
#6725=CARTESIAN_POINT('',(-2.3355569780637,35.0349229457682,12.15));
#6726=CARTESIAN_POINT('Ctrl Pts',(-2.45500592393191,34.7897851837254,12.15));
#6727=CARTESIAN_POINT('Ctrl Pts',(-2.45500592393191,34.7897851837254,12.162));
#6728=CARTESIAN_POINT('Ctrl Pts',(-2.4068697815671,34.8316814557836,12.15));
#6729=CARTESIAN_POINT('Ctrl Pts',(-2.4068697815671,34.8316814557836,12.162));
#6730=CARTESIAN_POINT('Ctrl Pts',(-2.3355569780637,34.962718732221,12.15));
#6731=CARTESIAN_POINT('Ctrl Pts',(-2.3355569780637,34.962718732221,12.162));
#6732=CARTESIAN_POINT('Ctrl Pts',(-2.3355569780637,35.0349229457682,12.15));
#6733=CARTESIAN_POINT('Ctrl Pts',(-2.3355569780637,35.0349229457682,12.162));
#6734=CARTESIAN_POINT('',(-2.45500592393191,34.7897851837254,12.15));
#6735=CARTESIAN_POINT('Ctrl Pts',(-2.45500592393191,34.7897851837254,12.15));
#6736=CARTESIAN_POINT('Ctrl Pts',(-2.4068697815671,34.8316814557836,12.15));
#6737=CARTESIAN_POINT('Ctrl Pts',(-2.3355569780637,34.962718732221,12.15));
#6738=CARTESIAN_POINT('Ctrl Pts',(-2.3355569780637,35.0349229457682,12.15));
#6739=CARTESIAN_POINT('',(-2.45500592393191,34.7897851837254,12.15));
#6740=CARTESIAN_POINT('Origin',(-2.45500592393191,34.7853281335064,12.15));
#6741=CARTESIAN_POINT('',(-2.45500592393191,34.7808710832874,12.15));
#6742=CARTESIAN_POINT('',(-2.45500592393191,35.1926640667532,12.15));
#6743=CARTESIAN_POINT('',(-2.45500592393191,34.7808710832874,12.15));
#6744=CARTESIAN_POINT('Origin',(-2.3676477396402,34.7808710832874,12.15));
#6745=CARTESIAN_POINT('',(-2.28028955534861,34.7808710832874,12.15));
#6746=CARTESIAN_POINT('',(-10.3338238698201,34.7808710832875,12.15));
#6747=CARTESIAN_POINT('',(-2.28028955534861,34.7808710832874,12.15));
#6748=CARTESIAN_POINT('Ctrl Pts',(-2.2089767518452,35.0429456361623,12.15));
#6749=CARTESIAN_POINT('Ctrl Pts',(-2.2089767518452,35.0429456361623,12.162));
#6750=CARTESIAN_POINT('Ctrl Pts',(-2.2089767518452,34.9689586025276,12.15));
#6751=CARTESIAN_POINT('Ctrl Pts',(-2.2089767518452,34.9689586025276,12.162));
#6752=CARTESIAN_POINT('Ctrl Pts',(-2.24552456364071,34.8370299160463,12.15));
#6753=CARTESIAN_POINT('Ctrl Pts',(-2.24552456364071,34.8370299160463,12.162));
#6754=CARTESIAN_POINT('Ctrl Pts',(-2.28028955534861,34.7808710832874,12.15));
#6755=CARTESIAN_POINT('Ctrl Pts',(-2.28028955534861,34.7808710832874,12.162));
#6756=CARTESIAN_POINT('',(-2.2089767518452,35.0429456361623,12.15));
#6757=CARTESIAN_POINT('Ctrl Pts',(-2.2089767518452,35.0429456361623,12.15));
#6758=CARTESIAN_POINT('Ctrl Pts',(-2.2089767518452,34.9689586025276,12.15));
#6759=CARTESIAN_POINT('Ctrl Pts',(-2.24552456364071,34.8370299160463,12.15));
#6760=CARTESIAN_POINT('Ctrl Pts',(-2.28028955534861,34.7808710832874,12.15));
#6761=CARTESIAN_POINT('',(-2.2089767518452,35.0429456361623,12.15));
#6762=CARTESIAN_POINT('Ctrl Pts',(-2.5236444973039,35.3388937707013,12.15));
#6763=CARTESIAN_POINT('Ctrl Pts',(-2.5236444973039,35.3388937707013,12.162));
#6764=CARTESIAN_POINT('Ctrl Pts',(-2.389932990735,35.3388937707013,12.15));
#6765=CARTESIAN_POINT('Ctrl Pts',(-2.389932990735,35.3388937707013,12.162));
#6766=CARTESIAN_POINT('Ctrl Pts',(-2.2089767518452,35.1722000925122,12.15));
#6767=CARTESIAN_POINT('Ctrl Pts',(-2.2089767518452,35.1722000925122,12.162));
#6768=CARTESIAN_POINT('Ctrl Pts',(-2.2089767518452,35.0429456361623,12.15));
#6769=CARTESIAN_POINT('Ctrl Pts',(-2.2089767518452,35.0429456361623,12.162));
#6770=CARTESIAN_POINT('',(-2.5236444973039,35.3388937707013,12.15));
#6771=CARTESIAN_POINT('Ctrl Pts',(-2.5236444973039,35.3388937707013,12.15));
#6772=CARTESIAN_POINT('Ctrl Pts',(-2.389932990735,35.3388937707013,12.15));
#6773=CARTESIAN_POINT('Ctrl Pts',(-2.2089767518452,35.1722000925122,12.15));
#6774=CARTESIAN_POINT('Ctrl Pts',(-2.2089767518452,35.0429456361623,12.15));
#6775=CARTESIAN_POINT('',(-2.5236444973039,35.3388937707013,12.15));
#6776=CARTESIAN_POINT('Ctrl Pts',(-2.7224289370695,35.2818435278986,12.15));
#6777=CARTESIAN_POINT('Ctrl Pts',(-2.7224289370695,35.2818435278986,12.162));
#6778=CARTESIAN_POINT('Ctrl Pts',(-2.68588112527401,35.3085858292124,12.15));
#6779=CARTESIAN_POINT('Ctrl Pts',(-2.68588112527401,35.3085858292124,12.162));
#6780=CARTESIAN_POINT('Ctrl Pts',(-2.5878260204569,35.3388937707013,12.15));
#6781=CARTESIAN_POINT('Ctrl Pts',(-2.5878260204569,35.3388937707013,12.162));
#6782=CARTESIAN_POINT('Ctrl Pts',(-2.5236444973039,35.3388937707013,12.15));
#6783=CARTESIAN_POINT('Ctrl Pts',(-2.5236444973039,35.3388937707013,12.162));
#6784=CARTESIAN_POINT('',(-2.7224289370695,35.2818435278986,12.15));
#6785=CARTESIAN_POINT('Ctrl Pts',(-2.7224289370695,35.2818435278986,12.15));
#6786=CARTESIAN_POINT('Ctrl Pts',(-2.68588112527401,35.3085858292124,12.15));
#6787=CARTESIAN_POINT('Ctrl Pts',(-2.5878260204569,35.3388937707013,12.15));
#6788=CARTESIAN_POINT('Ctrl Pts',(-2.5236444973039,35.3388937707013,12.15));
#6789=CARTESIAN_POINT('',(-2.7224289370695,35.2818435278986,12.15));
#6790=CARTESIAN_POINT('Ctrl Pts',(-2.8195926318429,35.1365436907605,12.15));
#6791=CARTESIAN_POINT('Ctrl Pts',(-2.8195926318429,35.1365436907605,12.162));
#6792=CARTESIAN_POINT('Ctrl Pts',(-2.8044386610984,35.1820056029939,12.15));
#6793=CARTESIAN_POINT('Ctrl Pts',(-2.8044386610984,35.1820056029939,12.162));
#6794=CARTESIAN_POINT('Ctrl Pts',(-2.75897674886501,35.2542098165411,12.15));
#6795=CARTESIAN_POINT('Ctrl Pts',(-2.75897674886501,35.2542098165411,12.162));
#6796=CARTESIAN_POINT('Ctrl Pts',(-2.7224289370695,35.2818435278986,12.15));
#6797=CARTESIAN_POINT('Ctrl Pts',(-2.7224289370695,35.2818435278986,12.162));
#6798=CARTESIAN_POINT('',(-2.8195926318429,35.1365436907605,12.15));
#6799=CARTESIAN_POINT('Ctrl Pts',(-2.8195926318429,35.1365436907605,12.15));
#6800=CARTESIAN_POINT('Ctrl Pts',(-2.8044386610984,35.1820056029939,12.15));
#6801=CARTESIAN_POINT('Ctrl Pts',(-2.75897674886501,35.2542098165411,12.15));
#6802=CARTESIAN_POINT('Ctrl Pts',(-2.7224289370695,35.2818435278986,12.15));
#6803=CARTESIAN_POINT('',(-2.8195926318429,35.1365436907605,12.15));
#6804=CARTESIAN_POINT('Ctrl Pts',(-2.8695115942952,34.9769812929217,12.15));
#6805=CARTESIAN_POINT('Ctrl Pts',(-2.8695115942952,34.9769812929217,12.162));
#6806=CARTESIAN_POINT('Ctrl Pts',(-2.8552490335946,35.0179861549362,12.15));
#6807=CARTESIAN_POINT('Ctrl Pts',(-2.8552490335946,35.0179861549362,12.162));
#6808=CARTESIAN_POINT('Ctrl Pts',(-2.83563801263111,35.0857333182644,12.15));
#6809=CARTESIAN_POINT('Ctrl Pts',(-2.83563801263111,35.0857333182644,12.162));
#6810=CARTESIAN_POINT('Ctrl Pts',(-2.8195926318429,35.1365436907605,12.15));
#6811=CARTESIAN_POINT('Ctrl Pts',(-2.8195926318429,35.1365436907605,12.162));
#6812=CARTESIAN_POINT('',(-2.8695115942952,34.9769812929217,12.15));
#6813=CARTESIAN_POINT('Ctrl Pts',(-2.8695115942952,34.9769812929217,12.15));
#6814=CARTESIAN_POINT('Ctrl Pts',(-2.8552490335946,35.0179861549362,12.15));
#6815=CARTESIAN_POINT('Ctrl Pts',(-2.83563801263111,35.0857333182644,12.15));
#6816=CARTESIAN_POINT('Ctrl Pts',(-2.8195926318429,35.1365436907605,12.15));
#6817=CARTESIAN_POINT('',(-2.8695115942952,34.9769812929217,12.15));
#6818=CARTESIAN_POINT('Ctrl Pts',(-3.037988092572,34.8682292675791,12.15));
#6819=CARTESIAN_POINT('Ctrl Pts',(-3.037988092572,34.8682292675791,12.162));
#6820=CARTESIAN_POINT('Ctrl Pts',(-2.97202374933131,34.8682292675791,12.15));
#6821=CARTESIAN_POINT('Ctrl Pts',(-2.97202374933131,34.8682292675791,12.162));
#6822=CARTESIAN_POINT('Ctrl Pts',(-2.8900140253025,34.9208224601628,12.15));
#6823=CARTESIAN_POINT('Ctrl Pts',(-2.8900140253025,34.9208224601628,12.162));
#6824=CARTESIAN_POINT('Ctrl Pts',(-2.8695115942952,34.9769812929217,12.15));
#6825=CARTESIAN_POINT('Ctrl Pts',(-2.8695115942952,34.9769812929217,12.162));
#6826=CARTESIAN_POINT('',(-3.037988092572,34.8682292675791,12.15));
#6827=CARTESIAN_POINT('Ctrl Pts',(-3.037988092572,34.8682292675791,12.15));
#6828=CARTESIAN_POINT('Ctrl Pts',(-2.97202374933131,34.8682292675791,12.15));
#6829=CARTESIAN_POINT('Ctrl Pts',(-2.8900140253025,34.9208224601628,12.15));
#6830=CARTESIAN_POINT('Ctrl Pts',(-2.8695115942952,34.9769812929217,12.15));
#6831=CARTESIAN_POINT('',(-3.037988092572,34.8682292675791,12.15));
#6832=CARTESIAN_POINT('Ctrl Pts',(-3.2216185615931,35.0643394772133,12.15));
#6833=CARTESIAN_POINT('Ctrl Pts',(-3.2216185615931,35.0643394772133,12.162));
#6834=CARTESIAN_POINT('Ctrl Pts',(-3.2216185615931,34.96717578244,12.15));
#6835=CARTESIAN_POINT('Ctrl Pts',(-3.2216185615931,34.96717578244,12.162));
#6836=CARTESIAN_POINT('Ctrl Pts',(-3.1208892266446,34.8682292675791,12.15));
#6837=CARTESIAN_POINT('Ctrl Pts',(-3.1208892266446,34.8682292675791,12.162));
#6838=CARTESIAN_POINT('Ctrl Pts',(-3.037988092572,34.8682292675791,12.15));
#6839=CARTESIAN_POINT('Ctrl Pts',(-3.037988092572,34.8682292675791,12.162));
#6840=CARTESIAN_POINT('',(-3.2216185615931,35.0643394772133,12.15));
#6841=CARTESIAN_POINT('Ctrl Pts',(-3.2216185615931,35.0643394772133,12.15));
#6842=CARTESIAN_POINT('Ctrl Pts',(-3.2216185615931,34.96717578244,12.15));
#6843=CARTESIAN_POINT('Ctrl Pts',(-3.1208892266446,34.8682292675791,12.15));
#6844=CARTESIAN_POINT('Ctrl Pts',(-3.037988092572,34.8682292675791,12.15));
#6845=CARTESIAN_POINT('',(-3.2216185615931,35.0643394772133,12.15));
#6846=CARTESIAN_POINT('Ctrl Pts',(-3.0789929545864,35.3371109506137,12.15));
#6847=CARTESIAN_POINT('Ctrl Pts',(-3.0789929545864,35.3371109506137,12.162));
#6848=CARTESIAN_POINT('Ctrl Pts',(-3.1467401179146,35.2791692977673,12.15));
#6849=CARTESIAN_POINT('Ctrl Pts',(-3.1467401179146,35.2791692977673,12.162));
#6850=CARTESIAN_POINT('Ctrl Pts',(-3.2216185615931,35.1320866405416,12.15));
#6851=CARTESIAN_POINT('Ctrl Pts',(-3.2216185615931,35.1320866405416,12.162));
#6852=CARTESIAN_POINT('Ctrl Pts',(-3.2216185615931,35.0643394772133,12.15));
#6853=CARTESIAN_POINT('Ctrl Pts',(-3.2216185615931,35.0643394772133,12.162));
#6854=CARTESIAN_POINT('',(-3.0789929545864,35.3371109506137,12.15));
#6855=CARTESIAN_POINT('Ctrl Pts',(-3.0789929545864,35.3371109506137,12.15));
#6856=CARTESIAN_POINT('Ctrl Pts',(-3.1467401179146,35.2791692977673,12.15));
#6857=CARTESIAN_POINT('Ctrl Pts',(-3.2216185615931,35.1320866405416,12.15));
#6858=CARTESIAN_POINT('Ctrl Pts',(-3.2216185615931,35.0643394772133,12.15));
#6859=CARTESIAN_POINT('',(-3.0789929545864,35.3371109506137,12.15));
#6860=CARTESIAN_POINT('Origin',(-3.0789929545864,35.3411222958108,12.15));
#6861=CARTESIAN_POINT('',(-3.0789929545864,35.3451336410079,12.15));
#6862=CARTESIAN_POINT('',(-3.0789929545864,35.4705611479054,12.15));
#6863=CARTESIAN_POINT('',(-3.0789929545864,35.3451336410079,12.15));
#6864=CARTESIAN_POINT('Origin',(-3.170808189097,35.3451336410079,12.15));
#6865=CARTESIAN_POINT('',(-10.7354040945485,35.3451336410079,12.15));
#6866=CARTESIAN_POINT('Origin',(-18.3,35.6,12.16));
#6867=CARTESIAN_POINT('',(-3.34819878781161,36.7883265019074,12.16));
#6868=CARTESIAN_POINT('',(-3.2037903607173,37.0717948958333,12.16));
#6869=CARTESIAN_POINT('Ctrl Pts',(-3.34819878781161,36.7883265019074,12.16));
#6870=CARTESIAN_POINT('Ctrl Pts',(-3.34819878781161,36.8747932761552,12.16));
#6871=CARTESIAN_POINT('Ctrl Pts',(-3.2759945742645,37.0192017032496,12.16));
#6872=CARTESIAN_POINT('Ctrl Pts',(-3.2037903607173,37.0717948958333,12.16));
#6873=CARTESIAN_POINT('',(-3.31610802623511,36.6323297442438,12.16));
#6874=CARTESIAN_POINT('Ctrl Pts',(-3.31610802623511,36.6323297442438,12.16));
#6875=CARTESIAN_POINT('Ctrl Pts',(-3.33215340702341,36.6706603761268,12.16));
#6876=CARTESIAN_POINT('Ctrl Pts',(-3.34819878781161,36.7366247193675,12.16));
#6877=CARTESIAN_POINT('Ctrl Pts',(-3.34819878781161,36.7883265019074,12.16));
#6878=CARTESIAN_POINT('',(-3.2537093231697,36.515555028507,12.16));
#6879=CARTESIAN_POINT('Ctrl Pts',(-3.2537093231697,36.515555028507,12.16));
#6880=CARTESIAN_POINT('Ctrl Pts',(-3.27064611400171,36.5440801499083,12.16));
#6881=CARTESIAN_POINT('Ctrl Pts',(-3.3018454655344,36.5957819324483,12.16));
#6882=CARTESIAN_POINT('Ctrl Pts',(-3.31610802623511,36.6323297442438,12.16));
#6883=CARTESIAN_POINT('',(-3.0789929545864,36.515555028507,12.16));
#6884=CARTESIAN_POINT('',(-3.0789929545864,36.515555028507,12.16));
#6885=CARTESIAN_POINT('',(-3.0789929545864,36.5244691289449,12.16));
#6886=CARTESIAN_POINT('',(-3.0789929545864,36.5244691289449,12.16));
#6887=CARTESIAN_POINT('',(-3.1672425489218,36.6180671835431,12.16));
#6888=CARTESIAN_POINT('Ctrl Pts',(-3.1672425489218,36.6180671835431,12.16));
#6889=CARTESIAN_POINT('Ctrl Pts',(-3.14406588778321,36.5850850119228,12.16));
#6890=CARTESIAN_POINT('Ctrl Pts',(-3.0959297454184,36.5378402796018,12.16));
#6891=CARTESIAN_POINT('Ctrl Pts',(-3.0789929545864,36.5244691289449,12.16));
#6892=CARTESIAN_POINT('',(-3.2216185615931,36.7883265019074,12.16));
#6893=CARTESIAN_POINT('Ctrl Pts',(-3.2216185615931,36.7883265019074,12.16));
#6894=CARTESIAN_POINT('Ctrl Pts',(-3.2216185615931,36.7375161294112,12.16));
#6895=CARTESIAN_POINT('Ctrl Pts',(-3.1904192100604,36.6510493551634,12.16));
#6896=CARTESIAN_POINT('Ctrl Pts',(-3.1672425489218,36.6180671835431,12.16));
#6897=CARTESIAN_POINT('',(-3.11197512620671,36.9799796613227,12.16));
#6898=CARTESIAN_POINT('Ctrl Pts',(-3.11197512620671,36.9799796613227,12.16));
#6899=CARTESIAN_POINT('Ctrl Pts',(-3.16635113887801,36.9434318495272,12.16));
#6900=CARTESIAN_POINT('Ctrl Pts',(-3.2216185615931,36.8435939246225,12.16));
#6901=CARTESIAN_POINT('Ctrl Pts',(-3.2216185615931,36.7883265019074,12.16));
#6902=CARTESIAN_POINT('',(-2.7794791798722,37.0610979753078,12.16));
#6903=CARTESIAN_POINT('Ctrl Pts',(-2.7794791798722,37.0610979753078,12.16));
#6904=CARTESIAN_POINT('Ctrl Pts',(-2.89268825543381,37.0610979753078,12.16));
#6905=CARTESIAN_POINT('Ctrl Pts',(-3.0558162934478,37.017418883162,12.16));
#6906=CARTESIAN_POINT('Ctrl Pts',(-3.11197512620671,36.9799796613227,12.16));
#6907=CARTESIAN_POINT('',(-2.44698323353771,36.9826538914541,12.16));
#6908=CARTESIAN_POINT('Ctrl Pts',(-2.44698323353771,36.9826538914541,12.16));
#6909=CARTESIAN_POINT('Ctrl Pts',(-2.5031420662966,37.0200931132934,12.16));
#6910=CARTESIAN_POINT('Ctrl Pts',(-2.673401384661,37.0610979753078,12.16));
#6911=CARTESIAN_POINT('Ctrl Pts',(-2.7794791798722,37.0610979753078,12.16));
#6912=CARTESIAN_POINT('',(-2.33377415797611,36.7883265019074,12.16));
#6913=CARTESIAN_POINT('Ctrl Pts',(-2.33377415797611,36.7883265019074,12.16));
#6914=CARTESIAN_POINT('Ctrl Pts',(-2.33377415797611,36.8444853346663,12.16));
#6915=CARTESIAN_POINT('Ctrl Pts',(-2.39171581082261,36.9452146696148,12.16));
#6916=CARTESIAN_POINT('Ctrl Pts',(-2.44698323353771,36.9826538914541,12.16));
#6917=CARTESIAN_POINT('',(-2.3863673505599,36.6234156438058,12.16));
#6918=CARTESIAN_POINT('Ctrl Pts',(-2.3863673505599,36.6234156438058,12.16));
#6919=CARTESIAN_POINT('Ctrl Pts',(-2.36319068942131,36.6572892254699,12.16));
#6920=CARTESIAN_POINT('Ctrl Pts',(-2.33377415797611,36.7366247193675,12.16));
#6921=CARTESIAN_POINT('Ctrl Pts',(-2.33377415797611,36.7883265019074,12.16));
#6922=CARTESIAN_POINT('',(-2.47818258507051,36.5253605389887,12.16));
#6923=CARTESIAN_POINT('Ctrl Pts',(-2.47818258507051,36.5253605389887,12.16));
#6924=CARTESIAN_POINT('Ctrl Pts',(-2.4603543841946,36.5405145097332,12.16));
#6925=CARTESIAN_POINT('Ctrl Pts',(-2.41043542174231,36.588650652098,12.16));
#6926=CARTESIAN_POINT('Ctrl Pts',(-2.3863673505599,36.6234156438058,12.16));
#6927=CARTESIAN_POINT('',(-2.47818258507051,36.515555028507,12.16));
#6928=CARTESIAN_POINT('',(-2.47818258507051,36.515555028507,12.16));
#6929=CARTESIAN_POINT('',(-2.3016833963996,36.515555028507,12.16));
#6930=CARTESIAN_POINT('',(-2.3016833963996,36.515555028507,12.16));
#6931=CARTESIAN_POINT('',(-2.2375018732466,36.6323297442438,12.16));
#6932=CARTESIAN_POINT('Ctrl Pts',(-2.2375018732466,36.6323297442438,12.16));
#6933=CARTESIAN_POINT('Ctrl Pts',(-2.24522742695947,36.6133129966429,12.16));
#6934=CARTESIAN_POINT('Ctrl Pts',(-2.25458723241929,36.5938505440201,12.16));
#6935=CARTESIAN_POINT('Ctrl Pts',(-2.26558128962605,36.5739423863754,12.16));
#6936=CARTESIAN_POINT('Ctrl Pts',(-2.27657534683282,36.5540342287307,12.16));
#6937=CARTESIAN_POINT('Ctrl Pts',(-2.288609382424,36.5345717761079,12.16));
#6938=CARTESIAN_POINT('Ctrl Pts',(-2.3016833963996,36.515555028507,12.16));
#6939=CARTESIAN_POINT('',(-2.2089767518452,36.7865436818198,12.16));
#6940=CARTESIAN_POINT('Ctrl Pts',(-2.2089767518452,36.7865436818198,12.16));
#6941=CARTESIAN_POINT('Ctrl Pts',(-2.2089767518452,36.742864589674,12.16));
#6942=CARTESIAN_POINT('Ctrl Pts',(-2.22502213263351,36.6653119158641,12.16));
#6943=CARTESIAN_POINT('Ctrl Pts',(-2.2375018732466,36.6323297442438,12.16));
#6944=CARTESIAN_POINT('',(-2.36051645928991,37.0726863058771,12.16));
#6945=CARTESIAN_POINT('Ctrl Pts',(-2.36051645928991,37.0726863058771,12.16));
#6946=CARTESIAN_POINT('Ctrl Pts',(-2.28652942565521,37.0200931132934,12.16));
#6947=CARTESIAN_POINT('Ctrl Pts',(-2.2089767518452,36.875684686199,12.16));
#6948=CARTESIAN_POINT('Ctrl Pts',(-2.2089767518452,36.7865436818198,12.16));
#6949=CARTESIAN_POINT('',(-2.7794791798722,37.1823297412635,12.16));
#6950=CARTESIAN_POINT('Ctrl Pts',(-2.7794791798722,37.1823297412635,12.16));
#6951=CARTESIAN_POINT('Ctrl Pts',(-2.64131062308441,37.1823297412635,12.16));
#6952=CARTESIAN_POINT('Ctrl Pts',(-2.4362863130122,37.1261709085046,12.16));
#6953=CARTESIAN_POINT('Ctrl Pts',(-2.36051645928991,37.0726863058771,12.16));
#6954=CARTESIAN_POINT('Ctrl Pts',(-3.2037903607173,37.0717948958333,12.16));
#6955=CARTESIAN_POINT('Ctrl Pts',(-3.1324775572139,37.124388088417,12.16));
#6956=CARTESIAN_POINT('Ctrl Pts',(-2.9185391467038,37.1823297412635,12.16));
#6957=CARTESIAN_POINT('Ctrl Pts',(-2.7794791798722,37.1823297412635,12.16));
#6958=CARTESIAN_POINT('Ctrl Pts',(-3.34819878781161,36.7883265019074,12.15));
#6959=CARTESIAN_POINT('Ctrl Pts',(-3.34819878781161,36.7883265019074,12.162));
#6960=CARTESIAN_POINT('Ctrl Pts',(-3.34819878781161,36.8747932761552,12.15));
#6961=CARTESIAN_POINT('Ctrl Pts',(-3.34819878781161,36.8747932761552,12.162));
#6962=CARTESIAN_POINT('Ctrl Pts',(-3.2759945742645,37.0192017032496,12.15));
#6963=CARTESIAN_POINT('Ctrl Pts',(-3.2759945742645,37.0192017032496,12.162));
#6964=CARTESIAN_POINT('Ctrl Pts',(-3.2037903607173,37.0717948958333,12.15));
#6965=CARTESIAN_POINT('Ctrl Pts',(-3.2037903607173,37.0717948958333,12.162));
#6966=CARTESIAN_POINT('',(-3.34819878781161,36.7883265019074,12.15));
#6967=CARTESIAN_POINT('',(-3.2037903607173,37.0717948958333,12.15));
#6968=CARTESIAN_POINT('Ctrl Pts',(-3.34819878781161,36.7883265019074,12.15));
#6969=CARTESIAN_POINT('Ctrl Pts',(-3.34819878781161,36.8747932761552,12.15));
#6970=CARTESIAN_POINT('Ctrl Pts',(-3.2759945742645,37.0192017032496,12.15));
#6971=CARTESIAN_POINT('Ctrl Pts',(-3.2037903607173,37.0717948958333,12.15));
#6972=CARTESIAN_POINT('',(-3.34819878781161,36.7883265019074,12.15));
#6973=CARTESIAN_POINT('',(-3.2037903607173,37.0717948958333,12.15));
#6974=CARTESIAN_POINT('Ctrl Pts',(-3.31610802623511,36.6323297442438,12.15));
#6975=CARTESIAN_POINT('Ctrl Pts',(-3.31610802623511,36.6323297442438,12.162));
#6976=CARTESIAN_POINT('Ctrl Pts',(-3.33215340702341,36.6706603761268,12.15));
#6977=CARTESIAN_POINT('Ctrl Pts',(-3.33215340702341,36.6706603761268,12.162));
#6978=CARTESIAN_POINT('Ctrl Pts',(-3.34819878781161,36.7366247193675,12.15));
#6979=CARTESIAN_POINT('Ctrl Pts',(-3.34819878781161,36.7366247193675,12.162));
#6980=CARTESIAN_POINT('Ctrl Pts',(-3.34819878781161,36.7883265019074,12.15));
#6981=CARTESIAN_POINT('Ctrl Pts',(-3.34819878781161,36.7883265019074,12.162));
#6982=CARTESIAN_POINT('',(-3.31610802623511,36.6323297442438,12.15));
#6983=CARTESIAN_POINT('Ctrl Pts',(-3.31610802623511,36.6323297442438,12.15));
#6984=CARTESIAN_POINT('Ctrl Pts',(-3.33215340702341,36.6706603761268,12.15));
#6985=CARTESIAN_POINT('Ctrl Pts',(-3.34819878781161,36.7366247193675,12.15));
#6986=CARTESIAN_POINT('Ctrl Pts',(-3.34819878781161,36.7883265019074,12.15));
#6987=CARTESIAN_POINT('',(-3.31610802623511,36.6323297442438,12.15));
#6988=CARTESIAN_POINT('Ctrl Pts',(-3.2537093231697,36.515555028507,12.15));
#6989=CARTESIAN_POINT('Ctrl Pts',(-3.2537093231697,36.515555028507,12.162));
#6990=CARTESIAN_POINT('Ctrl Pts',(-3.27064611400171,36.5440801499083,12.15));
#6991=CARTESIAN_POINT('Ctrl Pts',(-3.27064611400171,36.5440801499083,12.162));
#6992=CARTESIAN_POINT('Ctrl Pts',(-3.3018454655344,36.5957819324483,12.15));
#6993=CARTESIAN_POINT('Ctrl Pts',(-3.3018454655344,36.5957819324483,12.162));
#6994=CARTESIAN_POINT('Ctrl Pts',(-3.31610802623511,36.6323297442438,12.15));
#6995=CARTESIAN_POINT('Ctrl Pts',(-3.31610802623511,36.6323297442438,12.162));
#6996=CARTESIAN_POINT('',(-3.2537093231697,36.515555028507,12.15));
#6997=CARTESIAN_POINT('Ctrl Pts',(-3.2537093231697,36.515555028507,12.15));
#6998=CARTESIAN_POINT('Ctrl Pts',(-3.27064611400171,36.5440801499083,12.15));
#6999=CARTESIAN_POINT('Ctrl Pts',(-3.3018454655344,36.5957819324483,12.15));
#7000=CARTESIAN_POINT('Ctrl Pts',(-3.31610802623511,36.6323297442438,12.15));
#7001=CARTESIAN_POINT('',(-3.2537093231697,36.515555028507,12.15));
#7002=CARTESIAN_POINT('Origin',(-3.16635113887801,36.515555028507,12.15));
#7003=CARTESIAN_POINT('',(-3.0789929545864,36.515555028507,12.15));
#7004=CARTESIAN_POINT('',(-10.733175569439,36.515555028507,12.15));
#7005=CARTESIAN_POINT('',(-3.0789929545864,36.515555028507,12.15));
#7006=CARTESIAN_POINT('Origin',(-3.0789929545864,36.520012078726,12.15));
#7007=CARTESIAN_POINT('',(-3.0789929545864,36.5244691289449,12.15));
#7008=CARTESIAN_POINT('',(-3.0789929545864,36.060006039363,12.15));
#7009=CARTESIAN_POINT('',(-3.0789929545864,36.5244691289449,12.15));
#7010=CARTESIAN_POINT('Ctrl Pts',(-3.1672425489218,36.6180671835431,12.15));
#7011=CARTESIAN_POINT('Ctrl Pts',(-3.1672425489218,36.6180671835431,12.162));
#7012=CARTESIAN_POINT('Ctrl Pts',(-3.14406588778321,36.5850850119228,12.15));
#7013=CARTESIAN_POINT('Ctrl Pts',(-3.14406588778321,36.5850850119228,12.162));
#7014=CARTESIAN_POINT('Ctrl Pts',(-3.0959297454184,36.5378402796018,12.15));
#7015=CARTESIAN_POINT('Ctrl Pts',(-3.0959297454184,36.5378402796018,12.162));
#7016=CARTESIAN_POINT('Ctrl Pts',(-3.0789929545864,36.5244691289449,12.15));
#7017=CARTESIAN_POINT('Ctrl Pts',(-3.0789929545864,36.5244691289449,12.162));
#7018=CARTESIAN_POINT('',(-3.1672425489218,36.6180671835431,12.15));
#7019=CARTESIAN_POINT('Ctrl Pts',(-3.1672425489218,36.6180671835431,12.15));
#7020=CARTESIAN_POINT('Ctrl Pts',(-3.14406588778321,36.5850850119228,12.15));
#7021=CARTESIAN_POINT('Ctrl Pts',(-3.0959297454184,36.5378402796018,12.15));
#7022=CARTESIAN_POINT('Ctrl Pts',(-3.0789929545864,36.5244691289449,12.15));
#7023=CARTESIAN_POINT('',(-3.1672425489218,36.6180671835431,12.15));
#7024=CARTESIAN_POINT('Ctrl Pts',(-3.2216185615931,36.7883265019074,12.15));
#7025=CARTESIAN_POINT('Ctrl Pts',(-3.2216185615931,36.7883265019074,12.162));
#7026=CARTESIAN_POINT('Ctrl Pts',(-3.2216185615931,36.7375161294112,12.15));
#7027=CARTESIAN_POINT('Ctrl Pts',(-3.2216185615931,36.7375161294112,12.162));
#7028=CARTESIAN_POINT('Ctrl Pts',(-3.1904192100604,36.6510493551634,12.15));
#7029=CARTESIAN_POINT('Ctrl Pts',(-3.1904192100604,36.6510493551634,12.162));
#7030=CARTESIAN_POINT('Ctrl Pts',(-3.1672425489218,36.6180671835431,12.15));
#7031=CARTESIAN_POINT('Ctrl Pts',(-3.1672425489218,36.6180671835431,12.162));
#7032=CARTESIAN_POINT('',(-3.2216185615931,36.7883265019074,12.15));
#7033=CARTESIAN_POINT('Ctrl Pts',(-3.2216185615931,36.7883265019074,12.15));
#7034=CARTESIAN_POINT('Ctrl Pts',(-3.2216185615931,36.7375161294112,12.15));
#7035=CARTESIAN_POINT('Ctrl Pts',(-3.1904192100604,36.6510493551634,12.15));
#7036=CARTESIAN_POINT('Ctrl Pts',(-3.1672425489218,36.6180671835431,12.15));
#7037=CARTESIAN_POINT('',(-3.2216185615931,36.7883265019074,12.15));
#7038=CARTESIAN_POINT('Ctrl Pts',(-3.11197512620671,36.9799796613227,12.15));
#7039=CARTESIAN_POINT('Ctrl Pts',(-3.11197512620671,36.9799796613227,12.162));
#7040=CARTESIAN_POINT('Ctrl Pts',(-3.16635113887801,36.9434318495272,12.15));
#7041=CARTESIAN_POINT('Ctrl Pts',(-3.16635113887801,36.9434318495272,12.162));
#7042=CARTESIAN_POINT('Ctrl Pts',(-3.2216185615931,36.8435939246225,12.15));
#7043=CARTESIAN_POINT('Ctrl Pts',(-3.2216185615931,36.8435939246225,12.162));
#7044=CARTESIAN_POINT('Ctrl Pts',(-3.2216185615931,36.7883265019074,12.15));
#7045=CARTESIAN_POINT('Ctrl Pts',(-3.2216185615931,36.7883265019074,12.162));
#7046=CARTESIAN_POINT('',(-3.11197512620671,36.9799796613227,12.15));
#7047=CARTESIAN_POINT('Ctrl Pts',(-3.11197512620671,36.9799796613227,12.15));
#7048=CARTESIAN_POINT('Ctrl Pts',(-3.16635113887801,36.9434318495272,12.15));
#7049=CARTESIAN_POINT('Ctrl Pts',(-3.2216185615931,36.8435939246225,12.15));
#7050=CARTESIAN_POINT('Ctrl Pts',(-3.2216185615931,36.7883265019074,12.15));
#7051=CARTESIAN_POINT('',(-3.11197512620671,36.9799796613227,12.15));
#7052=CARTESIAN_POINT('Ctrl Pts',(-2.7794791798722,37.0610979753078,12.15));
#7053=CARTESIAN_POINT('Ctrl Pts',(-2.7794791798722,37.0610979753078,12.162));
#7054=CARTESIAN_POINT('Ctrl Pts',(-2.89268825543381,37.0610979753078,12.15));
#7055=CARTESIAN_POINT('Ctrl Pts',(-2.89268825543381,37.0610979753078,12.162));
#7056=CARTESIAN_POINT('Ctrl Pts',(-3.0558162934478,37.017418883162,12.15));
#7057=CARTESIAN_POINT('Ctrl Pts',(-3.0558162934478,37.017418883162,12.162));
#7058=CARTESIAN_POINT('Ctrl Pts',(-3.11197512620671,36.9799796613227,12.15));
#7059=CARTESIAN_POINT('Ctrl Pts',(-3.11197512620671,36.9799796613227,12.162));
#7060=CARTESIAN_POINT('',(-2.7794791798722,37.0610979753078,12.15));
#7061=CARTESIAN_POINT('Ctrl Pts',(-2.7794791798722,37.0610979753078,12.15));
#7062=CARTESIAN_POINT('Ctrl Pts',(-2.89268825543381,37.0610979753078,12.15));
#7063=CARTESIAN_POINT('Ctrl Pts',(-3.0558162934478,37.017418883162,12.15));
#7064=CARTESIAN_POINT('Ctrl Pts',(-3.11197512620671,36.9799796613227,12.15));
#7065=CARTESIAN_POINT('',(-2.7794791798722,37.0610979753078,12.15));
#7066=CARTESIAN_POINT('Ctrl Pts',(-2.44698323353771,36.9826538914541,12.15));
#7067=CARTESIAN_POINT('Ctrl Pts',(-2.44698323353771,36.9826538914541,12.162));
#7068=CARTESIAN_POINT('Ctrl Pts',(-2.5031420662966,37.0200931132934,12.15));
#7069=CARTESIAN_POINT('Ctrl Pts',(-2.5031420662966,37.0200931132934,12.162));
#7070=CARTESIAN_POINT('Ctrl Pts',(-2.673401384661,37.0610979753078,12.15));
#7071=CARTESIAN_POINT('Ctrl Pts',(-2.673401384661,37.0610979753078,12.162));
#7072=CARTESIAN_POINT('Ctrl Pts',(-2.7794791798722,37.0610979753078,12.15));
#7073=CARTESIAN_POINT('Ctrl Pts',(-2.7794791798722,37.0610979753078,12.162));
#7074=CARTESIAN_POINT('',(-2.44698323353771,36.9826538914541,12.15));
#7075=CARTESIAN_POINT('Ctrl Pts',(-2.44698323353771,36.9826538914541,12.15));
#7076=CARTESIAN_POINT('Ctrl Pts',(-2.5031420662966,37.0200931132934,12.15));
#7077=CARTESIAN_POINT('Ctrl Pts',(-2.673401384661,37.0610979753078,12.15));
#7078=CARTESIAN_POINT('Ctrl Pts',(-2.7794791798722,37.0610979753078,12.15));
#7079=CARTESIAN_POINT('',(-2.44698323353771,36.9826538914541,12.15));
#7080=CARTESIAN_POINT('Ctrl Pts',(-2.33377415797611,36.7883265019074,12.15));
#7081=CARTESIAN_POINT('Ctrl Pts',(-2.33377415797611,36.7883265019074,12.162));
#7082=CARTESIAN_POINT('Ctrl Pts',(-2.33377415797611,36.8444853346663,12.15));
#7083=CARTESIAN_POINT('Ctrl Pts',(-2.33377415797611,36.8444853346663,12.162));
#7084=CARTESIAN_POINT('Ctrl Pts',(-2.39171581082261,36.9452146696148,12.15));
#7085=CARTESIAN_POINT('Ctrl Pts',(-2.39171581082261,36.9452146696148,12.162));
#7086=CARTESIAN_POINT('Ctrl Pts',(-2.44698323353771,36.9826538914541,12.15));
#7087=CARTESIAN_POINT('Ctrl Pts',(-2.44698323353771,36.9826538914541,12.162));
#7088=CARTESIAN_POINT('',(-2.33377415797611,36.7883265019074,12.15));
#7089=CARTESIAN_POINT('Ctrl Pts',(-2.33377415797611,36.7883265019074,12.15));
#7090=CARTESIAN_POINT('Ctrl Pts',(-2.33377415797611,36.8444853346663,12.15));
#7091=CARTESIAN_POINT('Ctrl Pts',(-2.39171581082261,36.9452146696148,12.15));
#7092=CARTESIAN_POINT('Ctrl Pts',(-2.44698323353771,36.9826538914541,12.15));
#7093=CARTESIAN_POINT('',(-2.33377415797611,36.7883265019074,12.15));
#7094=CARTESIAN_POINT('Ctrl Pts',(-2.3863673505599,36.6234156438058,12.15));
#7095=CARTESIAN_POINT('Ctrl Pts',(-2.3863673505599,36.6234156438058,12.162));
#7096=CARTESIAN_POINT('Ctrl Pts',(-2.36319068942131,36.6572892254699,12.15));
#7097=CARTESIAN_POINT('Ctrl Pts',(-2.36319068942131,36.6572892254699,12.162));
#7098=CARTESIAN_POINT('Ctrl Pts',(-2.33377415797611,36.7366247193675,12.15));
#7099=CARTESIAN_POINT('Ctrl Pts',(-2.33377415797611,36.7366247193675,12.162));
#7100=CARTESIAN_POINT('Ctrl Pts',(-2.33377415797611,36.7883265019074,12.15));
#7101=CARTESIAN_POINT('Ctrl Pts',(-2.33377415797611,36.7883265019074,12.162));
#7102=CARTESIAN_POINT('',(-2.3863673505599,36.6234156438058,12.15));
#7103=CARTESIAN_POINT('Ctrl Pts',(-2.3863673505599,36.6234156438058,12.15));
#7104=CARTESIAN_POINT('Ctrl Pts',(-2.36319068942131,36.6572892254699,12.15));
#7105=CARTESIAN_POINT('Ctrl Pts',(-2.33377415797611,36.7366247193675,12.15));
#7106=CARTESIAN_POINT('Ctrl Pts',(-2.33377415797611,36.7883265019074,12.15));
#7107=CARTESIAN_POINT('',(-2.3863673505599,36.6234156438058,12.15));
#7108=CARTESIAN_POINT('Ctrl Pts',(-2.47818258507051,36.5253605389887,12.15));
#7109=CARTESIAN_POINT('Ctrl Pts',(-2.47818258507051,36.5253605389887,12.162));
#7110=CARTESIAN_POINT('Ctrl Pts',(-2.4603543841946,36.5405145097332,12.15));
#7111=CARTESIAN_POINT('Ctrl Pts',(-2.4603543841946,36.5405145097332,12.162));
#7112=CARTESIAN_POINT('Ctrl Pts',(-2.41043542174231,36.588650652098,12.15));
#7113=CARTESIAN_POINT('Ctrl Pts',(-2.41043542174231,36.588650652098,12.162));
#7114=CARTESIAN_POINT('Ctrl Pts',(-2.3863673505599,36.6234156438058,12.15));
#7115=CARTESIAN_POINT('Ctrl Pts',(-2.3863673505599,36.6234156438058,12.162));
#7116=CARTESIAN_POINT('',(-2.47818258507051,36.5253605389887,12.15));
#7117=CARTESIAN_POINT('Ctrl Pts',(-2.47818258507051,36.5253605389887,12.15));
#7118=CARTESIAN_POINT('Ctrl Pts',(-2.4603543841946,36.5405145097332,12.15));
#7119=CARTESIAN_POINT('Ctrl Pts',(-2.41043542174231,36.588650652098,12.15));
#7120=CARTESIAN_POINT('Ctrl Pts',(-2.3863673505599,36.6234156438058,12.15));
#7121=CARTESIAN_POINT('',(-2.47818258507051,36.5253605389887,12.15));
#7122=CARTESIAN_POINT('Origin',(-2.47818258507051,36.5204577837479,12.15));
#7123=CARTESIAN_POINT('',(-2.47818258507051,36.515555028507,12.15));
#7124=CARTESIAN_POINT('',(-2.47818258507051,36.0602288918739,12.15));
#7125=CARTESIAN_POINT('',(-2.47818258507051,36.515555028507,12.15));
#7126=CARTESIAN_POINT('Origin',(-2.389932990735,36.515555028507,12.15));
#7127=CARTESIAN_POINT('',(-2.3016833963996,36.515555028507,12.15));
#7128=CARTESIAN_POINT('',(-10.3449664953675,36.515555028507,12.15));
#7129=CARTESIAN_POINT('',(-2.3016833963996,36.515555028507,12.15));
#7130=CARTESIAN_POINT('Ctrl Pts',(-2.2375018732466,36.6323297442438,12.15));
#7131=CARTESIAN_POINT('Ctrl Pts',(-2.2375018732466,36.6323297442438,12.162));
#7132=CARTESIAN_POINT('Ctrl Pts',(-2.2490902038159,36.6038046228424,12.15));
#7133=CARTESIAN_POINT('Ctrl Pts',(-2.2490902038159,36.6038046228424,12.162));
#7134=CARTESIAN_POINT('Ctrl Pts',(-2.2820723754362,36.5440801499083,12.15));
#7135=CARTESIAN_POINT('Ctrl Pts',(-2.2820723754362,36.5440801499083,12.162));
#7136=CARTESIAN_POINT('Ctrl Pts',(-2.3016833963996,36.515555028507,12.15));
#7137=CARTESIAN_POINT('Ctrl Pts',(-2.3016833963996,36.515555028507,12.162));
#7138=CARTESIAN_POINT('',(-2.2375018732466,36.6323297442438,12.15));
#7139=CARTESIAN_POINT('Ctrl Pts',(-2.2375018732466,36.6323297442438,12.15));
#7140=CARTESIAN_POINT('Ctrl Pts',(-2.24522742695947,36.6133129966429,12.15));
#7141=CARTESIAN_POINT('Ctrl Pts',(-2.25458723241929,36.5938505440201,12.15));
#7142=CARTESIAN_POINT('Ctrl Pts',(-2.26558128962605,36.5739423863754,12.15));
#7143=CARTESIAN_POINT('Ctrl Pts',(-2.27657534683282,36.5540342287307,12.15));
#7144=CARTESIAN_POINT('Ctrl Pts',(-2.288609382424,36.5345717761079,12.15));
#7145=CARTESIAN_POINT('Ctrl Pts',(-2.3016833963996,36.515555028507,12.15));
#7146=CARTESIAN_POINT('',(-2.2375018732466,36.6323297442438,12.15));
#7147=CARTESIAN_POINT('Ctrl Pts',(-2.2089767518452,36.7865436818198,12.15));
#7148=CARTESIAN_POINT('Ctrl Pts',(-2.2089767518452,36.7865436818198,12.162));
#7149=CARTESIAN_POINT('Ctrl Pts',(-2.2089767518452,36.742864589674,12.15));
#7150=CARTESIAN_POINT('Ctrl Pts',(-2.2089767518452,36.742864589674,12.162));
#7151=CARTESIAN_POINT('Ctrl Pts',(-2.22502213263351,36.6653119158641,12.15));
#7152=CARTESIAN_POINT('Ctrl Pts',(-2.22502213263351,36.6653119158641,12.162));
#7153=CARTESIAN_POINT('Ctrl Pts',(-2.2375018732466,36.6323297442438,12.15));
#7154=CARTESIAN_POINT('Ctrl Pts',(-2.2375018732466,36.6323297442438,12.162));
#7155=CARTESIAN_POINT('',(-2.2089767518452,36.7865436818198,12.15));
#7156=CARTESIAN_POINT('Ctrl Pts',(-2.2089767518452,36.7865436818198,12.15));
#7157=CARTESIAN_POINT('Ctrl Pts',(-2.2089767518452,36.742864589674,12.15));
#7158=CARTESIAN_POINT('Ctrl Pts',(-2.22502213263351,36.6653119158641,12.15));
#7159=CARTESIAN_POINT('Ctrl Pts',(-2.2375018732466,36.6323297442438,12.15));
#7160=CARTESIAN_POINT('',(-2.2089767518452,36.7865436818198,12.15));
#7161=CARTESIAN_POINT('Ctrl Pts',(-2.36051645928991,37.0726863058771,12.15));
#7162=CARTESIAN_POINT('Ctrl Pts',(-2.36051645928991,37.0726863058771,12.162));
#7163=CARTESIAN_POINT('Ctrl Pts',(-2.28652942565521,37.0200931132934,12.15));
#7164=CARTESIAN_POINT('Ctrl Pts',(-2.28652942565521,37.0200931132934,12.162));
#7165=CARTESIAN_POINT('Ctrl Pts',(-2.2089767518452,36.875684686199,12.15));
#7166=CARTESIAN_POINT('Ctrl Pts',(-2.2089767518452,36.875684686199,12.162));
#7167=CARTESIAN_POINT('Ctrl Pts',(-2.2089767518452,36.7865436818198,12.15));
#7168=CARTESIAN_POINT('Ctrl Pts',(-2.2089767518452,36.7865436818198,12.162));
#7169=CARTESIAN_POINT('',(-2.36051645928991,37.0726863058771,12.15));
#7170=CARTESIAN_POINT('Ctrl Pts',(-2.36051645928991,37.0726863058771,12.15));
#7171=CARTESIAN_POINT('Ctrl Pts',(-2.28652942565521,37.0200931132934,12.15));
#7172=CARTESIAN_POINT('Ctrl Pts',(-2.2089767518452,36.875684686199,12.15));
#7173=CARTESIAN_POINT('Ctrl Pts',(-2.2089767518452,36.7865436818198,12.15));
#7174=CARTESIAN_POINT('',(-2.36051645928991,37.0726863058771,12.15));
#7175=CARTESIAN_POINT('Ctrl Pts',(-2.7794791798722,37.1823297412635,12.15));
#7176=CARTESIAN_POINT('Ctrl Pts',(-2.7794791798722,37.1823297412635,12.162));
#7177=CARTESIAN_POINT('Ctrl Pts',(-2.64131062308441,37.1823297412635,12.15));
#7178=CARTESIAN_POINT('Ctrl Pts',(-2.64131062308441,37.1823297412635,12.162));
#7179=CARTESIAN_POINT('Ctrl Pts',(-2.4362863130122,37.1261709085046,12.15));
#7180=CARTESIAN_POINT('Ctrl Pts',(-2.4362863130122,37.1261709085046,12.162));
#7181=CARTESIAN_POINT('Ctrl Pts',(-2.36051645928991,37.0726863058771,12.15));
#7182=CARTESIAN_POINT('Ctrl Pts',(-2.36051645928991,37.0726863058771,12.162));
#7183=CARTESIAN_POINT('',(-2.7794791798722,37.1823297412635,12.15));
#7184=CARTESIAN_POINT('Ctrl Pts',(-2.7794791798722,37.1823297412635,12.15));
#7185=CARTESIAN_POINT('Ctrl Pts',(-2.64131062308441,37.1823297412635,12.15));
#7186=CARTESIAN_POINT('Ctrl Pts',(-2.4362863130122,37.1261709085046,12.15));
#7187=CARTESIAN_POINT('Ctrl Pts',(-2.36051645928991,37.0726863058771,12.15));
#7188=CARTESIAN_POINT('',(-2.7794791798722,37.1823297412635,12.15));
#7189=CARTESIAN_POINT('Ctrl Pts',(-3.2037903607173,37.0717948958333,12.15));
#7190=CARTESIAN_POINT('Ctrl Pts',(-3.2037903607173,37.0717948958333,12.162));
#7191=CARTESIAN_POINT('Ctrl Pts',(-3.1324775572139,37.124388088417,12.15));
#7192=CARTESIAN_POINT('Ctrl Pts',(-3.1324775572139,37.124388088417,12.162));
#7193=CARTESIAN_POINT('Ctrl Pts',(-2.9185391467038,37.1823297412635,12.15));
#7194=CARTESIAN_POINT('Ctrl Pts',(-2.9185391467038,37.1823297412635,12.162));
#7195=CARTESIAN_POINT('Ctrl Pts',(-2.7794791798722,37.1823297412635,12.15));
#7196=CARTESIAN_POINT('Ctrl Pts',(-2.7794791798722,37.1823297412635,12.162));
#7197=CARTESIAN_POINT('Ctrl Pts',(-3.2037903607173,37.0717948958333,12.15));
#7198=CARTESIAN_POINT('Ctrl Pts',(-3.1324775572139,37.124388088417,12.15));
#7199=CARTESIAN_POINT('Ctrl Pts',(-2.9185391467038,37.1823297412635,12.15));
#7200=CARTESIAN_POINT('Ctrl Pts',(-2.7794791798722,37.1823297412635,12.15));
#7201=CARTESIAN_POINT('Origin',(-18.3,35.6,12.16));
#7202=CARTESIAN_POINT('',(-3.32858776684821,39.2316814319417,12.16));
#7203=CARTESIAN_POINT('',(-3.32858776684821,39.3627187083792,12.16));
#7204=CARTESIAN_POINT('',(-3.32858776684821,39.2316814319417,12.16));
#7205=CARTESIAN_POINT('',(-2.22858777280871,39.2316814319417,12.16));
#7206=CARTESIAN_POINT('',(-2.22858777280871,39.2316814319417,12.16));
#7207=CARTESIAN_POINT('',(-2.22858777280871,39.3413248673282,12.16));
#7208=CARTESIAN_POINT('',(-2.22858777280871,39.3413248673282,12.16));
#7209=CARTESIAN_POINT('',(-3.09949538559361,39.3413248673282,12.16));
#7210=CARTESIAN_POINT('',(-3.09949538559361,39.3413248673282,12.16));
#7211=CARTESIAN_POINT('',(-2.22858777280871,39.6943232446699,12.16));
#7212=CARTESIAN_POINT('',(-2.22858777280871,39.6943232446699,12.16));
#7213=CARTESIAN_POINT('',(-2.22858777280871,39.861016922859,12.16));
#7214=CARTESIAN_POINT('',(-2.22858777280871,39.861016922859,12.16));
#7215=CARTESIAN_POINT('',(-3.32858776684821,39.861016922859,12.16));
#7216=CARTESIAN_POINT('',(-3.32858776684821,39.861016922859,12.16));
#7217=CARTESIAN_POINT('',(-3.32858776684821,39.7513734874726,12.16));
#7218=CARTESIAN_POINT('',(-3.32858776684821,39.7513734874726,12.16));
#7219=CARTESIAN_POINT('',(-2.3801274802533,39.7513734874726,12.16));
#7220=CARTESIAN_POINT('',(-2.3801274802533,39.7513734874726,12.16));
#7221=CARTESIAN_POINT('',(-3.32858776684821,39.3627187083792,12.16));
#7222=CARTESIAN_POINT('Origin',(-3.32858776684821,39.2972000701605,12.15));
#7223=CARTESIAN_POINT('',(-3.32858776684821,39.2316814319417,12.15));
#7224=CARTESIAN_POINT('',(-3.32858776684821,39.3627187083792,12.15));
#7225=CARTESIAN_POINT('',(-3.32858776684821,37.4486000350801,12.15));
#7226=CARTESIAN_POINT('',(-3.32858776684821,39.2316814319417,12.15));
#7227=CARTESIAN_POINT('',(-3.32858776684821,39.3627187083792,12.15));
#7228=CARTESIAN_POINT('Origin',(-2.7785877698284,39.2316814319417,12.15));
#7229=CARTESIAN_POINT('',(-2.22858777280871,39.2316814319417,12.15));
#7230=CARTESIAN_POINT('',(-10.5392938849142,39.2316814319417,12.15));
#7231=CARTESIAN_POINT('',(-2.22858777280871,39.2316814319417,12.15));
#7232=CARTESIAN_POINT('Origin',(-2.22858777280871,39.286503149635,12.15));
#7233=CARTESIAN_POINT('',(-2.22858777280871,39.3413248673282,12.15));
#7234=CARTESIAN_POINT('',(-2.22858777280871,37.4432515748175,12.15));
#7235=CARTESIAN_POINT('',(-2.22858777280871,39.3413248673282,12.15));
#7236=CARTESIAN_POINT('Origin',(-2.6640415792011,39.3413248673282,12.15));
#7237=CARTESIAN_POINT('',(-3.09949538559361,39.3413248673282,12.15));
#7238=CARTESIAN_POINT('',(-10.4820207896006,39.3413248673282,12.15));
#7239=CARTESIAN_POINT('',(-3.09949538559361,39.3413248673282,12.15));
#7240=CARTESIAN_POINT('Origin',(-2.6640415792011,39.517824055999,12.15));
#7241=CARTESIAN_POINT('',(-2.22858777280871,39.6943232446699,12.15));
#7242=CARTESIAN_POINT('',(-10.0608222999136,36.5197430269283,12.15));
#7243=CARTESIAN_POINT('',(-2.22858777280871,39.6943232446699,12.15));
#7244=CARTESIAN_POINT('Origin',(-2.22858777280871,39.7776700837644,12.15));
#7245=CARTESIAN_POINT('',(-2.22858777280871,39.861016922859,12.15));
#7246=CARTESIAN_POINT('',(-2.22858777280871,37.6888350418822,12.15));
#7247=CARTESIAN_POINT('',(-2.22858777280871,39.861016922859,12.15));
#7248=CARTESIAN_POINT('Origin',(-2.7785877698284,39.861016922859,12.15));
#7249=CARTESIAN_POINT('',(-3.32858776684821,39.861016922859,12.15));
#7250=CARTESIAN_POINT('',(-10.5392938849142,39.861016922859,12.15));
#7251=CARTESIAN_POINT('',(-3.32858776684821,39.861016922859,12.15));
#7252=CARTESIAN_POINT('Origin',(-3.32858776684821,39.8061952051658,12.15));
#7253=CARTESIAN_POINT('',(-3.32858776684821,39.7513734874726,12.15));
#7254=CARTESIAN_POINT('',(-3.32858776684821,37.7030976025829,12.15));
#7255=CARTESIAN_POINT('',(-3.32858776684821,39.7513734874726,12.15));
#7256=CARTESIAN_POINT('Origin',(-2.85435762355081,39.7513734874726,12.15));
#7257=CARTESIAN_POINT('',(-2.3801274802533,39.7513734874726,12.15));
#7258=CARTESIAN_POINT('',(-10.5771788117754,39.7513734874726,12.15));
#7259=CARTESIAN_POINT('',(-2.3801274802533,39.7513734874726,12.15));
#7260=CARTESIAN_POINT('Origin',(-2.85435762355081,39.5570460979259,12.15));
#7261=CARTESIAN_POINT('',(-10.1610269517652,36.5629597942591,12.15));
#7262=CARTESIAN_POINT('Origin',(-18.3,35.6,12.16));
#7263=CARTESIAN_POINT('',(-3.3499816078992,40.3004820744486,12.16));
#7264=CARTESIAN_POINT('',(-3.2064645908487,40.6035614893379,12.16));
#7265=CARTESIAN_POINT('Ctrl Pts',(-3.3499816078992,40.3004820744486,12.16));
#7266=CARTESIAN_POINT('Ctrl Pts',(-3.3499816078992,40.3940801290467,12.16));
#7267=CARTESIAN_POINT('Ctrl Pts',(-3.27866880439581,40.5482940666228,12.16));
#7268=CARTESIAN_POINT('Ctrl Pts',(-3.2064645908487,40.6035614893379,12.16));
#7269=CARTESIAN_POINT('',(-3.3178908463227,40.1382454464784,12.16));
#7270=CARTESIAN_POINT('Ctrl Pts',(-3.3178908463227,40.1382454464784,12.16));
#7271=CARTESIAN_POINT('Ctrl Pts',(-3.3339362271109,40.1810331285804,12.16));
#7272=CARTESIAN_POINT('Ctrl Pts',(-3.3499816078992,40.2505631119962,12.16));
#7273=CARTESIAN_POINT('Ctrl Pts',(-3.3499816078992,40.3004820744486,12.16));
#7274=CARTESIAN_POINT('',(-3.2554921432572,40.0080995800847,12.16));
#7275=CARTESIAN_POINT('Ctrl Pts',(-3.2554921432572,40.0080995800847,12.16));
#7276=CARTESIAN_POINT('Ctrl Pts',(-3.2679718838703,40.0303848311795,12.16));
#7277=CARTESIAN_POINT('Ctrl Pts',(-3.30630251575341,40.1052632748581,12.16));
#7278=CARTESIAN_POINT('Ctrl Pts',(-3.3178908463227,40.1382454464784,12.16));
#7279=CARTESIAN_POINT('',(-2.7750221296533,40.0080995800847,12.16));
#7280=CARTESIAN_POINT('',(-2.7750221296533,40.0080995800847,12.16));
#7281=CARTESIAN_POINT('',(-2.7750221296533,40.3272243757623,12.16));
#7282=CARTESIAN_POINT('',(-2.7750221296533,40.3272243757623,12.16));
#7283=CARTESIAN_POINT('',(-2.9033851759593,40.3272243757623,12.16));
#7284=CARTESIAN_POINT('',(-2.9033851759593,40.3272243757623,12.16));
#7285=CARTESIAN_POINT('',(-2.9033851759593,40.1248742958215,12.16));
#7286=CARTESIAN_POINT('',(-2.9033851759593,40.1248742958215,12.16));
#7287=CARTESIAN_POINT('',(-3.187744979929,40.1248742958215,12.16));
#7288=CARTESIAN_POINT('',(-3.187744979929,40.1248742958215,12.16));
#7289=CARTESIAN_POINT('',(-3.2234013816807,40.3058305347113,12.16));
#7290=CARTESIAN_POINT('Ctrl Pts',(-3.2234013816807,40.3058305347113,12.16));
#7291=CARTESIAN_POINT('Ctrl Pts',(-3.2234013816807,40.2568029823027,12.16));
#7292=CARTESIAN_POINT('Ctrl Pts',(-3.2055731808049,40.1587478774856,12.16));
#7293=CARTESIAN_POINT('Ctrl Pts',(-3.187744979929,40.1248742958215,12.16));
#7294=CARTESIAN_POINT('',(-3.10662666594391,40.51709471509,12.16));
#7295=CARTESIAN_POINT('Ctrl Pts',(-3.10662666594391,40.51709471509,12.16));
#7296=CARTESIAN_POINT('Ctrl Pts',(-3.16367690874661,40.4796554932508,12.16));
#7297=CARTESIAN_POINT('Ctrl Pts',(-3.2234013816807,40.3726862879957,12.16));
#7298=CARTESIAN_POINT('Ctrl Pts',(-3.2234013816807,40.3058305347113,12.16));
#7299=CARTESIAN_POINT('',(-2.7732393095657,40.5973216190313,12.16));
#7300=CARTESIAN_POINT('Ctrl Pts',(-2.7732393095657,40.5973216190313,12.16));
#7301=CARTESIAN_POINT('Ctrl Pts',(-2.8837741549959,40.5973216190313,12.16));
#7302=CARTESIAN_POINT('Ctrl Pts',(-3.0495764231412,40.5563167570169,12.16));
#7303=CARTESIAN_POINT('Ctrl Pts',(-3.10662666594391,40.51709471509,12.16));
#7304=CARTESIAN_POINT('',(-2.3355569780637,40.3138532251054,12.16));
#7305=CARTESIAN_POINT('Ctrl Pts',(-2.3355569780637,40.3138532251054,12.16));
#7306=CARTESIAN_POINT('Ctrl Pts',(-2.3355569780637,40.4404334513239,12.16));
#7307=CARTESIAN_POINT('Ctrl Pts',(-2.5744548698,40.5973216190313,12.16));
#7308=CARTESIAN_POINT('Ctrl Pts',(-2.7732393095657,40.5973216190313,12.16));
#7309=CARTESIAN_POINT('',(-2.3872587606037,40.1328969862156,12.16));
#7310=CARTESIAN_POINT('Ctrl Pts',(-2.3872587606037,40.1328969862156,12.16));
#7311=CARTESIAN_POINT('Ctrl Pts',(-2.3649735095089,40.1685533879673,12.16));
#7312=CARTESIAN_POINT('Ctrl Pts',(-2.3355569780637,40.2603686224779,12.16));
#7313=CARTESIAN_POINT('Ctrl Pts',(-2.3355569780637,40.3138532251054,12.16));
#7314=CARTESIAN_POINT('',(-2.479965405158,40.0214707307416,12.16));
#7315=CARTESIAN_POINT('Ctrl Pts',(-2.479965405158,40.0214707307416,12.16));
#7316=CARTESIAN_POINT('Ctrl Pts',(-2.45589733397571,40.0437559818364,12.16));
#7317=CARTESIAN_POINT('Ctrl Pts',(-2.4122182418298,40.0901093041136,12.16));
#7318=CARTESIAN_POINT('Ctrl Pts',(-2.3872587606037,40.1328969862156,12.16));
#7319=CARTESIAN_POINT('',(-2.479965405158,40.0116652202599,12.16));
#7320=CARTESIAN_POINT('',(-2.479965405158,40.0116652202599,12.16));
#7321=CARTESIAN_POINT('',(-2.3034662164872,40.0116652202599,12.16));
#7322=CARTESIAN_POINT('',(-2.3034662164872,40.0116652202599,12.16));
#7323=CARTESIAN_POINT('',(-2.2392846933342,40.1364626263908,12.16));
#7324=CARTESIAN_POINT('Ctrl Pts',(-2.2392846933342,40.1364626263908,12.16));
#7325=CARTESIAN_POINT('Ctrl Pts',(-2.2499816138597,40.1070460949456,12.16));
#7326=CARTESIAN_POINT('Ctrl Pts',(-2.2892036557865,40.0339504713547,12.16));
#7327=CARTESIAN_POINT('Ctrl Pts',(-2.3034662164872,40.0116652202599,12.16));
#7328=CARTESIAN_POINT('',(-2.2089767518452,40.2995906644047,12.16));
#7329=CARTESIAN_POINT('Ctrl Pts',(-2.2089767518452,40.2995906644047,12.16));
#7330=CARTESIAN_POINT('Ctrl Pts',(-2.2089767518452,40.2550201622151,12.16));
#7331=CARTESIAN_POINT('Ctrl Pts',(-2.22502213263351,40.1739018482301,12.16));
#7332=CARTESIAN_POINT('Ctrl Pts',(-2.2392846933342,40.1364626263908,12.16));
#7333=CARTESIAN_POINT('',(-2.3596250492461,40.6035614893379,12.16));
#7334=CARTESIAN_POINT('Ctrl Pts',(-2.3596250492461,40.6035614893379,12.16));
#7335=CARTESIAN_POINT('Ctrl Pts',(-2.28742083569891,40.5500768867103,12.16));
#7336=CARTESIAN_POINT('Ctrl Pts',(-2.2089767518452,40.3922973089591,12.16));
#7337=CARTESIAN_POINT('Ctrl Pts',(-2.2089767518452,40.2995906644047,12.16));
#7338=CARTESIAN_POINT('',(-2.77769635978461,40.7185533849871,12.16));
#7339=CARTESIAN_POINT('Ctrl Pts',(-2.77769635978461,40.7185533849871,12.16));
#7340=CARTESIAN_POINT('Ctrl Pts',(-2.6448762632596,40.7185533849871,12.16));
#7341=CARTESIAN_POINT('Ctrl Pts',(-2.4345034929246,40.658828912053,12.16));
#7342=CARTESIAN_POINT('Ctrl Pts',(-2.3596250492461,40.6035614893379,12.16));
#7343=CARTESIAN_POINT('Ctrl Pts',(-3.2064645908487,40.6035614893379,12.16));
#7344=CARTESIAN_POINT('Ctrl Pts',(-3.1333689672577,40.6597203220968,12.16));
#7345=CARTESIAN_POINT('Ctrl Pts',(-2.91764773666001,40.7185533849871,12.16));
#7346=CARTESIAN_POINT('Ctrl Pts',(-2.77769635978461,40.7185533849871,12.16));
#7347=CARTESIAN_POINT('Ctrl Pts',(-3.3499816078992,40.3004820744486,12.15));
#7348=CARTESIAN_POINT('Ctrl Pts',(-3.3499816078992,40.3004820744486,12.162));
#7349=CARTESIAN_POINT('Ctrl Pts',(-3.3499816078992,40.3940801290467,12.15));
#7350=CARTESIAN_POINT('Ctrl Pts',(-3.3499816078992,40.3940801290467,12.162));
#7351=CARTESIAN_POINT('Ctrl Pts',(-3.27866880439581,40.5482940666228,12.15));
#7352=CARTESIAN_POINT('Ctrl Pts',(-3.27866880439581,40.5482940666228,12.162));
#7353=CARTESIAN_POINT('Ctrl Pts',(-3.2064645908487,40.6035614893379,12.15));
#7354=CARTESIAN_POINT('Ctrl Pts',(-3.2064645908487,40.6035614893379,12.162));
#7355=CARTESIAN_POINT('',(-3.3499816078992,40.3004820744486,12.15));
#7356=CARTESIAN_POINT('',(-3.2064645908487,40.6035614893379,12.15));
#7357=CARTESIAN_POINT('Ctrl Pts',(-3.3499816078992,40.3004820744486,12.15));
#7358=CARTESIAN_POINT('Ctrl Pts',(-3.3499816078992,40.3940801290467,12.15));
#7359=CARTESIAN_POINT('Ctrl Pts',(-3.27866880439581,40.5482940666228,12.15));
#7360=CARTESIAN_POINT('Ctrl Pts',(-3.2064645908487,40.6035614893379,12.15));
#7361=CARTESIAN_POINT('',(-3.3499816078992,40.3004820744486,12.15));
#7362=CARTESIAN_POINT('',(-3.2064645908487,40.6035614893379,12.15));
#7363=CARTESIAN_POINT('Ctrl Pts',(-3.3178908463227,40.1382454464784,12.15));
#7364=CARTESIAN_POINT('Ctrl Pts',(-3.3178908463227,40.1382454464784,12.162));
#7365=CARTESIAN_POINT('Ctrl Pts',(-3.3339362271109,40.1810331285804,12.15));
#7366=CARTESIAN_POINT('Ctrl Pts',(-3.3339362271109,40.1810331285804,12.162));
#7367=CARTESIAN_POINT('Ctrl Pts',(-3.3499816078992,40.2505631119962,12.15));
#7368=CARTESIAN_POINT('Ctrl Pts',(-3.3499816078992,40.2505631119962,12.162));
#7369=CARTESIAN_POINT('Ctrl Pts',(-3.3499816078992,40.3004820744486,12.15));
#7370=CARTESIAN_POINT('Ctrl Pts',(-3.3499816078992,40.3004820744486,12.162));
#7371=CARTESIAN_POINT('',(-3.3178908463227,40.1382454464784,12.15));
#7372=CARTESIAN_POINT('Ctrl Pts',(-3.3178908463227,40.1382454464784,12.15));
#7373=CARTESIAN_POINT('Ctrl Pts',(-3.3339362271109,40.1810331285804,12.15));
#7374=CARTESIAN_POINT('Ctrl Pts',(-3.3499816078992,40.2505631119962,12.15));
#7375=CARTESIAN_POINT('Ctrl Pts',(-3.3499816078992,40.3004820744486,12.15));
#7376=CARTESIAN_POINT('',(-3.3178908463227,40.1382454464784,12.15));
#7377=CARTESIAN_POINT('Ctrl Pts',(-3.2554921432572,40.0080995800847,12.15));
#7378=CARTESIAN_POINT('Ctrl Pts',(-3.2554921432572,40.0080995800847,12.162));
#7379=CARTESIAN_POINT('Ctrl Pts',(-3.2679718838703,40.0303848311795,12.15));
#7380=CARTESIAN_POINT('Ctrl Pts',(-3.2679718838703,40.0303848311795,12.162));
#7381=CARTESIAN_POINT('Ctrl Pts',(-3.30630251575341,40.1052632748581,12.15));
#7382=CARTESIAN_POINT('Ctrl Pts',(-3.30630251575341,40.1052632748581,12.162));
#7383=CARTESIAN_POINT('Ctrl Pts',(-3.3178908463227,40.1382454464784,12.15));
#7384=CARTESIAN_POINT('Ctrl Pts',(-3.3178908463227,40.1382454464784,12.162));
#7385=CARTESIAN_POINT('',(-3.2554921432572,40.0080995800847,12.15));
#7386=CARTESIAN_POINT('Ctrl Pts',(-3.2554921432572,40.0080995800847,12.15));
#7387=CARTESIAN_POINT('Ctrl Pts',(-3.2679718838703,40.0303848311795,12.15));
#7388=CARTESIAN_POINT('Ctrl Pts',(-3.30630251575341,40.1052632748581,12.15));
#7389=CARTESIAN_POINT('Ctrl Pts',(-3.3178908463227,40.1382454464784,12.15));
#7390=CARTESIAN_POINT('',(-3.2554921432572,40.0080995800847,12.15));
#7391=CARTESIAN_POINT('Origin',(-3.01525713645521,40.0080995800847,12.15));
#7392=CARTESIAN_POINT('',(-2.7750221296533,40.0080995800847,12.15));
#7393=CARTESIAN_POINT('',(-10.6576285682276,40.0080995800847,12.15));
#7394=CARTESIAN_POINT('',(-2.7750221296533,40.0080995800847,12.15));
#7395=CARTESIAN_POINT('Origin',(-2.7750221296533,40.1676619779235,12.15));
#7396=CARTESIAN_POINT('',(-2.7750221296533,40.3272243757623,12.15));
#7397=CARTESIAN_POINT('',(-2.7750221296533,37.8838309889618,12.15));
#7398=CARTESIAN_POINT('',(-2.7750221296533,40.3272243757623,12.15));
#7399=CARTESIAN_POINT('Origin',(-2.8392036528063,40.3272243757623,12.15));
#7400=CARTESIAN_POINT('',(-2.9033851759593,40.3272243757623,12.15));
#7401=CARTESIAN_POINT('',(-10.5696018264031,40.3272243757623,12.15));
#7402=CARTESIAN_POINT('',(-2.9033851759593,40.3272243757623,12.15));
#7403=CARTESIAN_POINT('Origin',(-2.9033851759593,40.2260493357919,12.15));
#7404=CARTESIAN_POINT('',(-2.9033851759593,40.1248742958215,12.15));
#7405=CARTESIAN_POINT('',(-2.9033851759593,37.9130246678959,12.15));
#7406=CARTESIAN_POINT('',(-2.9033851759593,40.1248742958215,12.15));
#7407=CARTESIAN_POINT('Origin',(-3.0455650779442,40.1248742958215,12.15));
#7408=CARTESIAN_POINT('',(-3.187744979929,40.1248742958215,12.15));
#7409=CARTESIAN_POINT('',(-10.6727825389721,40.1248742958215,12.15));
#7410=CARTESIAN_POINT('',(-3.187744979929,40.1248742958215,12.15));
#7411=CARTESIAN_POINT('Ctrl Pts',(-3.2234013816807,40.3058305347113,12.15));
#7412=CARTESIAN_POINT('Ctrl Pts',(-3.2234013816807,40.3058305347113,12.162));
#7413=CARTESIAN_POINT('Ctrl Pts',(-3.2234013816807,40.2568029823027,12.15));
#7414=CARTESIAN_POINT('Ctrl Pts',(-3.2234013816807,40.2568029823027,12.162));
#7415=CARTESIAN_POINT('Ctrl Pts',(-3.2055731808049,40.1587478774856,12.15));
#7416=CARTESIAN_POINT('Ctrl Pts',(-3.2055731808049,40.1587478774856,12.162));
#7417=CARTESIAN_POINT('Ctrl Pts',(-3.187744979929,40.1248742958215,12.15));
#7418=CARTESIAN_POINT('Ctrl Pts',(-3.187744979929,40.1248742958215,12.162));
#7419=CARTESIAN_POINT('',(-3.2234013816807,40.3058305347113,12.15));
#7420=CARTESIAN_POINT('Ctrl Pts',(-3.2234013816807,40.3058305347113,12.15));
#7421=CARTESIAN_POINT('Ctrl Pts',(-3.2234013816807,40.2568029823027,12.15));
#7422=CARTESIAN_POINT('Ctrl Pts',(-3.2055731808049,40.1587478774856,12.15));
#7423=CARTESIAN_POINT('Ctrl Pts',(-3.187744979929,40.1248742958215,12.15));
#7424=CARTESIAN_POINT('',(-3.2234013816807,40.3058305347113,12.15));
#7425=CARTESIAN_POINT('Ctrl Pts',(-3.10662666594391,40.51709471509,12.15));
#7426=CARTESIAN_POINT('Ctrl Pts',(-3.10662666594391,40.51709471509,12.162));
#7427=CARTESIAN_POINT('Ctrl Pts',(-3.16367690874661,40.4796554932508,12.15));
#7428=CARTESIAN_POINT('Ctrl Pts',(-3.16367690874661,40.4796554932508,12.162));
#7429=CARTESIAN_POINT('Ctrl Pts',(-3.2234013816807,40.3726862879957,12.15));
#7430=CARTESIAN_POINT('Ctrl Pts',(-3.2234013816807,40.3726862879957,12.162));
#7431=CARTESIAN_POINT('Ctrl Pts',(-3.2234013816807,40.3058305347113,12.15));
#7432=CARTESIAN_POINT('Ctrl Pts',(-3.2234013816807,40.3058305347113,12.162));
#7433=CARTESIAN_POINT('',(-3.10662666594391,40.51709471509,12.15));
#7434=CARTESIAN_POINT('Ctrl Pts',(-3.10662666594391,40.51709471509,12.15));
#7435=CARTESIAN_POINT('Ctrl Pts',(-3.16367690874661,40.4796554932508,12.15));
#7436=CARTESIAN_POINT('Ctrl Pts',(-3.2234013816807,40.3726862879957,12.15));
#7437=CARTESIAN_POINT('Ctrl Pts',(-3.2234013816807,40.3058305347113,12.15));
#7438=CARTESIAN_POINT('',(-3.10662666594391,40.51709471509,12.15));
#7439=CARTESIAN_POINT('Ctrl Pts',(-2.7732393095657,40.5973216190313,12.15));
#7440=CARTESIAN_POINT('Ctrl Pts',(-2.7732393095657,40.5973216190313,12.162));
#7441=CARTESIAN_POINT('Ctrl Pts',(-2.8837741549959,40.5973216190313,12.15));
#7442=CARTESIAN_POINT('Ctrl Pts',(-2.8837741549959,40.5973216190313,12.162));
#7443=CARTESIAN_POINT('Ctrl Pts',(-3.0495764231412,40.5563167570169,12.15));
#7444=CARTESIAN_POINT('Ctrl Pts',(-3.0495764231412,40.5563167570169,12.162));
#7445=CARTESIAN_POINT('Ctrl Pts',(-3.10662666594391,40.51709471509,12.15));
#7446=CARTESIAN_POINT('Ctrl Pts',(-3.10662666594391,40.51709471509,12.162));
#7447=CARTESIAN_POINT('',(-2.7732393095657,40.5973216190313,12.15));
#7448=CARTESIAN_POINT('Ctrl Pts',(-2.7732393095657,40.5973216190313,12.15));
#7449=CARTESIAN_POINT('Ctrl Pts',(-2.8837741549959,40.5973216190313,12.15));
#7450=CARTESIAN_POINT('Ctrl Pts',(-3.0495764231412,40.5563167570169,12.15));
#7451=CARTESIAN_POINT('Ctrl Pts',(-3.10662666594391,40.51709471509,12.15));
#7452=CARTESIAN_POINT('',(-2.7732393095657,40.5973216190313,12.15));
#7453=CARTESIAN_POINT('Ctrl Pts',(-2.3355569780637,40.3138532251054,12.15));
#7454=CARTESIAN_POINT('Ctrl Pts',(-2.3355569780637,40.3138532251054,12.162));
#7455=CARTESIAN_POINT('Ctrl Pts',(-2.3355569780637,40.4404334513239,12.15));
#7456=CARTESIAN_POINT('Ctrl Pts',(-2.3355569780637,40.4404334513239,12.162));
#7457=CARTESIAN_POINT('Ctrl Pts',(-2.5744548698,40.5973216190313,12.15));
#7458=CARTESIAN_POINT('Ctrl Pts',(-2.5744548698,40.5973216190313,12.162));
#7459=CARTESIAN_POINT('Ctrl Pts',(-2.7732393095657,40.5973216190313,12.15));
#7460=CARTESIAN_POINT('Ctrl Pts',(-2.7732393095657,40.5973216190313,12.162));
#7461=CARTESIAN_POINT('',(-2.3355569780637,40.3138532251054,12.15));
#7462=CARTESIAN_POINT('Ctrl Pts',(-2.3355569780637,40.3138532251054,12.15));
#7463=CARTESIAN_POINT('Ctrl Pts',(-2.3355569780637,40.4404334513239,12.15));
#7464=CARTESIAN_POINT('Ctrl Pts',(-2.5744548698,40.5973216190313,12.15));
#7465=CARTESIAN_POINT('Ctrl Pts',(-2.7732393095657,40.5973216190313,12.15));
#7466=CARTESIAN_POINT('',(-2.3355569780637,40.3138532251054,12.15));
#7467=CARTESIAN_POINT('Ctrl Pts',(-2.3872587606037,40.1328969862156,12.15));
#7468=CARTESIAN_POINT('Ctrl Pts',(-2.3872587606037,40.1328969862156,12.162));
#7469=CARTESIAN_POINT('Ctrl Pts',(-2.3649735095089,40.1685533879673,12.15));
#7470=CARTESIAN_POINT('Ctrl Pts',(-2.3649735095089,40.1685533879673,12.162));
#7471=CARTESIAN_POINT('Ctrl Pts',(-2.3355569780637,40.2603686224779,12.15));
#7472=CARTESIAN_POINT('Ctrl Pts',(-2.3355569780637,40.2603686224779,12.162));
#7473=CARTESIAN_POINT('Ctrl Pts',(-2.3355569780637,40.3138532251054,12.15));
#7474=CARTESIAN_POINT('Ctrl Pts',(-2.3355569780637,40.3138532251054,12.162));
#7475=CARTESIAN_POINT('',(-2.3872587606037,40.1328969862156,12.15));
#7476=CARTESIAN_POINT('Ctrl Pts',(-2.3872587606037,40.1328969862156,12.15));
#7477=CARTESIAN_POINT('Ctrl Pts',(-2.3649735095089,40.1685533879673,12.15));
#7478=CARTESIAN_POINT('Ctrl Pts',(-2.3355569780637,40.2603686224779,12.15));
#7479=CARTESIAN_POINT('Ctrl Pts',(-2.3355569780637,40.3138532251054,12.15));
#7480=CARTESIAN_POINT('',(-2.3872587606037,40.1328969862156,12.15));
#7481=CARTESIAN_POINT('Ctrl Pts',(-2.479965405158,40.0214707307416,12.15));
#7482=CARTESIAN_POINT('Ctrl Pts',(-2.479965405158,40.0214707307416,12.162));
#7483=CARTESIAN_POINT('Ctrl Pts',(-2.45589733397571,40.0437559818364,12.15));
#7484=CARTESIAN_POINT('Ctrl Pts',(-2.45589733397571,40.0437559818364,12.162));
#7485=CARTESIAN_POINT('Ctrl Pts',(-2.4122182418298,40.0901093041136,12.15));
#7486=CARTESIAN_POINT('Ctrl Pts',(-2.4122182418298,40.0901093041136,12.162));
#7487=CARTESIAN_POINT('Ctrl Pts',(-2.3872587606037,40.1328969862156,12.15));
#7488=CARTESIAN_POINT('Ctrl Pts',(-2.3872587606037,40.1328969862156,12.162));
#7489=CARTESIAN_POINT('',(-2.479965405158,40.0214707307416,12.15));
#7490=CARTESIAN_POINT('Ctrl Pts',(-2.479965405158,40.0214707307416,12.15));
#7491=CARTESIAN_POINT('Ctrl Pts',(-2.45589733397571,40.0437559818364,12.15));
#7492=CARTESIAN_POINT('Ctrl Pts',(-2.4122182418298,40.0901093041136,12.15));
#7493=CARTESIAN_POINT('Ctrl Pts',(-2.3872587606037,40.1328969862156,12.15));
#7494=CARTESIAN_POINT('',(-2.479965405158,40.0214707307416,12.15));
#7495=CARTESIAN_POINT('Origin',(-2.479965405158,40.0165679755007,12.15));
#7496=CARTESIAN_POINT('',(-2.479965405158,40.0116652202599,12.15));
#7497=CARTESIAN_POINT('',(-2.479965405158,37.8082839877504,12.15));
#7498=CARTESIAN_POINT('',(-2.479965405158,40.0116652202599,12.15));
#7499=CARTESIAN_POINT('Origin',(-2.39171581082261,40.0116652202599,12.15));
#7500=CARTESIAN_POINT('',(-2.3034662164872,40.0116652202599,12.15));
#7501=CARTESIAN_POINT('',(-10.3458579054113,40.0116652202599,12.15));
#7502=CARTESIAN_POINT('',(-2.3034662164872,40.0116652202599,12.15));
#7503=CARTESIAN_POINT('Ctrl Pts',(-2.2392846933342,40.1364626263908,12.15));
#7504=CARTESIAN_POINT('Ctrl Pts',(-2.2392846933342,40.1364626263908,12.162));
#7505=CARTESIAN_POINT('Ctrl Pts',(-2.2499816138597,40.1070460949456,12.15));
#7506=CARTESIAN_POINT('Ctrl Pts',(-2.2499816138597,40.1070460949456,12.162));
#7507=CARTESIAN_POINT('Ctrl Pts',(-2.2892036557865,40.0339504713547,12.15));
#7508=CARTESIAN_POINT('Ctrl Pts',(-2.2892036557865,40.0339504713547,12.162));
#7509=CARTESIAN_POINT('Ctrl Pts',(-2.3034662164872,40.0116652202599,12.15));
#7510=CARTESIAN_POINT('Ctrl Pts',(-2.3034662164872,40.0116652202599,12.162));
#7511=CARTESIAN_POINT('',(-2.2392846933342,40.1364626263908,12.15));
#7512=CARTESIAN_POINT('Ctrl Pts',(-2.2392846933342,40.1364626263908,12.15));
#7513=CARTESIAN_POINT('Ctrl Pts',(-2.2499816138597,40.1070460949456,12.15));
#7514=CARTESIAN_POINT('Ctrl Pts',(-2.2892036557865,40.0339504713547,12.15));
#7515=CARTESIAN_POINT('Ctrl Pts',(-2.3034662164872,40.0116652202599,12.15));
#7516=CARTESIAN_POINT('',(-2.2392846933342,40.1364626263908,12.15));
#7517=CARTESIAN_POINT('Ctrl Pts',(-2.2089767518452,40.2995906644047,12.15));
#7518=CARTESIAN_POINT('Ctrl Pts',(-2.2089767518452,40.2995906644047,12.162));
#7519=CARTESIAN_POINT('Ctrl Pts',(-2.2089767518452,40.2550201622151,12.15));
#7520=CARTESIAN_POINT('Ctrl Pts',(-2.2089767518452,40.2550201622151,12.162));
#7521=CARTESIAN_POINT('Ctrl Pts',(-2.22502213263351,40.1739018482301,12.15));
#7522=CARTESIAN_POINT('Ctrl Pts',(-2.22502213263351,40.1739018482301,12.162));
#7523=CARTESIAN_POINT('Ctrl Pts',(-2.2392846933342,40.1364626263908,12.15));
#7524=CARTESIAN_POINT('Ctrl Pts',(-2.2392846933342,40.1364626263908,12.162));
#7525=CARTESIAN_POINT('',(-2.2089767518452,40.2995906644047,12.15));
#7526=CARTESIAN_POINT('Ctrl Pts',(-2.2089767518452,40.2995906644047,12.15));
#7527=CARTESIAN_POINT('Ctrl Pts',(-2.2089767518452,40.2550201622151,12.15));
#7528=CARTESIAN_POINT('Ctrl Pts',(-2.22502213263351,40.1739018482301,12.15));
#7529=CARTESIAN_POINT('Ctrl Pts',(-2.2392846933342,40.1364626263908,12.15));
#7530=CARTESIAN_POINT('',(-2.2089767518452,40.2995906644047,12.15));
#7531=CARTESIAN_POINT('Ctrl Pts',(-2.3596250492461,40.6035614893379,12.15));
#7532=CARTESIAN_POINT('Ctrl Pts',(-2.3596250492461,40.6035614893379,12.162));
#7533=CARTESIAN_POINT('Ctrl Pts',(-2.28742083569891,40.5500768867103,12.15));
#7534=CARTESIAN_POINT('Ctrl Pts',(-2.28742083569891,40.5500768867103,12.162));
#7535=CARTESIAN_POINT('Ctrl Pts',(-2.2089767518452,40.3922973089591,12.15));
#7536=CARTESIAN_POINT('Ctrl Pts',(-2.2089767518452,40.3922973089591,12.162));
#7537=CARTESIAN_POINT('Ctrl Pts',(-2.2089767518452,40.2995906644047,12.15));
#7538=CARTESIAN_POINT('Ctrl Pts',(-2.2089767518452,40.2995906644047,12.162));
#7539=CARTESIAN_POINT('',(-2.3596250492461,40.6035614893379,12.15));
#7540=CARTESIAN_POINT('Ctrl Pts',(-2.3596250492461,40.6035614893379,12.15));
#7541=CARTESIAN_POINT('Ctrl Pts',(-2.28742083569891,40.5500768867103,12.15));
#7542=CARTESIAN_POINT('Ctrl Pts',(-2.2089767518452,40.3922973089591,12.15));
#7543=CARTESIAN_POINT('Ctrl Pts',(-2.2089767518452,40.2995906644047,12.15));
#7544=CARTESIAN_POINT('',(-2.3596250492461,40.6035614893379,12.15));
#7545=CARTESIAN_POINT('Ctrl Pts',(-2.77769635978461,40.7185533849871,12.15));
#7546=CARTESIAN_POINT('Ctrl Pts',(-2.77769635978461,40.7185533849871,12.162));
#7547=CARTESIAN_POINT('Ctrl Pts',(-2.6448762632596,40.7185533849871,12.15));
#7548=CARTESIAN_POINT('Ctrl Pts',(-2.6448762632596,40.7185533849871,12.162));
#7549=CARTESIAN_POINT('Ctrl Pts',(-2.4345034929246,40.658828912053,12.15));
#7550=CARTESIAN_POINT('Ctrl Pts',(-2.4345034929246,40.658828912053,12.162));
#7551=CARTESIAN_POINT('Ctrl Pts',(-2.3596250492461,40.6035614893379,12.15));
#7552=CARTESIAN_POINT('Ctrl Pts',(-2.3596250492461,40.6035614893379,12.162));
#7553=CARTESIAN_POINT('',(-2.77769635978461,40.7185533849871,12.15));
#7554=CARTESIAN_POINT('Ctrl Pts',(-2.77769635978461,40.7185533849871,12.15));
#7555=CARTESIAN_POINT('Ctrl Pts',(-2.6448762632596,40.7185533849871,12.15));
#7556=CARTESIAN_POINT('Ctrl Pts',(-2.4345034929246,40.658828912053,12.15));
#7557=CARTESIAN_POINT('Ctrl Pts',(-2.3596250492461,40.6035614893379,12.15));
#7558=CARTESIAN_POINT('',(-2.77769635978461,40.7185533849871,12.15));
#7559=CARTESIAN_POINT('Ctrl Pts',(-3.2064645908487,40.6035614893379,12.15));
#7560=CARTESIAN_POINT('Ctrl Pts',(-3.2064645908487,40.6035614893379,12.162));
#7561=CARTESIAN_POINT('Ctrl Pts',(-3.1333689672577,40.6597203220968,12.15));
#7562=CARTESIAN_POINT('Ctrl Pts',(-3.1333689672577,40.6597203220968,12.162));
#7563=CARTESIAN_POINT('Ctrl Pts',(-2.91764773666001,40.7185533849871,12.15));
#7564=CARTESIAN_POINT('Ctrl Pts',(-2.91764773666001,40.7185533849871,12.162));
#7565=CARTESIAN_POINT('Ctrl Pts',(-2.77769635978461,40.7185533849871,12.15));
#7566=CARTESIAN_POINT('Ctrl Pts',(-2.77769635978461,40.7185533849871,12.162));
#7567=CARTESIAN_POINT('Ctrl Pts',(-3.2064645908487,40.6035614893379,12.15));
#7568=CARTESIAN_POINT('Ctrl Pts',(-3.1333689672577,40.6597203220968,12.15));
#7569=CARTESIAN_POINT('Ctrl Pts',(-2.91764773666001,40.7185533849871,12.15));
#7570=CARTESIAN_POINT('Ctrl Pts',(-2.77769635978461,40.7185533849871,12.15));
#7571=CARTESIAN_POINT('Ctrl Pts',(-2.77769635978461,38.4811141750687,12.15));
#7572=CARTESIAN_POINT('Ctrl Pts',(-2.77769635978461,38.4811141750687,12.162));
#7573=CARTESIAN_POINT('Ctrl Pts',(-2.6511161335661,38.4811141750687,12.15));
#7574=CARTESIAN_POINT('Ctrl Pts',(-2.6511161335661,38.4811141750687,12.162));
#7575=CARTESIAN_POINT('Ctrl Pts',(-2.47194271476391,38.5488613383969,12.15));
#7576=CARTESIAN_POINT('Ctrl Pts',(-2.47194271476391,38.5488613383969,12.162));
#7577=CARTESIAN_POINT('Ctrl Pts',(-2.4211323422678,38.6148256816376,12.15));
#7578=CARTESIAN_POINT('Ctrl Pts',(-2.4211323422678,38.6148256816376,12.162));
#7579=CARTESIAN_POINT('',(-2.77769635978461,38.4811141750687,12.15));
#7580=CARTESIAN_POINT('',(-2.4211323422678,38.6148256816376,12.15));
#7581=CARTESIAN_POINT('Ctrl Pts',(-2.77769635978461,38.4811141750687,12.15));
#7582=CARTESIAN_POINT('Ctrl Pts',(-2.6511161335661,38.4811141750687,12.15));
#7583=CARTESIAN_POINT('Ctrl Pts',(-2.47194271476391,38.5488613383969,12.15));
#7584=CARTESIAN_POINT('Ctrl Pts',(-2.4211323422678,38.6148256816376,12.15));
#7585=CARTESIAN_POINT('',(-2.77769635978461,38.4811141750687,12.16));
#7586=CARTESIAN_POINT('',(-2.77769635978461,38.4811141750687,12.15));
#7587=CARTESIAN_POINT('',(-2.4211323422678,38.6148256816376,12.16));
#7588=CARTESIAN_POINT('Ctrl Pts',(-2.4211323422678,38.6148256816376,12.16));
#7589=CARTESIAN_POINT('Ctrl Pts',(-2.47194271476391,38.5488613383969,12.16));
#7590=CARTESIAN_POINT('Ctrl Pts',(-2.6511161335661,38.4811141750687,12.16));
#7591=CARTESIAN_POINT('Ctrl Pts',(-2.77769635978461,38.4811141750687,12.16));
#7592=CARTESIAN_POINT('',(-2.4211323422678,38.6148256816376,12.15));
#7593=CARTESIAN_POINT('Ctrl Pts',(-2.4211323422678,38.6148256816376,12.15));
#7594=CARTESIAN_POINT('Ctrl Pts',(-2.4211323422678,38.6148256816376,12.162));
#7595=CARTESIAN_POINT('Ctrl Pts',(-2.3863673505599,38.6611790039147,12.15));
#7596=CARTESIAN_POINT('Ctrl Pts',(-2.3863673505599,38.6611790039147,12.162));
#7597=CARTESIAN_POINT('Ctrl Pts',(-2.3551679990271,38.7681482091698,12.15));
#7598=CARTESIAN_POINT('Ctrl Pts',(-2.3551679990271,38.7681482091698,12.162));
#7599=CARTESIAN_POINT('Ctrl Pts',(-2.3551679990271,38.8474837030673,12.15));
#7600=CARTESIAN_POINT('Ctrl Pts',(-2.3551679990271,38.8474837030673,12.162));
#7601=CARTESIAN_POINT('',(-2.3551679990271,38.8474837030673,12.15));
#7602=CARTESIAN_POINT('Ctrl Pts',(-2.4211323422678,38.6148256816376,12.15));
#7603=CARTESIAN_POINT('Ctrl Pts',(-2.3863673505599,38.6611790039147,12.15));
#7604=CARTESIAN_POINT('Ctrl Pts',(-2.3551679990271,38.7681482091698,12.15));
#7605=CARTESIAN_POINT('Ctrl Pts',(-2.3551679990271,38.8474837030673,12.15));
#7606=CARTESIAN_POINT('',(-2.3551679990271,38.8474837030673,12.16));
#7607=CARTESIAN_POINT('Ctrl Pts',(-2.3551679990271,38.8474837030673,12.16));
#7608=CARTESIAN_POINT('Ctrl Pts',(-2.3551679990271,38.7681482091698,12.16));
#7609=CARTESIAN_POINT('Ctrl Pts',(-2.3863673505599,38.6611790039147,12.16));
#7610=CARTESIAN_POINT('Ctrl Pts',(-2.4211323422678,38.6148256816376,12.16));
#7611=CARTESIAN_POINT('',(-2.3551679990271,38.8474837030673,12.15));
#7612=CARTESIAN_POINT('Origin',(-2.3551679990271,38.8920542052569,12.15));
#7613=CARTESIAN_POINT('',(-2.3551679990271,38.9366247074465,12.15));
#7614=CARTESIAN_POINT('',(-2.3551679990271,37.2460271026285,12.15));
#7615=CARTESIAN_POINT('',(-2.3551679990271,38.9366247074465,12.16));
#7616=CARTESIAN_POINT('',(-2.3551679990271,37.2460271026285,12.16));
#7617=CARTESIAN_POINT('',(-2.3551679990271,38.9366247074465,12.15));
#7618=CARTESIAN_POINT('Origin',(-2.7785877698284,38.9366247074465,12.15));
#7619=CARTESIAN_POINT('',(-3.20200754062971,38.9366247074465,12.15));
#7620=CARTESIAN_POINT('',(-10.5392938849142,38.9366247074465,12.15));
#7621=CARTESIAN_POINT('',(-3.20200754062971,38.9366247074465,12.16));
#7622=CARTESIAN_POINT('',(-10.5392938849142,38.9366247074465,12.16));
#7623=CARTESIAN_POINT('',(-3.20200754062971,38.9366247074465,12.15));
#7624=CARTESIAN_POINT('Origin',(-3.20200754062971,38.8920542052569,12.15));
#7625=CARTESIAN_POINT('',(-3.20200754062971,38.8474837030673,12.15));
#7626=CARTESIAN_POINT('',(-3.20200754062971,37.2460271026285,12.15));
#7627=CARTESIAN_POINT('',(-3.20200754062971,38.8474837030673,12.16));
#7628=CARTESIAN_POINT('',(-3.20200754062971,37.2460271026285,12.16));
#7629=CARTESIAN_POINT('',(-3.20200754062971,38.8474837030673,12.15));
#7630=CARTESIAN_POINT('Ctrl Pts',(-3.20200754062971,38.8474837030673,12.15));
#7631=CARTESIAN_POINT('Ctrl Pts',(-3.20200754062971,38.8474837030673,12.162));
#7632=CARTESIAN_POINT('Ctrl Pts',(-3.20200754062971,38.7690396192136,12.15));
#7633=CARTESIAN_POINT('Ctrl Pts',(-3.20200754062971,38.7690396192136,12.162));
#7634=CARTESIAN_POINT('Ctrl Pts',(-3.170808189097,38.6522649034768,12.15));
#7635=CARTESIAN_POINT('Ctrl Pts',(-3.170808189097,38.6522649034768,12.162));
#7636=CARTESIAN_POINT('Ctrl Pts',(-3.12891191703871,38.6032373510683,12.15));
#7637=CARTESIAN_POINT('Ctrl Pts',(-3.12891191703871,38.6032373510683,12.162));
#7638=CARTESIAN_POINT('',(-3.12891191703871,38.6032373510683,12.15));
#7639=CARTESIAN_POINT('Ctrl Pts',(-3.20200754062971,38.8474837030673,12.15));
#7640=CARTESIAN_POINT('Ctrl Pts',(-3.20200754062971,38.7690396192136,12.15));
#7641=CARTESIAN_POINT('Ctrl Pts',(-3.170808189097,38.6522649034768,12.15));
#7642=CARTESIAN_POINT('Ctrl Pts',(-3.12891191703871,38.6032373510683,12.15));
#7643=CARTESIAN_POINT('',(-3.12891191703871,38.6032373510683,12.16));
#7644=CARTESIAN_POINT('Ctrl Pts',(-3.12891191703871,38.6032373510683,12.16));
#7645=CARTESIAN_POINT('Ctrl Pts',(-3.170808189097,38.6522649034768,12.16));
#7646=CARTESIAN_POINT('Ctrl Pts',(-3.20200754062971,38.7690396192136,12.16));
#7647=CARTESIAN_POINT('Ctrl Pts',(-3.20200754062971,38.8474837030673,12.16));
#7648=CARTESIAN_POINT('',(-3.12891191703871,38.6032373510683,12.15));
#7649=CARTESIAN_POINT('Ctrl Pts',(-3.12891191703871,38.6032373510683,12.15));
#7650=CARTESIAN_POINT('Ctrl Pts',(-3.12891191703871,38.6032373510683,12.162));
#7651=CARTESIAN_POINT('Ctrl Pts',(-3.07721013449881,38.5426214680904,12.15));
#7652=CARTESIAN_POINT('Ctrl Pts',(-3.07721013449881,38.5426214680904,12.162));
#7653=CARTESIAN_POINT('Ctrl Pts',(-2.9060594060907,38.4811141750687,12.15));
#7654=CARTESIAN_POINT('Ctrl Pts',(-2.9060594060907,38.4811141750687,12.162));
#7655=CARTESIAN_POINT('Ctrl Pts',(-2.77769635978461,38.4811141750687,12.15));
#7656=CARTESIAN_POINT('Ctrl Pts',(-2.77769635978461,38.4811141750687,12.162));
#7657=CARTESIAN_POINT('Ctrl Pts',(-3.12891191703871,38.6032373510683,12.15));
#7658=CARTESIAN_POINT('Ctrl Pts',(-3.07721013449881,38.5426214680904,12.15));
#7659=CARTESIAN_POINT('Ctrl Pts',(-2.9060594060907,38.4811141750687,12.15));
#7660=CARTESIAN_POINT('Ctrl Pts',(-2.77769635978461,38.4811141750687,12.15));
#7661=CARTESIAN_POINT('Ctrl Pts',(-2.77769635978461,38.4811141750687,12.16));
#7662=CARTESIAN_POINT('Ctrl Pts',(-2.9060594060907,38.4811141750687,12.16));
#7663=CARTESIAN_POINT('Ctrl Pts',(-3.07721013449881,38.5426214680904,12.16));
#7664=CARTESIAN_POINT('Ctrl Pts',(-3.12891191703871,38.6032373510683,12.16));
#7665=CARTESIAN_POINT('Origin',(-18.3,35.6,12.16));
#7666=CARTESIAN_POINT('',(-2.7794791798722,38.359882409113,12.16));
#7667=CARTESIAN_POINT('',(-3.2403381725128,38.5390558279152,12.16));
#7668=CARTESIAN_POINT('Ctrl Pts',(-2.7794791798722,38.359882409113,12.16));
#7669=CARTESIAN_POINT('Ctrl Pts',(-2.9301274772731,38.359882409113,12.16));
#7670=CARTESIAN_POINT('Ctrl Pts',(-3.17259100918461,38.4570461038863,12.16));
#7671=CARTESIAN_POINT('Ctrl Pts',(-3.2403381725128,38.5390558279152,12.16));
#7672=CARTESIAN_POINT('',(-2.3159459571003,38.5381644178714,12.16));
#7673=CARTESIAN_POINT('Ctrl Pts',(-2.3159459571003,38.5381644178714,12.16));
#7674=CARTESIAN_POINT('Ctrl Pts',(-2.3863673505599,38.4534804637112,12.16));
#7675=CARTESIAN_POINT('Ctrl Pts',(-2.61902537198961,38.359882409113,12.16));
#7676=CARTESIAN_POINT('Ctrl Pts',(-2.7794791798722,38.359882409113,12.16));
#7677=CARTESIAN_POINT('',(-2.22858777280871,38.8528321633301,12.16));
#7678=CARTESIAN_POINT('Ctrl Pts',(-2.22858777280871,38.8528321633301,12.16));
#7679=CARTESIAN_POINT('Ctrl Pts',(-2.22858777280871,38.7289261672429,12.16));
#7680=CARTESIAN_POINT('Ctrl Pts',(-2.27494109508581,38.5880833803238,12.16));
#7681=CARTESIAN_POINT('Ctrl Pts',(-2.3159459571003,38.5381644178714,12.16));
#7682=CARTESIAN_POINT('',(-2.22858777280871,39.0533994231833,12.16));
#7683=CARTESIAN_POINT('',(-2.22858777280871,39.0533994231833,12.16));
#7684=CARTESIAN_POINT('',(-3.32858776684821,39.0533994231833,12.16));
#7685=CARTESIAN_POINT('',(-3.32858776684821,39.0533994231833,12.16));
#7686=CARTESIAN_POINT('',(-3.32858776684821,38.8510493432425,12.16));
#7687=CARTESIAN_POINT('',(-3.32858776684821,38.8510493432425,12.16));
#7688=CARTESIAN_POINT('Ctrl Pts',(-3.2403381725128,38.5390558279152,12.16));
#7689=CARTESIAN_POINT('Ctrl Pts',(-3.2929313650965,38.6059115811996,12.16));
#7690=CARTESIAN_POINT('Ctrl Pts',(-3.32858776684821,38.7440801379874,12.16));
#7691=CARTESIAN_POINT('Ctrl Pts',(-3.32858776684821,38.8510493432425,12.16));
#7692=CARTESIAN_POINT('Ctrl Pts',(-2.7794791798722,38.359882409113,12.15));
#7693=CARTESIAN_POINT('Ctrl Pts',(-2.7794791798722,38.359882409113,12.162));
#7694=CARTESIAN_POINT('Ctrl Pts',(-2.9301274772731,38.359882409113,12.15));
#7695=CARTESIAN_POINT('Ctrl Pts',(-2.9301274772731,38.359882409113,12.162));
#7696=CARTESIAN_POINT('Ctrl Pts',(-3.17259100918461,38.4570461038863,12.15));
#7697=CARTESIAN_POINT('Ctrl Pts',(-3.17259100918461,38.4570461038863,12.162));
#7698=CARTESIAN_POINT('Ctrl Pts',(-3.2403381725128,38.5390558279152,12.15));
#7699=CARTESIAN_POINT('Ctrl Pts',(-3.2403381725128,38.5390558279152,12.162));
#7700=CARTESIAN_POINT('',(-2.7794791798722,38.359882409113,12.15));
#7701=CARTESIAN_POINT('',(-3.2403381725128,38.5390558279152,12.15));
#7702=CARTESIAN_POINT('Ctrl Pts',(-2.7794791798722,38.359882409113,12.15));
#7703=CARTESIAN_POINT('Ctrl Pts',(-2.9301274772731,38.359882409113,12.15));
#7704=CARTESIAN_POINT('Ctrl Pts',(-3.17259100918461,38.4570461038863,12.15));
#7705=CARTESIAN_POINT('Ctrl Pts',(-3.2403381725128,38.5390558279152,12.15));
#7706=CARTESIAN_POINT('',(-2.7794791798722,38.359882409113,12.15));
#7707=CARTESIAN_POINT('',(-3.2403381725128,38.5390558279152,12.15));
#7708=CARTESIAN_POINT('Ctrl Pts',(-2.3159459571003,38.5381644178714,12.15));
#7709=CARTESIAN_POINT('Ctrl Pts',(-2.3159459571003,38.5381644178714,12.162));
#7710=CARTESIAN_POINT('Ctrl Pts',(-2.3863673505599,38.4534804637112,12.15));
#7711=CARTESIAN_POINT('Ctrl Pts',(-2.3863673505599,38.4534804637112,12.162));
#7712=CARTESIAN_POINT('Ctrl Pts',(-2.61902537198961,38.359882409113,12.15));
#7713=CARTESIAN_POINT('Ctrl Pts',(-2.61902537198961,38.359882409113,12.162));
#7714=CARTESIAN_POINT('Ctrl Pts',(-2.7794791798722,38.359882409113,12.15));
#7715=CARTESIAN_POINT('Ctrl Pts',(-2.7794791798722,38.359882409113,12.162));
#7716=CARTESIAN_POINT('',(-2.3159459571003,38.5381644178714,12.15));
#7717=CARTESIAN_POINT('Ctrl Pts',(-2.3159459571003,38.5381644178714,12.15));
#7718=CARTESIAN_POINT('Ctrl Pts',(-2.3863673505599,38.4534804637112,12.15));
#7719=CARTESIAN_POINT('Ctrl Pts',(-2.61902537198961,38.359882409113,12.15));
#7720=CARTESIAN_POINT('Ctrl Pts',(-2.7794791798722,38.359882409113,12.15));
#7721=CARTESIAN_POINT('',(-2.3159459571003,38.5381644178714,12.15));
#7722=CARTESIAN_POINT('Ctrl Pts',(-2.22858777280871,38.8528321633301,12.15));
#7723=CARTESIAN_POINT('Ctrl Pts',(-2.22858777280871,38.8528321633301,12.162));
#7724=CARTESIAN_POINT('Ctrl Pts',(-2.22858777280871,38.7289261672429,12.15));
#7725=CARTESIAN_POINT('Ctrl Pts',(-2.22858777280871,38.7289261672429,12.162));
#7726=CARTESIAN_POINT('Ctrl Pts',(-2.27494109508581,38.5880833803238,12.15));
#7727=CARTESIAN_POINT('Ctrl Pts',(-2.27494109508581,38.5880833803238,12.162));
#7728=CARTESIAN_POINT('Ctrl Pts',(-2.3159459571003,38.5381644178714,12.15));
#7729=CARTESIAN_POINT('Ctrl Pts',(-2.3159459571003,38.5381644178714,12.162));
#7730=CARTESIAN_POINT('',(-2.22858777280871,38.8528321633301,12.15));
#7731=CARTESIAN_POINT('Ctrl Pts',(-2.22858777280871,38.8528321633301,12.15));
#7732=CARTESIAN_POINT('Ctrl Pts',(-2.22858777280871,38.7289261672429,12.15));
#7733=CARTESIAN_POINT('Ctrl Pts',(-2.27494109508581,38.5880833803238,12.15));
#7734=CARTESIAN_POINT('Ctrl Pts',(-2.3159459571003,38.5381644178714,12.15));
#7735=CARTESIAN_POINT('',(-2.22858777280871,38.8528321633301,12.15));
#7736=CARTESIAN_POINT('Origin',(-2.22858777280871,38.9531157932567,12.15));
#7737=CARTESIAN_POINT('',(-2.22858777280871,39.0533994231833,12.15));
#7738=CARTESIAN_POINT('',(-2.22858777280871,37.2765578966283,12.15));
#7739=CARTESIAN_POINT('',(-2.22858777280871,39.0533994231833,12.15));
#7740=CARTESIAN_POINT('Origin',(-2.7785877698284,39.0533994231833,12.15));
#7741=CARTESIAN_POINT('',(-3.32858776684821,39.0533994231833,12.15));
#7742=CARTESIAN_POINT('',(-10.5392938849142,39.0533994231833,12.15));
#7743=CARTESIAN_POINT('',(-3.32858776684821,39.0533994231833,12.15));
#7744=CARTESIAN_POINT('Origin',(-3.32858776684821,38.9522243832129,12.15));
#7745=CARTESIAN_POINT('',(-3.32858776684821,38.8510493432425,12.15));
#7746=CARTESIAN_POINT('',(-3.32858776684821,37.2761121916064,12.15));
#7747=CARTESIAN_POINT('',(-3.32858776684821,38.8510493432425,12.15));
#7748=CARTESIAN_POINT('Ctrl Pts',(-3.2403381725128,38.5390558279152,12.15));
#7749=CARTESIAN_POINT('Ctrl Pts',(-3.2403381725128,38.5390558279152,12.162));
#7750=CARTESIAN_POINT('Ctrl Pts',(-3.2929313650965,38.6059115811996,12.15));
#7751=CARTESIAN_POINT('Ctrl Pts',(-3.2929313650965,38.6059115811996,12.162));
#7752=CARTESIAN_POINT('Ctrl Pts',(-3.32858776684821,38.7440801379874,12.15));
#7753=CARTESIAN_POINT('Ctrl Pts',(-3.32858776684821,38.7440801379874,12.162));
#7754=CARTESIAN_POINT('Ctrl Pts',(-3.32858776684821,38.8510493432425,12.15));
#7755=CARTESIAN_POINT('Ctrl Pts',(-3.32858776684821,38.8510493432425,12.162));
#7756=CARTESIAN_POINT('Ctrl Pts',(-3.2403381725128,38.5390558279152,12.15));
#7757=CARTESIAN_POINT('Ctrl Pts',(-3.2929313650965,38.6059115811996,12.15));
#7758=CARTESIAN_POINT('Ctrl Pts',(-3.32858776684821,38.7440801379874,12.15));
#7759=CARTESIAN_POINT('Ctrl Pts',(-3.32858776684821,38.8510493432425,12.15));
#7760=CARTESIAN_POINT('Origin',(-18.3,35.6,12.16));
#7761=CARTESIAN_POINT('',(-2.22858777280871,37.2170947329714,12.16));
#7762=CARTESIAN_POINT('',(-3.32858776684821,37.519282737817,12.16));
#7763=CARTESIAN_POINT('',(-2.22858777280871,37.2170947329714,12.16));
#7764=CARTESIAN_POINT('',(-2.22858777280871,37.3365436788396,12.16));
#7765=CARTESIAN_POINT('',(-2.22858777280871,37.3365436788396,12.16));
#7766=CARTESIAN_POINT('',(-3.1422830676956,37.5798986207948,12.16));
#7767=CARTESIAN_POINT('',(-3.1422830676956,37.5798986207948,12.16));
#7768=CARTESIAN_POINT('',(-2.22858777280871,37.8232535627501,12.16));
#7769=CARTESIAN_POINT('',(-2.22858777280871,37.8232535627501,12.16));
#7770=CARTESIAN_POINT('',(-2.22858777280871,37.948050968881,12.16));
#7771=CARTESIAN_POINT('',(-2.22858777280871,37.948050968881,12.16));
#7772=CARTESIAN_POINT('',(-3.32858776684821,37.6458629640355,12.16));
#7773=CARTESIAN_POINT('',(-3.32858776684821,37.6458629640355,12.16));
#7774=CARTESIAN_POINT('',(-3.32858776684821,37.519282737817,12.16));
#7775=CARTESIAN_POINT('Origin',(-2.7785877698284,37.3681887353942,12.15));
#7776=CARTESIAN_POINT('',(-2.22858777280871,37.2170947329714,12.15));
#7777=CARTESIAN_POINT('',(-3.32858776684821,37.519282737817,12.15));
#7778=CARTESIAN_POINT('',(-9.76886860086063,39.2885333072904,12.15));
#7779=CARTESIAN_POINT('',(-2.22858777280871,37.2170947329714,12.15));
#7780=CARTESIAN_POINT('',(-3.32858776684821,37.519282737817,12.15));
#7781=CARTESIAN_POINT('Origin',(-2.22858777280871,37.2768192059055,12.15));
#7782=CARTESIAN_POINT('',(-2.22858777280871,37.3365436788396,12.15));
#7783=CARTESIAN_POINT('',(-2.22858777280871,36.4384096029528,12.15));
#7784=CARTESIAN_POINT('',(-2.22858777280871,37.3365436788396,12.15));
#7785=CARTESIAN_POINT('Origin',(-2.6854354202521,37.4582211498172,12.15));
#7786=CARTESIAN_POINT('',(-3.1422830676956,37.5798986207948,12.15));
#7787=CARTESIAN_POINT('',(-9.74450252499958,39.3383434128378,12.15));
#7788=CARTESIAN_POINT('',(-3.1422830676956,37.5798986207948,12.15));
#7789=CARTESIAN_POINT('Origin',(-2.6854354202521,37.7015760917725,12.15));
#7790=CARTESIAN_POINT('',(-2.22858777280871,37.8232535627501,12.15));
#7791=CARTESIAN_POINT('',(-10.236901904608,35.6903074574026,12.15));
#7792=CARTESIAN_POINT('',(-2.22858777280871,37.8232535627501,12.15));
#7793=CARTESIAN_POINT('Origin',(-2.22858777280871,37.8856522658156,12.15));
#7794=CARTESIAN_POINT('',(-2.22858777280871,37.948050968881,12.15));
#7795=CARTESIAN_POINT('',(-2.22858777280871,36.7428261329078,12.15));
#7796=CARTESIAN_POINT('',(-2.22858777280871,37.948050968881,12.15));
#7797=CARTESIAN_POINT('Origin',(-2.7785877698284,37.7969569664582,12.15));
#7798=CARTESIAN_POINT('',(-3.32858776684821,37.6458629640355,12.15));
#7799=CARTESIAN_POINT('',(-10.2752943309872,35.7374889565451,12.15));
#7800=CARTESIAN_POINT('',(-3.32858776684821,37.6458629640355,12.15));
#7801=CARTESIAN_POINT('Origin',(-3.32858776684821,37.5825728509262,12.15));
#7802=CARTESIAN_POINT('',(-3.32858776684821,36.5912864254631,12.15));
#7803=CARTESIAN_POINT('Origin',(-18.3,35.6,12.16));
#7804=CARTESIAN_POINT('',(-3.34819878781161,36.0618273162168,12.16));
#7805=CARTESIAN_POINT('',(-3.2037903607173,36.3452957101427,12.16));
#7806=CARTESIAN_POINT('Ctrl Pts',(-3.34819878781161,36.0618273162168,12.16));
#7807=CARTESIAN_POINT('Ctrl Pts',(-3.34819878781161,36.1482940904646,12.16));
#7808=CARTESIAN_POINT('Ctrl Pts',(-3.2759945742645,36.292702517559,12.16));
#7809=CARTESIAN_POINT('Ctrl Pts',(-3.2037903607173,36.3452957101427,12.16));
#7810=CARTESIAN_POINT('',(-3.31610802623511,35.9058305585531,12.16));
#7811=CARTESIAN_POINT('Ctrl Pts',(-3.31610802623511,35.9058305585531,12.16));
#7812=CARTESIAN_POINT('Ctrl Pts',(-3.33215340702341,35.9441611904362,12.16));
#7813=CARTESIAN_POINT('Ctrl Pts',(-3.34819878781161,36.0101255336768,12.16));
#7814=CARTESIAN_POINT('Ctrl Pts',(-3.34819878781161,36.0618273162168,12.16));
#7815=CARTESIAN_POINT('',(-3.2537093231697,35.7890558428164,12.16));
#7816=CARTESIAN_POINT('Ctrl Pts',(-3.2537093231697,35.7890558428164,12.16));
#7817=CARTESIAN_POINT('Ctrl Pts',(-3.27064611400171,35.8175809642177,12.16));
#7818=CARTESIAN_POINT('Ctrl Pts',(-3.3018454655344,35.8692827467577,12.16));
#7819=CARTESIAN_POINT('Ctrl Pts',(-3.31610802623511,35.9058305585531,12.16));
#7820=CARTESIAN_POINT('',(-3.0789929545864,35.7890558428164,12.16));
#7821=CARTESIAN_POINT('',(-3.0789929545864,35.7890558428164,12.16));
#7822=CARTESIAN_POINT('',(-3.0789929545864,35.7979699432543,12.16));
#7823=CARTESIAN_POINT('',(-3.0789929545864,35.7979699432543,12.16));
#7824=CARTESIAN_POINT('',(-3.1672425489218,35.8915679978525,12.16));
#7825=CARTESIAN_POINT('Ctrl Pts',(-3.1672425489218,35.8915679978525,12.16));
#7826=CARTESIAN_POINT('Ctrl Pts',(-3.14406588778321,35.8585858262322,12.16));
#7827=CARTESIAN_POINT('Ctrl Pts',(-3.0959297454184,35.8113410939112,12.16));
#7828=CARTESIAN_POINT('Ctrl Pts',(-3.0789929545864,35.7979699432543,12.16));
#7829=CARTESIAN_POINT('',(-3.2216185615931,36.0618273162168,12.16));
#7830=CARTESIAN_POINT('Ctrl Pts',(-3.2216185615931,36.0618273162168,12.16));
#7831=CARTESIAN_POINT('Ctrl Pts',(-3.2216185615931,36.0110169437206,12.16));
#7832=CARTESIAN_POINT('Ctrl Pts',(-3.1904192100604,35.9245501694728,12.16));
#7833=CARTESIAN_POINT('Ctrl Pts',(-3.1672425489218,35.8915679978525,12.16));
#7834=CARTESIAN_POINT('',(-3.11197512620671,36.2534804756321,12.16));
#7835=CARTESIAN_POINT('Ctrl Pts',(-3.11197512620671,36.2534804756321,12.16));
#7836=CARTESIAN_POINT('Ctrl Pts',(-3.16635113887801,36.2169326638366,12.16));
#7837=CARTESIAN_POINT('Ctrl Pts',(-3.2216185615931,36.1170947389319,12.16));
#7838=CARTESIAN_POINT('Ctrl Pts',(-3.2216185615931,36.0618273162168,12.16));
#7839=CARTESIAN_POINT('',(-2.7794791798722,36.3345987896172,12.16));
#7840=CARTESIAN_POINT('Ctrl Pts',(-2.7794791798722,36.3345987896172,12.16));
#7841=CARTESIAN_POINT('Ctrl Pts',(-2.89268825543381,36.3345987896172,12.16));
#7842=CARTESIAN_POINT('Ctrl Pts',(-3.0558162934478,36.2909196974714,12.16));
#7843=CARTESIAN_POINT('Ctrl Pts',(-3.11197512620671,36.2534804756321,12.16));
#7844=CARTESIAN_POINT('',(-2.44698323353771,36.2561547057635,12.16));
#7845=CARTESIAN_POINT('Ctrl Pts',(-2.44698323353771,36.2561547057635,12.16));
#7846=CARTESIAN_POINT('Ctrl Pts',(-2.5031420662966,36.2935939276027,12.16));
#7847=CARTESIAN_POINT('Ctrl Pts',(-2.673401384661,36.3345987896172,12.16));
#7848=CARTESIAN_POINT('Ctrl Pts',(-2.7794791798722,36.3345987896172,12.16));
#7849=CARTESIAN_POINT('',(-2.33377415797611,36.0618273162168,12.16));
#7850=CARTESIAN_POINT('Ctrl Pts',(-2.33377415797611,36.0618273162168,12.16));
#7851=CARTESIAN_POINT('Ctrl Pts',(-2.33377415797611,36.1179861489757,12.16));
#7852=CARTESIAN_POINT('Ctrl Pts',(-2.39171581082261,36.2187154839242,12.16));
#7853=CARTESIAN_POINT('Ctrl Pts',(-2.44698323353771,36.2561547057635,12.16));
#7854=CARTESIAN_POINT('',(-2.3863673505599,35.8969164581152,12.16));
#7855=CARTESIAN_POINT('Ctrl Pts',(-2.3863673505599,35.8969164581152,12.16));
#7856=CARTESIAN_POINT('Ctrl Pts',(-2.36319068942131,35.9307900397793,12.16));
#7857=CARTESIAN_POINT('Ctrl Pts',(-2.33377415797611,36.0101255336768,12.16));
#7858=CARTESIAN_POINT('Ctrl Pts',(-2.33377415797611,36.0618273162168,12.16));
#7859=CARTESIAN_POINT('',(-2.47818258507051,35.7988613532981,12.16));
#7860=CARTESIAN_POINT('Ctrl Pts',(-2.47818258507051,35.7988613532981,12.16));
#7861=CARTESIAN_POINT('Ctrl Pts',(-2.4603543841946,35.8140153240426,12.16));
#7862=CARTESIAN_POINT('Ctrl Pts',(-2.41043542174231,35.8621514664073,12.16));
#7863=CARTESIAN_POINT('Ctrl Pts',(-2.3863673505599,35.8969164581152,12.16));
#7864=CARTESIAN_POINT('',(-2.47818258507051,35.7890558428164,12.16));
#7865=CARTESIAN_POINT('',(-2.47818258507051,35.7890558428164,12.16));
#7866=CARTESIAN_POINT('',(-2.3016833963996,35.7890558428164,12.16));
#7867=CARTESIAN_POINT('',(-2.3016833963996,35.7890558428164,12.16));
#7868=CARTESIAN_POINT('',(-2.2375018732466,35.9058305585531,12.16));
#7869=CARTESIAN_POINT('Ctrl Pts',(-2.2375018732466,35.9058305585531,12.16));
#7870=CARTESIAN_POINT('Ctrl Pts',(-2.24522742695947,35.8868138109523,12.16));
#7871=CARTESIAN_POINT('Ctrl Pts',(-2.25458723241929,35.8673513583295,12.16));
#7872=CARTESIAN_POINT('Ctrl Pts',(-2.26558128962605,35.8474432006848,12.16));
#7873=CARTESIAN_POINT('Ctrl Pts',(-2.27657534683282,35.8275350430401,12.16));
#7874=CARTESIAN_POINT('Ctrl Pts',(-2.288609382424,35.8080725904173,12.16));
#7875=CARTESIAN_POINT('Ctrl Pts',(-2.3016833963996,35.7890558428164,12.16));
#7876=CARTESIAN_POINT('',(-2.2089767518452,36.0600444961292,12.16));
#7877=CARTESIAN_POINT('Ctrl Pts',(-2.2089767518452,36.0600444961292,12.16));
#7878=CARTESIAN_POINT('Ctrl Pts',(-2.2089767518452,36.0163654039834,12.16));
#7879=CARTESIAN_POINT('Ctrl Pts',(-2.22502213263351,35.9388127301735,12.16));
#7880=CARTESIAN_POINT('Ctrl Pts',(-2.2375018732466,35.9058305585531,12.16));
#7881=CARTESIAN_POINT('',(-2.36051645928991,36.3461871201865,12.16));
#7882=CARTESIAN_POINT('Ctrl Pts',(-2.36051645928991,36.3461871201865,12.16));
#7883=CARTESIAN_POINT('Ctrl Pts',(-2.28652942565521,36.2935939276027,12.16));
#7884=CARTESIAN_POINT('Ctrl Pts',(-2.2089767518452,36.1491855005084,12.16));
#7885=CARTESIAN_POINT('Ctrl Pts',(-2.2089767518452,36.0600444961292,12.16));
#7886=CARTESIAN_POINT('',(-2.7794791798722,36.4558305555729,12.16));
#7887=CARTESIAN_POINT('Ctrl Pts',(-2.7794791798722,36.4558305555729,12.16));
#7888=CARTESIAN_POINT('Ctrl Pts',(-2.64131062308441,36.4558305555729,12.16));
#7889=CARTESIAN_POINT('Ctrl Pts',(-2.4362863130122,36.399671722814,12.16));
#7890=CARTESIAN_POINT('Ctrl Pts',(-2.36051645928991,36.3461871201865,12.16));
#7891=CARTESIAN_POINT('Ctrl Pts',(-3.2037903607173,36.3452957101427,12.16));
#7892=CARTESIAN_POINT('Ctrl Pts',(-3.1324775572139,36.3978889027264,12.16));
#7893=CARTESIAN_POINT('Ctrl Pts',(-2.9185391467038,36.4558305555729,12.16));
#7894=CARTESIAN_POINT('Ctrl Pts',(-2.7794791798722,36.4558305555729,12.16));
#7895=CARTESIAN_POINT('Ctrl Pts',(-3.34819878781161,36.0618273162168,12.15));
#7896=CARTESIAN_POINT('Ctrl Pts',(-3.34819878781161,36.0618273162168,12.162));
#7897=CARTESIAN_POINT('Ctrl Pts',(-3.34819878781161,36.1482940904646,12.15));
#7898=CARTESIAN_POINT('Ctrl Pts',(-3.34819878781161,36.1482940904646,12.162));
#7899=CARTESIAN_POINT('Ctrl Pts',(-3.2759945742645,36.292702517559,12.15));
#7900=CARTESIAN_POINT('Ctrl Pts',(-3.2759945742645,36.292702517559,12.162));
#7901=CARTESIAN_POINT('Ctrl Pts',(-3.2037903607173,36.3452957101427,12.15));
#7902=CARTESIAN_POINT('Ctrl Pts',(-3.2037903607173,36.3452957101427,12.162));
#7903=CARTESIAN_POINT('',(-3.34819878781161,36.0618273162168,12.15));
#7904=CARTESIAN_POINT('',(-3.2037903607173,36.3452957101427,12.15));
#7905=CARTESIAN_POINT('Ctrl Pts',(-3.34819878781161,36.0618273162168,12.15));
#7906=CARTESIAN_POINT('Ctrl Pts',(-3.34819878781161,36.1482940904646,12.15));
#7907=CARTESIAN_POINT('Ctrl Pts',(-3.2759945742645,36.292702517559,12.15));
#7908=CARTESIAN_POINT('Ctrl Pts',(-3.2037903607173,36.3452957101427,12.15));
#7909=CARTESIAN_POINT('',(-3.34819878781161,36.0618273162168,12.15));
#7910=CARTESIAN_POINT('',(-3.2037903607173,36.3452957101427,12.15));
#7911=CARTESIAN_POINT('Ctrl Pts',(-3.31610802623511,35.9058305585531,12.15));
#7912=CARTESIAN_POINT('Ctrl Pts',(-3.31610802623511,35.9058305585531,12.162));
#7913=CARTESIAN_POINT('Ctrl Pts',(-3.33215340702341,35.9441611904362,12.15));
#7914=CARTESIAN_POINT('Ctrl Pts',(-3.33215340702341,35.9441611904362,12.162));
#7915=CARTESIAN_POINT('Ctrl Pts',(-3.34819878781161,36.0101255336768,12.15));
#7916=CARTESIAN_POINT('Ctrl Pts',(-3.34819878781161,36.0101255336768,12.162));
#7917=CARTESIAN_POINT('Ctrl Pts',(-3.34819878781161,36.0618273162168,12.15));
#7918=CARTESIAN_POINT('Ctrl Pts',(-3.34819878781161,36.0618273162168,12.162));
#7919=CARTESIAN_POINT('',(-3.31610802623511,35.9058305585531,12.15));
#7920=CARTESIAN_POINT('Ctrl Pts',(-3.31610802623511,35.9058305585531,12.15));
#7921=CARTESIAN_POINT('Ctrl Pts',(-3.33215340702341,35.9441611904362,12.15));
#7922=CARTESIAN_POINT('Ctrl Pts',(-3.34819878781161,36.0101255336768,12.15));
#7923=CARTESIAN_POINT('Ctrl Pts',(-3.34819878781161,36.0618273162168,12.15));
#7924=CARTESIAN_POINT('',(-3.31610802623511,35.9058305585531,12.15));
#7925=CARTESIAN_POINT('Ctrl Pts',(-3.2537093231697,35.7890558428164,12.15));
#7926=CARTESIAN_POINT('Ctrl Pts',(-3.2537093231697,35.7890558428164,12.162));
#7927=CARTESIAN_POINT('Ctrl Pts',(-3.27064611400171,35.8175809642177,12.15));
#7928=CARTESIAN_POINT('Ctrl Pts',(-3.27064611400171,35.8175809642177,12.162));
#7929=CARTESIAN_POINT('Ctrl Pts',(-3.3018454655344,35.8692827467577,12.15));
#7930=CARTESIAN_POINT('Ctrl Pts',(-3.3018454655344,35.8692827467577,12.162));
#7931=CARTESIAN_POINT('Ctrl Pts',(-3.31610802623511,35.9058305585531,12.15));
#7932=CARTESIAN_POINT('Ctrl Pts',(-3.31610802623511,35.9058305585531,12.162));
#7933=CARTESIAN_POINT('',(-3.2537093231697,35.7890558428164,12.15));
#7934=CARTESIAN_POINT('Ctrl Pts',(-3.2537093231697,35.7890558428164,12.15));
#7935=CARTESIAN_POINT('Ctrl Pts',(-3.27064611400171,35.8175809642177,12.15));
#7936=CARTESIAN_POINT('Ctrl Pts',(-3.3018454655344,35.8692827467577,12.15));
#7937=CARTESIAN_POINT('Ctrl Pts',(-3.31610802623511,35.9058305585531,12.15));
#7938=CARTESIAN_POINT('',(-3.2537093231697,35.7890558428164,12.15));
#7939=CARTESIAN_POINT('Origin',(-3.16635113887801,35.7890558428164,12.15));
#7940=CARTESIAN_POINT('',(-3.0789929545864,35.7890558428164,12.15));
#7941=CARTESIAN_POINT('',(-10.733175569439,35.7890558428164,12.15));
#7942=CARTESIAN_POINT('',(-3.0789929545864,35.7890558428164,12.15));
#7943=CARTESIAN_POINT('Origin',(-3.0789929545864,35.7935128930353,12.15));
#7944=CARTESIAN_POINT('',(-3.0789929545864,35.7979699432543,12.15));
#7945=CARTESIAN_POINT('',(-3.0789929545864,35.6967564465177,12.15));
#7946=CARTESIAN_POINT('',(-3.0789929545864,35.7979699432543,12.15));
#7947=CARTESIAN_POINT('Ctrl Pts',(-3.1672425489218,35.8915679978525,12.15));
#7948=CARTESIAN_POINT('Ctrl Pts',(-3.1672425489218,35.8915679978525,12.162));
#7949=CARTESIAN_POINT('Ctrl Pts',(-3.14406588778321,35.8585858262322,12.15));
#7950=CARTESIAN_POINT('Ctrl Pts',(-3.14406588778321,35.8585858262322,12.162));
#7951=CARTESIAN_POINT('Ctrl Pts',(-3.0959297454184,35.8113410939112,12.15));
#7952=CARTESIAN_POINT('Ctrl Pts',(-3.0959297454184,35.8113410939112,12.162));
#7953=CARTESIAN_POINT('Ctrl Pts',(-3.0789929545864,35.7979699432543,12.15));
#7954=CARTESIAN_POINT('Ctrl Pts',(-3.0789929545864,35.7979699432543,12.162));
#7955=CARTESIAN_POINT('',(-3.1672425489218,35.8915679978525,12.15));
#7956=CARTESIAN_POINT('Ctrl Pts',(-3.1672425489218,35.8915679978525,12.15));
#7957=CARTESIAN_POINT('Ctrl Pts',(-3.14406588778321,35.8585858262322,12.15));
#7958=CARTESIAN_POINT('Ctrl Pts',(-3.0959297454184,35.8113410939112,12.15));
#7959=CARTESIAN_POINT('Ctrl Pts',(-3.0789929545864,35.7979699432543,12.15));
#7960=CARTESIAN_POINT('',(-3.1672425489218,35.8915679978525,12.15));
#7961=CARTESIAN_POINT('Ctrl Pts',(-3.2216185615931,36.0618273162168,12.15));
#7962=CARTESIAN_POINT('Ctrl Pts',(-3.2216185615931,36.0618273162168,12.162));
#7963=CARTESIAN_POINT('Ctrl Pts',(-3.2216185615931,36.0110169437206,12.15));
#7964=CARTESIAN_POINT('Ctrl Pts',(-3.2216185615931,36.0110169437206,12.162));
#7965=CARTESIAN_POINT('Ctrl Pts',(-3.1904192100604,35.9245501694728,12.15));
#7966=CARTESIAN_POINT('Ctrl Pts',(-3.1904192100604,35.9245501694728,12.162));
#7967=CARTESIAN_POINT('Ctrl Pts',(-3.1672425489218,35.8915679978525,12.15));
#7968=CARTESIAN_POINT('Ctrl Pts',(-3.1672425489218,35.8915679978525,12.162));
#7969=CARTESIAN_POINT('',(-3.2216185615931,36.0618273162168,12.15));
#7970=CARTESIAN_POINT('Ctrl Pts',(-3.2216185615931,36.0618273162168,12.15));
#7971=CARTESIAN_POINT('Ctrl Pts',(-3.2216185615931,36.0110169437206,12.15));
#7972=CARTESIAN_POINT('Ctrl Pts',(-3.1904192100604,35.9245501694728,12.15));
#7973=CARTESIAN_POINT('Ctrl Pts',(-3.1672425489218,35.8915679978525,12.15));
#7974=CARTESIAN_POINT('',(-3.2216185615931,36.0618273162168,12.15));
#7975=CARTESIAN_POINT('Ctrl Pts',(-3.11197512620671,36.2534804756321,12.15));
#7976=CARTESIAN_POINT('Ctrl Pts',(-3.11197512620671,36.2534804756321,12.162));
#7977=CARTESIAN_POINT('Ctrl Pts',(-3.16635113887801,36.2169326638366,12.15));
#7978=CARTESIAN_POINT('Ctrl Pts',(-3.16635113887801,36.2169326638366,12.162));
#7979=CARTESIAN_POINT('Ctrl Pts',(-3.2216185615931,36.1170947389319,12.15));
#7980=CARTESIAN_POINT('Ctrl Pts',(-3.2216185615931,36.1170947389319,12.162));
#7981=CARTESIAN_POINT('Ctrl Pts',(-3.2216185615931,36.0618273162168,12.15));
#7982=CARTESIAN_POINT('Ctrl Pts',(-3.2216185615931,36.0618273162168,12.162));
#7983=CARTESIAN_POINT('',(-3.11197512620671,36.2534804756321,12.15));
#7984=CARTESIAN_POINT('Ctrl Pts',(-3.11197512620671,36.2534804756321,12.15));
#7985=CARTESIAN_POINT('Ctrl Pts',(-3.16635113887801,36.2169326638366,12.15));
#7986=CARTESIAN_POINT('Ctrl Pts',(-3.2216185615931,36.1170947389319,12.15));
#7987=CARTESIAN_POINT('Ctrl Pts',(-3.2216185615931,36.0618273162168,12.15));
#7988=CARTESIAN_POINT('',(-3.11197512620671,36.2534804756321,12.15));
#7989=CARTESIAN_POINT('Ctrl Pts',(-2.7794791798722,36.3345987896172,12.15));
#7990=CARTESIAN_POINT('Ctrl Pts',(-2.7794791798722,36.3345987896172,12.162));
#7991=CARTESIAN_POINT('Ctrl Pts',(-2.89268825543381,36.3345987896172,12.15));
#7992=CARTESIAN_POINT('Ctrl Pts',(-2.89268825543381,36.3345987896172,12.162));
#7993=CARTESIAN_POINT('Ctrl Pts',(-3.0558162934478,36.2909196974714,12.15));
#7994=CARTESIAN_POINT('Ctrl Pts',(-3.0558162934478,36.2909196974714,12.162));
#7995=CARTESIAN_POINT('Ctrl Pts',(-3.11197512620671,36.2534804756321,12.15));
#7996=CARTESIAN_POINT('Ctrl Pts',(-3.11197512620671,36.2534804756321,12.162));
#7997=CARTESIAN_POINT('',(-2.7794791798722,36.3345987896172,12.15));
#7998=CARTESIAN_POINT('Ctrl Pts',(-2.7794791798722,36.3345987896172,12.15));
#7999=CARTESIAN_POINT('Ctrl Pts',(-2.89268825543381,36.3345987896172,12.15));
#8000=CARTESIAN_POINT('Ctrl Pts',(-3.0558162934478,36.2909196974714,12.15));
#8001=CARTESIAN_POINT('Ctrl Pts',(-3.11197512620671,36.2534804756321,12.15));
#8002=CARTESIAN_POINT('',(-2.7794791798722,36.3345987896172,12.15));
#8003=CARTESIAN_POINT('Ctrl Pts',(-2.44698323353771,36.2561547057635,12.15));
#8004=CARTESIAN_POINT('Ctrl Pts',(-2.44698323353771,36.2561547057635,12.162));
#8005=CARTESIAN_POINT('Ctrl Pts',(-2.5031420662966,36.2935939276027,12.15));
#8006=CARTESIAN_POINT('Ctrl Pts',(-2.5031420662966,36.2935939276027,12.162));
#8007=CARTESIAN_POINT('Ctrl Pts',(-2.673401384661,36.3345987896172,12.15));
#8008=CARTESIAN_POINT('Ctrl Pts',(-2.673401384661,36.3345987896172,12.162));
#8009=CARTESIAN_POINT('Ctrl Pts',(-2.7794791798722,36.3345987896172,12.15));
#8010=CARTESIAN_POINT('Ctrl Pts',(-2.7794791798722,36.3345987896172,12.162));
#8011=CARTESIAN_POINT('',(-2.44698323353771,36.2561547057635,12.15));
#8012=CARTESIAN_POINT('Ctrl Pts',(-2.44698323353771,36.2561547057635,12.15));
#8013=CARTESIAN_POINT('Ctrl Pts',(-2.5031420662966,36.2935939276027,12.15));
#8014=CARTESIAN_POINT('Ctrl Pts',(-2.673401384661,36.3345987896172,12.15));
#8015=CARTESIAN_POINT('Ctrl Pts',(-2.7794791798722,36.3345987896172,12.15));
#8016=CARTESIAN_POINT('',(-2.44698323353771,36.2561547057635,12.15));
#8017=CARTESIAN_POINT('Ctrl Pts',(-2.33377415797611,36.0618273162168,12.15));
#8018=CARTESIAN_POINT('Ctrl Pts',(-2.33377415797611,36.0618273162168,12.162));
#8019=CARTESIAN_POINT('Ctrl Pts',(-2.33377415797611,36.1179861489757,12.15));
#8020=CARTESIAN_POINT('Ctrl Pts',(-2.33377415797611,36.1179861489757,12.162));
#8021=CARTESIAN_POINT('Ctrl Pts',(-2.39171581082261,36.2187154839242,12.15));
#8022=CARTESIAN_POINT('Ctrl Pts',(-2.39171581082261,36.2187154839242,12.162));
#8023=CARTESIAN_POINT('Ctrl Pts',(-2.44698323353771,36.2561547057635,12.15));
#8024=CARTESIAN_POINT('Ctrl Pts',(-2.44698323353771,36.2561547057635,12.162));
#8025=CARTESIAN_POINT('',(-2.33377415797611,36.0618273162168,12.15));
#8026=CARTESIAN_POINT('Ctrl Pts',(-2.33377415797611,36.0618273162168,12.15));
#8027=CARTESIAN_POINT('Ctrl Pts',(-2.33377415797611,36.1179861489757,12.15));
#8028=CARTESIAN_POINT('Ctrl Pts',(-2.39171581082261,36.2187154839242,12.15));
#8029=CARTESIAN_POINT('Ctrl Pts',(-2.44698323353771,36.2561547057635,12.15));
#8030=CARTESIAN_POINT('',(-2.33377415797611,36.0618273162168,12.15));
#8031=CARTESIAN_POINT('Ctrl Pts',(-2.3863673505599,35.8969164581152,12.15));
#8032=CARTESIAN_POINT('Ctrl Pts',(-2.3863673505599,35.8969164581152,12.162));
#8033=CARTESIAN_POINT('Ctrl Pts',(-2.36319068942131,35.9307900397793,12.15));
#8034=CARTESIAN_POINT('Ctrl Pts',(-2.36319068942131,35.9307900397793,12.162));
#8035=CARTESIAN_POINT('Ctrl Pts',(-2.33377415797611,36.0101255336768,12.15));
#8036=CARTESIAN_POINT('Ctrl Pts',(-2.33377415797611,36.0101255336768,12.162));
#8037=CARTESIAN_POINT('Ctrl Pts',(-2.33377415797611,36.0618273162168,12.15));
#8038=CARTESIAN_POINT('Ctrl Pts',(-2.33377415797611,36.0618273162168,12.162));
#8039=CARTESIAN_POINT('',(-2.3863673505599,35.8969164581152,12.15));
#8040=CARTESIAN_POINT('Ctrl Pts',(-2.3863673505599,35.8969164581152,12.15));
#8041=CARTESIAN_POINT('Ctrl Pts',(-2.36319068942131,35.9307900397793,12.15));
#8042=CARTESIAN_POINT('Ctrl Pts',(-2.33377415797611,36.0101255336768,12.15));
#8043=CARTESIAN_POINT('Ctrl Pts',(-2.33377415797611,36.0618273162168,12.15));
#8044=CARTESIAN_POINT('',(-2.3863673505599,35.8969164581152,12.15));
#8045=CARTESIAN_POINT('Ctrl Pts',(-2.47818258507051,35.7988613532981,12.15));
#8046=CARTESIAN_POINT('Ctrl Pts',(-2.47818258507051,35.7988613532981,12.162));
#8047=CARTESIAN_POINT('Ctrl Pts',(-2.4603543841946,35.8140153240426,12.15));
#8048=CARTESIAN_POINT('Ctrl Pts',(-2.4603543841946,35.8140153240426,12.162));
#8049=CARTESIAN_POINT('Ctrl Pts',(-2.41043542174231,35.8621514664073,12.15));
#8050=CARTESIAN_POINT('Ctrl Pts',(-2.41043542174231,35.8621514664073,12.162));
#8051=CARTESIAN_POINT('Ctrl Pts',(-2.3863673505599,35.8969164581152,12.15));
#8052=CARTESIAN_POINT('Ctrl Pts',(-2.3863673505599,35.8969164581152,12.162));
#8053=CARTESIAN_POINT('',(-2.47818258507051,35.7988613532981,12.15));
#8054=CARTESIAN_POINT('Ctrl Pts',(-2.47818258507051,35.7988613532981,12.15));
#8055=CARTESIAN_POINT('Ctrl Pts',(-2.4603543841946,35.8140153240426,12.15));
#8056=CARTESIAN_POINT('Ctrl Pts',(-2.41043542174231,35.8621514664073,12.15));
#8057=CARTESIAN_POINT('Ctrl Pts',(-2.3863673505599,35.8969164581152,12.15));
#8058=CARTESIAN_POINT('',(-2.47818258507051,35.7988613532981,12.15));
#8059=CARTESIAN_POINT('Origin',(-2.47818258507051,35.7939585980572,12.15));
#8060=CARTESIAN_POINT('',(-2.47818258507051,35.7890558428164,12.15));
#8061=CARTESIAN_POINT('',(-2.47818258507051,35.6969792990286,12.15));
#8062=CARTESIAN_POINT('',(-2.47818258507051,35.7890558428164,12.15));
#8063=CARTESIAN_POINT('Origin',(-2.389932990735,35.7890558428164,12.15));
#8064=CARTESIAN_POINT('',(-2.3016833963996,35.7890558428164,12.15));
#8065=CARTESIAN_POINT('',(-10.3449664953675,35.7890558428164,12.15));
#8066=CARTESIAN_POINT('',(-2.3016833963996,35.7890558428164,12.15));
#8067=CARTESIAN_POINT('Ctrl Pts',(-2.2375018732466,35.9058305585531,12.15));
#8068=CARTESIAN_POINT('Ctrl Pts',(-2.2375018732466,35.9058305585531,12.162));
#8069=CARTESIAN_POINT('Ctrl Pts',(-2.2490902038159,35.8773054371518,12.15));
#8070=CARTESIAN_POINT('Ctrl Pts',(-2.2490902038159,35.8773054371518,12.162));
#8071=CARTESIAN_POINT('Ctrl Pts',(-2.2820723754362,35.8175809642177,12.15));
#8072=CARTESIAN_POINT('Ctrl Pts',(-2.2820723754362,35.8175809642177,12.162));
#8073=CARTESIAN_POINT('Ctrl Pts',(-2.3016833963996,35.7890558428164,12.15));
#8074=CARTESIAN_POINT('Ctrl Pts',(-2.3016833963996,35.7890558428164,12.162));
#8075=CARTESIAN_POINT('',(-2.2375018732466,35.9058305585531,12.15));
#8076=CARTESIAN_POINT('Ctrl Pts',(-2.2375018732466,35.9058305585531,12.15));
#8077=CARTESIAN_POINT('Ctrl Pts',(-2.24522742695947,35.8868138109523,12.15));
#8078=CARTESIAN_POINT('Ctrl Pts',(-2.25458723241929,35.8673513583295,12.15));
#8079=CARTESIAN_POINT('Ctrl Pts',(-2.26558128962605,35.8474432006848,12.15));
#8080=CARTESIAN_POINT('Ctrl Pts',(-2.27657534683282,35.8275350430401,12.15));
#8081=CARTESIAN_POINT('Ctrl Pts',(-2.288609382424,35.8080725904173,12.15));
#8082=CARTESIAN_POINT('Ctrl Pts',(-2.3016833963996,35.7890558428164,12.15));
#8083=CARTESIAN_POINT('',(-2.2375018732466,35.9058305585531,12.15));
#8084=CARTESIAN_POINT('Ctrl Pts',(-2.2089767518452,36.0600444961292,12.15));
#8085=CARTESIAN_POINT('Ctrl Pts',(-2.2089767518452,36.0600444961292,12.162));
#8086=CARTESIAN_POINT('Ctrl Pts',(-2.2089767518452,36.0163654039834,12.15));
#8087=CARTESIAN_POINT('Ctrl Pts',(-2.2089767518452,36.0163654039834,12.162));
#8088=CARTESIAN_POINT('Ctrl Pts',(-2.22502213263351,35.9388127301735,12.15));
#8089=CARTESIAN_POINT('Ctrl Pts',(-2.22502213263351,35.9388127301735,12.162));
#8090=CARTESIAN_POINT('Ctrl Pts',(-2.2375018732466,35.9058305585531,12.15));
#8091=CARTESIAN_POINT('Ctrl Pts',(-2.2375018732466,35.9058305585531,12.162));
#8092=CARTESIAN_POINT('',(-2.2089767518452,36.0600444961292,12.15));
#8093=CARTESIAN_POINT('Ctrl Pts',(-2.2089767518452,36.0600444961292,12.15));
#8094=CARTESIAN_POINT('Ctrl Pts',(-2.2089767518452,36.0163654039834,12.15));
#8095=CARTESIAN_POINT('Ctrl Pts',(-2.22502213263351,35.9388127301735,12.15));
#8096=CARTESIAN_POINT('Ctrl Pts',(-2.2375018732466,35.9058305585531,12.15));
#8097=CARTESIAN_POINT('',(-2.2089767518452,36.0600444961292,12.15));
#8098=CARTESIAN_POINT('Ctrl Pts',(-2.36051645928991,36.3461871201865,12.15));
#8099=CARTESIAN_POINT('Ctrl Pts',(-2.36051645928991,36.3461871201865,12.162));
#8100=CARTESIAN_POINT('Ctrl Pts',(-2.28652942565521,36.2935939276027,12.15));
#8101=CARTESIAN_POINT('Ctrl Pts',(-2.28652942565521,36.2935939276027,12.162));
#8102=CARTESIAN_POINT('Ctrl Pts',(-2.2089767518452,36.1491855005084,12.15));
#8103=CARTESIAN_POINT('Ctrl Pts',(-2.2089767518452,36.1491855005084,12.162));
#8104=CARTESIAN_POINT('Ctrl Pts',(-2.2089767518452,36.0600444961292,12.15));
#8105=CARTESIAN_POINT('Ctrl Pts',(-2.2089767518452,36.0600444961292,12.162));
#8106=CARTESIAN_POINT('',(-2.36051645928991,36.3461871201865,12.15));
#8107=CARTESIAN_POINT('Ctrl Pts',(-2.36051645928991,36.3461871201865,12.15));
#8108=CARTESIAN_POINT('Ctrl Pts',(-2.28652942565521,36.2935939276027,12.15));
#8109=CARTESIAN_POINT('Ctrl Pts',(-2.2089767518452,36.1491855005084,12.15));
#8110=CARTESIAN_POINT('Ctrl Pts',(-2.2089767518452,36.0600444961292,12.15));
#8111=CARTESIAN_POINT('',(-2.36051645928991,36.3461871201865,12.15));
#8112=CARTESIAN_POINT('Ctrl Pts',(-2.7794791798722,36.4558305555729,12.15));
#8113=CARTESIAN_POINT('Ctrl Pts',(-2.7794791798722,36.4558305555729,12.162));
#8114=CARTESIAN_POINT('Ctrl Pts',(-2.64131062308441,36.4558305555729,12.15));
#8115=CARTESIAN_POINT('Ctrl Pts',(-2.64131062308441,36.4558305555729,12.162));
#8116=CARTESIAN_POINT('Ctrl Pts',(-2.4362863130122,36.399671722814,12.15));
#8117=CARTESIAN_POINT('Ctrl Pts',(-2.4362863130122,36.399671722814,12.162));
#8118=CARTESIAN_POINT('Ctrl Pts',(-2.36051645928991,36.3461871201865,12.15));
#8119=CARTESIAN_POINT('Ctrl Pts',(-2.36051645928991,36.3461871201865,12.162));
#8120=CARTESIAN_POINT('',(-2.7794791798722,36.4558305555729,12.15));
#8121=CARTESIAN_POINT('Ctrl Pts',(-2.7794791798722,36.4558305555729,12.15));
#8122=CARTESIAN_POINT('Ctrl Pts',(-2.64131062308441,36.4558305555729,12.15));
#8123=CARTESIAN_POINT('Ctrl Pts',(-2.4362863130122,36.399671722814,12.15));
#8124=CARTESIAN_POINT('Ctrl Pts',(-2.36051645928991,36.3461871201865,12.15));
#8125=CARTESIAN_POINT('',(-2.7794791798722,36.4558305555729,12.15));
#8126=CARTESIAN_POINT('Ctrl Pts',(-3.2037903607173,36.3452957101427,12.15));
#8127=CARTESIAN_POINT('Ctrl Pts',(-3.2037903607173,36.3452957101427,12.162));
#8128=CARTESIAN_POINT('Ctrl Pts',(-3.1324775572139,36.3978889027264,12.15));
#8129=CARTESIAN_POINT('Ctrl Pts',(-3.1324775572139,36.3978889027264,12.162));
#8130=CARTESIAN_POINT('Ctrl Pts',(-2.9185391467038,36.4558305555729,12.15));
#8131=CARTESIAN_POINT('Ctrl Pts',(-2.9185391467038,36.4558305555729,12.162));
#8132=CARTESIAN_POINT('Ctrl Pts',(-2.7794791798722,36.4558305555729,12.15));
#8133=CARTESIAN_POINT('Ctrl Pts',(-2.7794791798722,36.4558305555729,12.162));
#8134=CARTESIAN_POINT('Ctrl Pts',(-3.2037903607173,36.3452957101427,12.15));
#8135=CARTESIAN_POINT('Ctrl Pts',(-3.1324775572139,36.3978889027264,12.15));
#8136=CARTESIAN_POINT('Ctrl Pts',(-2.9185391467038,36.4558305555729,12.15));
#8137=CARTESIAN_POINT('Ctrl Pts',(-2.7794791798722,36.4558305555729,12.15));
#8138=CARTESIAN_POINT('Origin',(-18.3,35.6,12.16));
#8139=CARTESIAN_POINT('',(-3.34819878781161,34.2834642788514,12.16));
#8140=CARTESIAN_POINT('',(-3.2037903607173,34.5669326727773,12.16));
#8141=CARTESIAN_POINT('Ctrl Pts',(-3.34819878781161,34.2834642788514,12.16));
#8142=CARTESIAN_POINT('Ctrl Pts',(-3.34819878781161,34.3699310530992,12.16));
#8143=CARTESIAN_POINT('Ctrl Pts',(-3.2759945742645,34.5143394801936,12.16));
#8144=CARTESIAN_POINT('Ctrl Pts',(-3.2037903607173,34.5669326727773,12.16));
#8145=CARTESIAN_POINT('',(-3.31610802623511,34.1274675211878,12.16));
#8146=CARTESIAN_POINT('Ctrl Pts',(-3.31610802623511,34.1274675211878,12.16));
#8147=CARTESIAN_POINT('Ctrl Pts',(-3.33215340702341,34.1657981530708,12.16));
#8148=CARTESIAN_POINT('Ctrl Pts',(-3.34819878781161,34.2317624963115,12.16));
#8149=CARTESIAN_POINT('Ctrl Pts',(-3.34819878781161,34.2834642788514,12.16));
#8150=CARTESIAN_POINT('',(-3.2537093231697,34.010692805451,12.16));
#8151=CARTESIAN_POINT('Ctrl Pts',(-3.2537093231697,34.010692805451,12.16));
#8152=CARTESIAN_POINT('Ctrl Pts',(-3.27064611400171,34.0392179268524,12.16));
#8153=CARTESIAN_POINT('Ctrl Pts',(-3.3018454655344,34.0909197093923,12.16));
#8154=CARTESIAN_POINT('Ctrl Pts',(-3.31610802623511,34.1274675211878,12.16));
#8155=CARTESIAN_POINT('',(-3.0789929545864,34.010692805451,12.16));
#8156=CARTESIAN_POINT('',(-3.0789929545864,34.010692805451,12.16));
#8157=CARTESIAN_POINT('',(-3.0789929545864,34.0196069058889,12.16));
#8158=CARTESIAN_POINT('',(-3.0789929545864,34.0196069058889,12.16));
#8159=CARTESIAN_POINT('',(-3.1672425489218,34.1132049604871,12.16));
#8160=CARTESIAN_POINT('Ctrl Pts',(-3.1672425489218,34.1132049604871,12.16));
#8161=CARTESIAN_POINT('Ctrl Pts',(-3.14406588778321,34.0802227888668,12.16));
#8162=CARTESIAN_POINT('Ctrl Pts',(-3.0959297454184,34.0329780565458,12.16));
#8163=CARTESIAN_POINT('Ctrl Pts',(-3.0789929545864,34.0196069058889,12.16));
#8164=CARTESIAN_POINT('',(-3.2216185615931,34.2834642788514,12.16));
#8165=CARTESIAN_POINT('Ctrl Pts',(-3.2216185615931,34.2834642788514,12.16));
#8166=CARTESIAN_POINT('Ctrl Pts',(-3.2216185615931,34.2326539063553,12.16));
#8167=CARTESIAN_POINT('Ctrl Pts',(-3.1904192100604,34.1461871321074,12.16));
#8168=CARTESIAN_POINT('Ctrl Pts',(-3.1672425489218,34.1132049604871,12.16));
#8169=CARTESIAN_POINT('',(-3.11197512620671,34.4751174382667,12.16));
#8170=CARTESIAN_POINT('Ctrl Pts',(-3.11197512620671,34.4751174382667,12.16));
#8171=CARTESIAN_POINT('Ctrl Pts',(-3.16635113887801,34.4385696264712,12.16));
#8172=CARTESIAN_POINT('Ctrl Pts',(-3.2216185615931,34.3387317015665,12.16));
#8173=CARTESIAN_POINT('Ctrl Pts',(-3.2216185615931,34.2834642788514,12.16));
#8174=CARTESIAN_POINT('',(-2.7794791798722,34.5562357522518,12.16));
#8175=CARTESIAN_POINT('Ctrl Pts',(-2.7794791798722,34.5562357522518,12.16));
#8176=CARTESIAN_POINT('Ctrl Pts',(-2.89268825543381,34.5562357522518,12.16));
#8177=CARTESIAN_POINT('Ctrl Pts',(-3.0558162934478,34.512556660106,12.16));
#8178=CARTESIAN_POINT('Ctrl Pts',(-3.11197512620671,34.4751174382667,12.16));
#8179=CARTESIAN_POINT('',(-2.44698323353771,34.4777916683981,12.16));
#8180=CARTESIAN_POINT('Ctrl Pts',(-2.44698323353771,34.4777916683981,12.16));
#8181=CARTESIAN_POINT('Ctrl Pts',(-2.50314206629671,34.5152308902374,12.16));
#8182=CARTESIAN_POINT('Ctrl Pts',(-2.673401384661,34.5562357522518,12.16));
#8183=CARTESIAN_POINT('Ctrl Pts',(-2.7794791798722,34.5562357522518,12.16));
#8184=CARTESIAN_POINT('',(-2.33377415797611,34.2834642788514,12.16));
#8185=CARTESIAN_POINT('Ctrl Pts',(-2.33377415797611,34.2834642788514,12.16));
#8186=CARTESIAN_POINT('Ctrl Pts',(-2.33377415797611,34.3396231116103,12.16));
#8187=CARTESIAN_POINT('Ctrl Pts',(-2.39171581082261,34.4403524465588,12.16));
#8188=CARTESIAN_POINT('Ctrl Pts',(-2.44698323353771,34.4777916683981,12.16));
#8189=CARTESIAN_POINT('',(-2.3863673505599,34.1185534207499,12.16));
#8190=CARTESIAN_POINT('Ctrl Pts',(-2.3863673505599,34.1185534207499,12.16));
#8191=CARTESIAN_POINT('Ctrl Pts',(-2.36319068942131,34.152427002414,12.16));
#8192=CARTESIAN_POINT('Ctrl Pts',(-2.33377415797611,34.2317624963115,12.16));
#8193=CARTESIAN_POINT('Ctrl Pts',(-2.33377415797611,34.2834642788514,12.16));
#8194=CARTESIAN_POINT('',(-2.47818258507051,34.0204983159327,12.16));
#8195=CARTESIAN_POINT('Ctrl Pts',(-2.47818258507051,34.0204983159327,12.16));
#8196=CARTESIAN_POINT('Ctrl Pts',(-2.4603543841946,34.0356522866772,12.16));
#8197=CARTESIAN_POINT('Ctrl Pts',(-2.41043542174231,34.083788429042,12.16));
#8198=CARTESIAN_POINT('Ctrl Pts',(-2.3863673505599,34.1185534207499,12.16));
#8199=CARTESIAN_POINT('',(-2.47818258507051,34.010692805451,12.16));
#8200=CARTESIAN_POINT('',(-2.47818258507051,34.010692805451,12.16));
#8201=CARTESIAN_POINT('',(-2.3016833963996,34.010692805451,12.16));
#8202=CARTESIAN_POINT('',(-2.3016833963996,34.010692805451,12.16));
#8203=CARTESIAN_POINT('',(-2.2375018732466,34.1274675211878,12.16));
#8204=CARTESIAN_POINT('Ctrl Pts',(-2.2375018732466,34.1274675211878,12.16));
#8205=CARTESIAN_POINT('Ctrl Pts',(-2.24522742695947,34.1084507735869,12.16));
#8206=CARTESIAN_POINT('Ctrl Pts',(-2.25458723241929,34.0889883209641,12.16));
#8207=CARTESIAN_POINT('Ctrl Pts',(-2.26558128962605,34.0690801633194,12.16));
#8208=CARTESIAN_POINT('Ctrl Pts',(-2.27657534683282,34.0491720056747,12.16));
#8209=CARTESIAN_POINT('Ctrl Pts',(-2.288609382424,34.0297095530519,12.16));
#8210=CARTESIAN_POINT('Ctrl Pts',(-2.3016833963996,34.010692805451,12.16));
#8211=CARTESIAN_POINT('',(-2.2089767518452,34.2816814587638,12.16));
#8212=CARTESIAN_POINT('Ctrl Pts',(-2.2089767518452,34.2816814587638,12.16));
#8213=CARTESIAN_POINT('Ctrl Pts',(-2.2089767518452,34.238002366618,12.16));
#8214=CARTESIAN_POINT('Ctrl Pts',(-2.22502213263351,34.1604496928081,12.16));
#8215=CARTESIAN_POINT('Ctrl Pts',(-2.2375018732466,34.1274675211878,12.16));
#8216=CARTESIAN_POINT('',(-2.36051645928991,34.5678240828211,12.16));
#8217=CARTESIAN_POINT('Ctrl Pts',(-2.36051645928991,34.5678240828211,12.16));
#8218=CARTESIAN_POINT('Ctrl Pts',(-2.28652942565521,34.5152308902374,12.16));
#8219=CARTESIAN_POINT('Ctrl Pts',(-2.2089767518452,34.370822463143,12.16));
#8220=CARTESIAN_POINT('Ctrl Pts',(-2.2089767518452,34.2816814587638,12.16));
#8221=CARTESIAN_POINT('',(-2.7794791798722,34.6774675182075,12.16));
#8222=CARTESIAN_POINT('Ctrl Pts',(-2.7794791798722,34.6774675182075,12.16));
#8223=CARTESIAN_POINT('Ctrl Pts',(-2.64131062308441,34.6774675182075,12.16));
#8224=CARTESIAN_POINT('Ctrl Pts',(-2.4362863130122,34.6213086854486,12.16));
#8225=CARTESIAN_POINT('Ctrl Pts',(-2.36051645928991,34.5678240828211,12.16));
#8226=CARTESIAN_POINT('Ctrl Pts',(-3.2037903607173,34.5669326727773,12.16));
#8227=CARTESIAN_POINT('Ctrl Pts',(-3.1324775572139,34.6195258653611,12.16));
#8228=CARTESIAN_POINT('Ctrl Pts',(-2.9185391467038,34.6774675182075,12.16));
#8229=CARTESIAN_POINT('Ctrl Pts',(-2.7794791798722,34.6774675182075,12.16));
#8230=CARTESIAN_POINT('Ctrl Pts',(-3.34819878781161,34.2834642788514,12.15));
#8231=CARTESIAN_POINT('Ctrl Pts',(-3.34819878781161,34.2834642788514,12.162));
#8232=CARTESIAN_POINT('Ctrl Pts',(-3.34819878781161,34.3699310530992,12.15));
#8233=CARTESIAN_POINT('Ctrl Pts',(-3.34819878781161,34.3699310530992,12.162));
#8234=CARTESIAN_POINT('Ctrl Pts',(-3.2759945742645,34.5143394801936,12.15));
#8235=CARTESIAN_POINT('Ctrl Pts',(-3.2759945742645,34.5143394801936,12.162));
#8236=CARTESIAN_POINT('Ctrl Pts',(-3.2037903607173,34.5669326727773,12.15));
#8237=CARTESIAN_POINT('Ctrl Pts',(-3.2037903607173,34.5669326727773,12.162));
#8238=CARTESIAN_POINT('',(-3.34819878781161,34.2834642788514,12.15));
#8239=CARTESIAN_POINT('',(-3.2037903607173,34.5669326727773,12.15));
#8240=CARTESIAN_POINT('Ctrl Pts',(-3.34819878781161,34.2834642788514,12.15));
#8241=CARTESIAN_POINT('Ctrl Pts',(-3.34819878781161,34.3699310530992,12.15));
#8242=CARTESIAN_POINT('Ctrl Pts',(-3.2759945742645,34.5143394801936,12.15));
#8243=CARTESIAN_POINT('Ctrl Pts',(-3.2037903607173,34.5669326727773,12.15));
#8244=CARTESIAN_POINT('',(-3.34819878781161,34.2834642788514,12.15));
#8245=CARTESIAN_POINT('',(-3.2037903607173,34.5669326727773,12.15));
#8246=CARTESIAN_POINT('Ctrl Pts',(-3.31610802623511,34.1274675211878,12.15));
#8247=CARTESIAN_POINT('Ctrl Pts',(-3.31610802623511,34.1274675211878,12.162));
#8248=CARTESIAN_POINT('Ctrl Pts',(-3.33215340702341,34.1657981530708,12.15));
#8249=CARTESIAN_POINT('Ctrl Pts',(-3.33215340702341,34.1657981530708,12.162));
#8250=CARTESIAN_POINT('Ctrl Pts',(-3.34819878781161,34.2317624963115,12.15));
#8251=CARTESIAN_POINT('Ctrl Pts',(-3.34819878781161,34.2317624963115,12.162));
#8252=CARTESIAN_POINT('Ctrl Pts',(-3.34819878781161,34.2834642788514,12.15));
#8253=CARTESIAN_POINT('Ctrl Pts',(-3.34819878781161,34.2834642788514,12.162));
#8254=CARTESIAN_POINT('',(-3.31610802623511,34.1274675211878,12.15));
#8255=CARTESIAN_POINT('Ctrl Pts',(-3.31610802623511,34.1274675211878,12.15));
#8256=CARTESIAN_POINT('Ctrl Pts',(-3.33215340702341,34.1657981530708,12.15));
#8257=CARTESIAN_POINT('Ctrl Pts',(-3.34819878781161,34.2317624963115,12.15));
#8258=CARTESIAN_POINT('Ctrl Pts',(-3.34819878781161,34.2834642788514,12.15));
#8259=CARTESIAN_POINT('',(-3.31610802623511,34.1274675211878,12.15));
#8260=CARTESIAN_POINT('Ctrl Pts',(-3.2537093231697,34.010692805451,12.15));
#8261=CARTESIAN_POINT('Ctrl Pts',(-3.2537093231697,34.010692805451,12.162));
#8262=CARTESIAN_POINT('Ctrl Pts',(-3.27064611400171,34.0392179268524,12.15));
#8263=CARTESIAN_POINT('Ctrl Pts',(-3.27064611400171,34.0392179268524,12.162));
#8264=CARTESIAN_POINT('Ctrl Pts',(-3.3018454655344,34.0909197093923,12.15));
#8265=CARTESIAN_POINT('Ctrl Pts',(-3.3018454655344,34.0909197093923,12.162));
#8266=CARTESIAN_POINT('Ctrl Pts',(-3.31610802623511,34.1274675211878,12.15));
#8267=CARTESIAN_POINT('Ctrl Pts',(-3.31610802623511,34.1274675211878,12.162));
#8268=CARTESIAN_POINT('',(-3.2537093231697,34.010692805451,12.15));
#8269=CARTESIAN_POINT('Ctrl Pts',(-3.2537093231697,34.010692805451,12.15));
#8270=CARTESIAN_POINT('Ctrl Pts',(-3.27064611400171,34.0392179268524,12.15));
#8271=CARTESIAN_POINT('Ctrl Pts',(-3.3018454655344,34.0909197093923,12.15));
#8272=CARTESIAN_POINT('Ctrl Pts',(-3.31610802623511,34.1274675211878,12.15));
#8273=CARTESIAN_POINT('',(-3.2537093231697,34.010692805451,12.15));
#8274=CARTESIAN_POINT('Origin',(-3.16635113887801,34.010692805451,12.15));
#8275=CARTESIAN_POINT('',(-3.0789929545864,34.010692805451,12.15));
#8276=CARTESIAN_POINT('',(-10.733175569439,34.0106928054511,12.15));
#8277=CARTESIAN_POINT('',(-3.0789929545864,34.010692805451,12.15));
#8278=CARTESIAN_POINT('Origin',(-3.0789929545864,34.01514985567,12.15));
#8279=CARTESIAN_POINT('',(-3.0789929545864,34.0196069058889,12.15));
#8280=CARTESIAN_POINT('',(-3.0789929545864,34.807574927835,12.15));
#8281=CARTESIAN_POINT('',(-3.0789929545864,34.0196069058889,12.15));
#8282=CARTESIAN_POINT('Ctrl Pts',(-3.1672425489218,34.1132049604871,12.15));
#8283=CARTESIAN_POINT('Ctrl Pts',(-3.1672425489218,34.1132049604871,12.162));
#8284=CARTESIAN_POINT('Ctrl Pts',(-3.14406588778321,34.0802227888668,12.15));
#8285=CARTESIAN_POINT('Ctrl Pts',(-3.14406588778321,34.0802227888668,12.162));
#8286=CARTESIAN_POINT('Ctrl Pts',(-3.0959297454184,34.0329780565458,12.15));
#8287=CARTESIAN_POINT('Ctrl Pts',(-3.0959297454184,34.0329780565458,12.162));
#8288=CARTESIAN_POINT('Ctrl Pts',(-3.0789929545864,34.0196069058889,12.15));
#8289=CARTESIAN_POINT('Ctrl Pts',(-3.0789929545864,34.0196069058889,12.162));
#8290=CARTESIAN_POINT('',(-3.1672425489218,34.1132049604871,12.15));
#8291=CARTESIAN_POINT('Ctrl Pts',(-3.1672425489218,34.1132049604871,12.15));
#8292=CARTESIAN_POINT('Ctrl Pts',(-3.14406588778321,34.0802227888668,12.15));
#8293=CARTESIAN_POINT('Ctrl Pts',(-3.0959297454184,34.0329780565458,12.15));
#8294=CARTESIAN_POINT('Ctrl Pts',(-3.0789929545864,34.0196069058889,12.15));
#8295=CARTESIAN_POINT('',(-3.1672425489218,34.1132049604871,12.15));
#8296=CARTESIAN_POINT('Ctrl Pts',(-3.2216185615931,34.2834642788514,12.15));
#8297=CARTESIAN_POINT('Ctrl Pts',(-3.2216185615931,34.2834642788514,12.162));
#8298=CARTESIAN_POINT('Ctrl Pts',(-3.2216185615931,34.2326539063553,12.15));
#8299=CARTESIAN_POINT('Ctrl Pts',(-3.2216185615931,34.2326539063553,12.162));
#8300=CARTESIAN_POINT('Ctrl Pts',(-3.1904192100604,34.1461871321074,12.15));
#8301=CARTESIAN_POINT('Ctrl Pts',(-3.1904192100604,34.1461871321074,12.162));
#8302=CARTESIAN_POINT('Ctrl Pts',(-3.1672425489218,34.1132049604871,12.15));
#8303=CARTESIAN_POINT('Ctrl Pts',(-3.1672425489218,34.1132049604871,12.162));
#8304=CARTESIAN_POINT('',(-3.2216185615931,34.2834642788514,12.15));
#8305=CARTESIAN_POINT('Ctrl Pts',(-3.2216185615931,34.2834642788514,12.15));
#8306=CARTESIAN_POINT('Ctrl Pts',(-3.2216185615931,34.2326539063553,12.15));
#8307=CARTESIAN_POINT('Ctrl Pts',(-3.1904192100604,34.1461871321074,12.15));
#8308=CARTESIAN_POINT('Ctrl Pts',(-3.1672425489218,34.1132049604871,12.15));
#8309=CARTESIAN_POINT('',(-3.2216185615931,34.2834642788514,12.15));
#8310=CARTESIAN_POINT('Ctrl Pts',(-3.11197512620671,34.4751174382667,12.15));
#8311=CARTESIAN_POINT('Ctrl Pts',(-3.11197512620671,34.4751174382667,12.162));
#8312=CARTESIAN_POINT('Ctrl Pts',(-3.16635113887801,34.4385696264712,12.15));
#8313=CARTESIAN_POINT('Ctrl Pts',(-3.16635113887801,34.4385696264712,12.162));
#8314=CARTESIAN_POINT('Ctrl Pts',(-3.2216185615931,34.3387317015665,12.15));
#8315=CARTESIAN_POINT('Ctrl Pts',(-3.2216185615931,34.3387317015665,12.162));
#8316=CARTESIAN_POINT('Ctrl Pts',(-3.2216185615931,34.2834642788514,12.15));
#8317=CARTESIAN_POINT('Ctrl Pts',(-3.2216185615931,34.2834642788514,12.162));
#8318=CARTESIAN_POINT('',(-3.11197512620671,34.4751174382667,12.15));
#8319=CARTESIAN_POINT('Ctrl Pts',(-3.11197512620671,34.4751174382667,12.15));
#8320=CARTESIAN_POINT('Ctrl Pts',(-3.16635113887801,34.4385696264712,12.15));
#8321=CARTESIAN_POINT('Ctrl Pts',(-3.2216185615931,34.3387317015665,12.15));
#8322=CARTESIAN_POINT('Ctrl Pts',(-3.2216185615931,34.2834642788514,12.15));
#8323=CARTESIAN_POINT('',(-3.11197512620671,34.4751174382667,12.15));
#8324=CARTESIAN_POINT('Ctrl Pts',(-2.7794791798722,34.5562357522518,12.15));
#8325=CARTESIAN_POINT('Ctrl Pts',(-2.7794791798722,34.5562357522518,12.162));
#8326=CARTESIAN_POINT('Ctrl Pts',(-2.89268825543381,34.5562357522518,12.15));
#8327=CARTESIAN_POINT('Ctrl Pts',(-2.89268825543381,34.5562357522518,12.162));
#8328=CARTESIAN_POINT('Ctrl Pts',(-3.0558162934478,34.512556660106,12.15));
#8329=CARTESIAN_POINT('Ctrl Pts',(-3.0558162934478,34.512556660106,12.162));
#8330=CARTESIAN_POINT('Ctrl Pts',(-3.11197512620671,34.4751174382667,12.15));
#8331=CARTESIAN_POINT('Ctrl Pts',(-3.11197512620671,34.4751174382667,12.162));
#8332=CARTESIAN_POINT('',(-2.7794791798722,34.5562357522518,12.15));
#8333=CARTESIAN_POINT('Ctrl Pts',(-2.7794791798722,34.5562357522518,12.15));
#8334=CARTESIAN_POINT('Ctrl Pts',(-2.89268825543381,34.5562357522518,12.15));
#8335=CARTESIAN_POINT('Ctrl Pts',(-3.0558162934478,34.512556660106,12.15));
#8336=CARTESIAN_POINT('Ctrl Pts',(-3.11197512620671,34.4751174382667,12.15));
#8337=CARTESIAN_POINT('',(-2.7794791798722,34.5562357522518,12.15));
#8338=CARTESIAN_POINT('Ctrl Pts',(-2.44698323353771,34.4777916683981,12.15));
#8339=CARTESIAN_POINT('Ctrl Pts',(-2.44698323353771,34.4777916683981,12.162));
#8340=CARTESIAN_POINT('Ctrl Pts',(-2.50314206629671,34.5152308902374,12.15));
#8341=CARTESIAN_POINT('Ctrl Pts',(-2.50314206629671,34.5152308902374,12.162));
#8342=CARTESIAN_POINT('Ctrl Pts',(-2.673401384661,34.5562357522518,12.15));
#8343=CARTESIAN_POINT('Ctrl Pts',(-2.673401384661,34.5562357522518,12.162));
#8344=CARTESIAN_POINT('Ctrl Pts',(-2.7794791798722,34.5562357522518,12.15));
#8345=CARTESIAN_POINT('Ctrl Pts',(-2.7794791798722,34.5562357522518,12.162));
#8346=CARTESIAN_POINT('',(-2.44698323353771,34.4777916683981,12.15));
#8347=CARTESIAN_POINT('Ctrl Pts',(-2.44698323353771,34.4777916683981,12.15));
#8348=CARTESIAN_POINT('Ctrl Pts',(-2.50314206629671,34.5152308902374,12.15));
#8349=CARTESIAN_POINT('Ctrl Pts',(-2.673401384661,34.5562357522518,12.15));
#8350=CARTESIAN_POINT('Ctrl Pts',(-2.7794791798722,34.5562357522518,12.15));
#8351=CARTESIAN_POINT('',(-2.44698323353771,34.4777916683981,12.15));
#8352=CARTESIAN_POINT('Ctrl Pts',(-2.33377415797611,34.2834642788514,12.15));
#8353=CARTESIAN_POINT('Ctrl Pts',(-2.33377415797611,34.2834642788514,12.162));
#8354=CARTESIAN_POINT('Ctrl Pts',(-2.33377415797611,34.3396231116103,12.15));
#8355=CARTESIAN_POINT('Ctrl Pts',(-2.33377415797611,34.3396231116103,12.162));
#8356=CARTESIAN_POINT('Ctrl Pts',(-2.39171581082261,34.4403524465588,12.15));
#8357=CARTESIAN_POINT('Ctrl Pts',(-2.39171581082261,34.4403524465588,12.162));
#8358=CARTESIAN_POINT('Ctrl Pts',(-2.44698323353771,34.4777916683981,12.15));
#8359=CARTESIAN_POINT('Ctrl Pts',(-2.44698323353771,34.4777916683981,12.162));
#8360=CARTESIAN_POINT('',(-2.33377415797611,34.2834642788514,12.15));
#8361=CARTESIAN_POINT('Ctrl Pts',(-2.33377415797611,34.2834642788514,12.15));
#8362=CARTESIAN_POINT('Ctrl Pts',(-2.33377415797611,34.3396231116103,12.15));
#8363=CARTESIAN_POINT('Ctrl Pts',(-2.39171581082261,34.4403524465588,12.15));
#8364=CARTESIAN_POINT('Ctrl Pts',(-2.44698323353771,34.4777916683981,12.15));
#8365=CARTESIAN_POINT('',(-2.33377415797611,34.2834642788514,12.15));
#8366=CARTESIAN_POINT('Ctrl Pts',(-2.3863673505599,34.1185534207499,12.15));
#8367=CARTESIAN_POINT('Ctrl Pts',(-2.3863673505599,34.1185534207499,12.162));
#8368=CARTESIAN_POINT('Ctrl Pts',(-2.36319068942131,34.152427002414,12.15));
#8369=CARTESIAN_POINT('Ctrl Pts',(-2.36319068942131,34.152427002414,12.162));
#8370=CARTESIAN_POINT('Ctrl Pts',(-2.33377415797611,34.2317624963115,12.15));
#8371=CARTESIAN_POINT('Ctrl Pts',(-2.33377415797611,34.2317624963115,12.162));
#8372=CARTESIAN_POINT('Ctrl Pts',(-2.33377415797611,34.2834642788514,12.15));
#8373=CARTESIAN_POINT('Ctrl Pts',(-2.33377415797611,34.2834642788514,12.162));
#8374=CARTESIAN_POINT('',(-2.3863673505599,34.1185534207499,12.15));
#8375=CARTESIAN_POINT('Ctrl Pts',(-2.3863673505599,34.1185534207499,12.15));
#8376=CARTESIAN_POINT('Ctrl Pts',(-2.36319068942131,34.152427002414,12.15));
#8377=CARTESIAN_POINT('Ctrl Pts',(-2.33377415797611,34.2317624963115,12.15));
#8378=CARTESIAN_POINT('Ctrl Pts',(-2.33377415797611,34.2834642788514,12.15));
#8379=CARTESIAN_POINT('',(-2.3863673505599,34.1185534207499,12.15));
#8380=CARTESIAN_POINT('Ctrl Pts',(-2.47818258507051,34.0204983159327,12.15));
#8381=CARTESIAN_POINT('Ctrl Pts',(-2.47818258507051,34.0204983159327,12.162));
#8382=CARTESIAN_POINT('Ctrl Pts',(-2.4603543841946,34.0356522866772,12.15));
#8383=CARTESIAN_POINT('Ctrl Pts',(-2.4603543841946,34.0356522866772,12.162));
#8384=CARTESIAN_POINT('Ctrl Pts',(-2.41043542174231,34.083788429042,12.15));
#8385=CARTESIAN_POINT('Ctrl Pts',(-2.41043542174231,34.083788429042,12.162));
#8386=CARTESIAN_POINT('Ctrl Pts',(-2.3863673505599,34.1185534207499,12.15));
#8387=CARTESIAN_POINT('Ctrl Pts',(-2.3863673505599,34.1185534207499,12.162));
#8388=CARTESIAN_POINT('',(-2.47818258507051,34.0204983159327,12.15));
#8389=CARTESIAN_POINT('Ctrl Pts',(-2.47818258507051,34.0204983159327,12.15));
#8390=CARTESIAN_POINT('Ctrl Pts',(-2.4603543841946,34.0356522866772,12.15));
#8391=CARTESIAN_POINT('Ctrl Pts',(-2.41043542174231,34.083788429042,12.15));
#8392=CARTESIAN_POINT('Ctrl Pts',(-2.3863673505599,34.1185534207499,12.15));
#8393=CARTESIAN_POINT('',(-2.47818258507051,34.0204983159327,12.15));
#8394=CARTESIAN_POINT('Origin',(-2.47818258507051,34.0155955606919,12.15));
#8395=CARTESIAN_POINT('',(-2.47818258507051,34.010692805451,12.15));
#8396=CARTESIAN_POINT('',(-2.47818258507051,34.8077977803459,12.15));
#8397=CARTESIAN_POINT('',(-2.47818258507051,34.010692805451,12.15));
#8398=CARTESIAN_POINT('Origin',(-2.389932990735,34.010692805451,12.15));
#8399=CARTESIAN_POINT('',(-2.3016833963996,34.010692805451,12.15));
#8400=CARTESIAN_POINT('',(-10.3449664953675,34.0106928054511,12.15));
#8401=CARTESIAN_POINT('',(-2.3016833963996,34.010692805451,12.15));
#8402=CARTESIAN_POINT('Ctrl Pts',(-2.2375018732466,34.1274675211878,12.15));
#8403=CARTESIAN_POINT('Ctrl Pts',(-2.2375018732466,34.1274675211878,12.162));
#8404=CARTESIAN_POINT('Ctrl Pts',(-2.2490902038159,34.0989423997864,12.15));
#8405=CARTESIAN_POINT('Ctrl Pts',(-2.2490902038159,34.0989423997864,12.162));
#8406=CARTESIAN_POINT('Ctrl Pts',(-2.2820723754362,34.0392179268524,12.15));
#8407=CARTESIAN_POINT('Ctrl Pts',(-2.2820723754362,34.0392179268524,12.162));
#8408=CARTESIAN_POINT('Ctrl Pts',(-2.3016833963996,34.010692805451,12.15));
#8409=CARTESIAN_POINT('Ctrl Pts',(-2.3016833963996,34.010692805451,12.162));
#8410=CARTESIAN_POINT('',(-2.2375018732466,34.1274675211878,12.15));
#8411=CARTESIAN_POINT('Ctrl Pts',(-2.2375018732466,34.1274675211878,12.15));
#8412=CARTESIAN_POINT('Ctrl Pts',(-2.24522742695947,34.1084507735869,12.15));
#8413=CARTESIAN_POINT('Ctrl Pts',(-2.25458723241929,34.0889883209641,12.15));
#8414=CARTESIAN_POINT('Ctrl Pts',(-2.26558128962605,34.0690801633194,12.15));
#8415=CARTESIAN_POINT('Ctrl Pts',(-2.27657534683282,34.0491720056747,12.15));
#8416=CARTESIAN_POINT('Ctrl Pts',(-2.288609382424,34.0297095530519,12.15));
#8417=CARTESIAN_POINT('Ctrl Pts',(-2.3016833963996,34.010692805451,12.15));
#8418=CARTESIAN_POINT('',(-2.2375018732466,34.1274675211878,12.15));
#8419=CARTESIAN_POINT('Ctrl Pts',(-2.2089767518452,34.2816814587638,12.15));
#8420=CARTESIAN_POINT('Ctrl Pts',(-2.2089767518452,34.2816814587638,12.162));
#8421=CARTESIAN_POINT('Ctrl Pts',(-2.2089767518452,34.238002366618,12.15));
#8422=CARTESIAN_POINT('Ctrl Pts',(-2.2089767518452,34.238002366618,12.162));
#8423=CARTESIAN_POINT('Ctrl Pts',(-2.22502213263351,34.1604496928081,12.15));
#8424=CARTESIAN_POINT('Ctrl Pts',(-2.22502213263351,34.1604496928081,12.162));
#8425=CARTESIAN_POINT('Ctrl Pts',(-2.2375018732466,34.1274675211878,12.15));
#8426=CARTESIAN_POINT('Ctrl Pts',(-2.2375018732466,34.1274675211878,12.162));
#8427=CARTESIAN_POINT('',(-2.2089767518452,34.2816814587638,12.15));
#8428=CARTESIAN_POINT('Ctrl Pts',(-2.2089767518452,34.2816814587638,12.15));
#8429=CARTESIAN_POINT('Ctrl Pts',(-2.2089767518452,34.238002366618,12.15));
#8430=CARTESIAN_POINT('Ctrl Pts',(-2.22502213263351,34.1604496928081,12.15));
#8431=CARTESIAN_POINT('Ctrl Pts',(-2.2375018732466,34.1274675211878,12.15));
#8432=CARTESIAN_POINT('',(-2.2089767518452,34.2816814587638,12.15));
#8433=CARTESIAN_POINT('Ctrl Pts',(-2.36051645928991,34.5678240828211,12.15));
#8434=CARTESIAN_POINT('Ctrl Pts',(-2.36051645928991,34.5678240828211,12.162));
#8435=CARTESIAN_POINT('Ctrl Pts',(-2.28652942565521,34.5152308902374,12.15));
#8436=CARTESIAN_POINT('Ctrl Pts',(-2.28652942565521,34.5152308902374,12.162));
#8437=CARTESIAN_POINT('Ctrl Pts',(-2.2089767518452,34.370822463143,12.15));
#8438=CARTESIAN_POINT('Ctrl Pts',(-2.2089767518452,34.370822463143,12.162));
#8439=CARTESIAN_POINT('Ctrl Pts',(-2.2089767518452,34.2816814587638,12.15));
#8440=CARTESIAN_POINT('Ctrl Pts',(-2.2089767518452,34.2816814587638,12.162));
#8441=CARTESIAN_POINT('',(-2.36051645928991,34.5678240828211,12.15));
#8442=CARTESIAN_POINT('Ctrl Pts',(-2.36051645928991,34.5678240828211,12.15));
#8443=CARTESIAN_POINT('Ctrl Pts',(-2.28652942565521,34.5152308902374,12.15));
#8444=CARTESIAN_POINT('Ctrl Pts',(-2.2089767518452,34.370822463143,12.15));
#8445=CARTESIAN_POINT('Ctrl Pts',(-2.2089767518452,34.2816814587638,12.15));
#8446=CARTESIAN_POINT('',(-2.36051645928991,34.5678240828211,12.15));
#8447=CARTESIAN_POINT('Ctrl Pts',(-2.7794791798722,34.6774675182075,12.15));
#8448=CARTESIAN_POINT('Ctrl Pts',(-2.7794791798722,34.6774675182075,12.162));
#8449=CARTESIAN_POINT('Ctrl Pts',(-2.64131062308441,34.6774675182075,12.15));
#8450=CARTESIAN_POINT('Ctrl Pts',(-2.64131062308441,34.6774675182075,12.162));
#8451=CARTESIAN_POINT('Ctrl Pts',(-2.4362863130122,34.6213086854486,12.15));
#8452=CARTESIAN_POINT('Ctrl Pts',(-2.4362863130122,34.6213086854486,12.162));
#8453=CARTESIAN_POINT('Ctrl Pts',(-2.36051645928991,34.5678240828211,12.15));
#8454=CARTESIAN_POINT('Ctrl Pts',(-2.36051645928991,34.5678240828211,12.162));
#8455=CARTESIAN_POINT('',(-2.7794791798722,34.6774675182075,12.15));
#8456=CARTESIAN_POINT('Ctrl Pts',(-2.7794791798722,34.6774675182075,12.15));
#8457=CARTESIAN_POINT('Ctrl Pts',(-2.64131062308441,34.6774675182075,12.15));
#8458=CARTESIAN_POINT('Ctrl Pts',(-2.4362863130122,34.6213086854486,12.15));
#8459=CARTESIAN_POINT('Ctrl Pts',(-2.36051645928991,34.5678240828211,12.15));
#8460=CARTESIAN_POINT('',(-2.7794791798722,34.6774675182075,12.15));
#8461=CARTESIAN_POINT('Ctrl Pts',(-3.2037903607173,34.5669326727773,12.15));
#8462=CARTESIAN_POINT('Ctrl Pts',(-3.2037903607173,34.5669326727773,12.162));
#8463=CARTESIAN_POINT('Ctrl Pts',(-3.1324775572139,34.6195258653611,12.15));
#8464=CARTESIAN_POINT('Ctrl Pts',(-3.1324775572139,34.6195258653611,12.162));
#8465=CARTESIAN_POINT('Ctrl Pts',(-2.9185391467038,34.6774675182075,12.15));
#8466=CARTESIAN_POINT('Ctrl Pts',(-2.9185391467038,34.6774675182075,12.162));
#8467=CARTESIAN_POINT('Ctrl Pts',(-2.7794791798722,34.6774675182075,12.15));
#8468=CARTESIAN_POINT('Ctrl Pts',(-2.7794791798722,34.6774675182075,12.162));
#8469=CARTESIAN_POINT('Ctrl Pts',(-3.2037903607173,34.5669326727773,12.15));
#8470=CARTESIAN_POINT('Ctrl Pts',(-3.1324775572139,34.6195258653611,12.15));
#8471=CARTESIAN_POINT('Ctrl Pts',(-2.9185391467038,34.6774675182075,12.15));
#8472=CARTESIAN_POINT('Ctrl Pts',(-2.7794791798722,34.6774675182075,12.15));
#8473=CARTESIAN_POINT('Origin',(-18.3,35.6,12.16));
#8474=CARTESIAN_POINT('',(-3.34819878781161,32.6762519698941,12.16));
#8475=CARTESIAN_POINT('',(-3.2626234236076,32.9650688240828,12.16));
#8476=CARTESIAN_POINT('Ctrl Pts',(-3.34819878781161,32.6762519698941,12.16));
#8477=CARTESIAN_POINT('Ctrl Pts',(-3.34819878781161,32.7716328445799,12.16));
#8478=CARTESIAN_POINT('Ctrl Pts',(-3.2982798253593,32.9062357611925,12.16));
#8479=CARTESIAN_POINT('Ctrl Pts',(-3.2626234236076,32.9650688240828,12.16));
#8480=CARTESIAN_POINT('',(-3.2483608629069,32.4462681785958,12.16));
#8481=CARTESIAN_POINT('Ctrl Pts',(-3.2483608629069,32.4462681785958,12.16));
#8482=CARTESIAN_POINT('Ctrl Pts',(-3.2964970052717,32.4890558606978,12.16));
#8483=CARTESIAN_POINT('Ctrl Pts',(-3.34819878781161,32.5960250659528,12.16));
#8484=CARTESIAN_POINT('Ctrl Pts',(-3.34819878781161,32.6762519698941,12.16));
#8485=CARTESIAN_POINT('',(-3.0148114314334,32.3669326846982,12.16));
#8486=CARTESIAN_POINT('Ctrl Pts',(-3.0148114314334,32.3669326846982,12.16));
#8487=CARTESIAN_POINT('Ctrl Pts',(-3.07988436463021,32.3669326846982,12.16));
#8488=CARTESIAN_POINT('Ctrl Pts',(-3.20468177076111,32.4088289567565,12.16));
#8489=CARTESIAN_POINT('Ctrl Pts',(-3.2483608629069,32.4462681785958,12.16));
#8490=CARTESIAN_POINT('',(-2.737582907814,32.5416490532815,12.16));
#8491=CARTESIAN_POINT('Ctrl Pts',(-2.737582907814,32.5416490532815,12.16));
#8492=CARTESIAN_POINT('Ctrl Pts',(-2.7723478995219,32.4507252288147,12.16));
#8493=CARTESIAN_POINT('Ctrl Pts',(-2.9122992763973,32.3669326846982,12.16));
#8494=CARTESIAN_POINT('Ctrl Pts',(-3.0148114314334,32.3669326846982,12.16));
#8495=CARTESIAN_POINT('',(-2.6796412549675,32.7217138821275,12.16));
#8496=CARTESIAN_POINT('Ctrl Pts',(-2.6796412549675,32.7217138821275,12.16));
#8497=CARTESIAN_POINT('Ctrl Pts',(-2.6921209955806,32.6851660703321,12.16));
#8498=CARTESIAN_POINT('Ctrl Pts',(-2.7242117571571,32.5773054550332,12.16));
#8499=CARTESIAN_POINT('Ctrl Pts',(-2.737582907814,32.5416490532815,12.16));
#8500=CARTESIAN_POINT('',(-2.5084905265594,32.8375971878205,12.16));
#8501=CARTESIAN_POINT('Ctrl Pts',(-2.5084905265594,32.8375971878205,12.16));
#8502=CARTESIAN_POINT('Ctrl Pts',(-2.5780205099752,32.8375971878205,12.16));
#8503=CARTESIAN_POINT('Ctrl Pts',(-2.6609216440479,32.7778727148864,12.16));
#8504=CARTESIAN_POINT('Ctrl Pts',(-2.6796412549675,32.7217138821275,12.16));
#8505=CARTESIAN_POINT('',(-2.3355569780637,32.6548581288431,12.16));
#8506=CARTESIAN_POINT('Ctrl Pts',(-2.3355569780637,32.6548581288431,12.16));
#8507=CARTESIAN_POINT('Ctrl Pts',(-2.3355569780637,32.736867852872,12.16));
#8508=CARTESIAN_POINT('Ctrl Pts',(-2.4309378527495,32.8375971878205,12.16));
#8509=CARTESIAN_POINT('Ctrl Pts',(-2.5084905265594,32.8375971878205,12.16));
#8510=CARTESIAN_POINT('',(-2.45500592393191,32.4097203668003,12.16));
#8511=CARTESIAN_POINT('Ctrl Pts',(-2.45500592393191,32.4097203668003,12.16));
#8512=CARTESIAN_POINT('Ctrl Pts',(-2.4068697815671,32.4516166388585,12.16));
#8513=CARTESIAN_POINT('Ctrl Pts',(-2.3355569780637,32.5826539152959,12.16));
#8514=CARTESIAN_POINT('Ctrl Pts',(-2.3355569780637,32.6548581288431,12.16));
#8515=CARTESIAN_POINT('',(-2.45500592393191,32.4008062663623,12.16));
#8516=CARTESIAN_POINT('',(-2.45500592393191,32.4008062663623,12.16));
#8517=CARTESIAN_POINT('',(-2.28028955534861,32.4008062663623,12.16));
#8518=CARTESIAN_POINT('',(-2.28028955534861,32.4008062663623,12.16));
#8519=CARTESIAN_POINT('',(-2.2089767518452,32.6628808192372,12.16));
#8520=CARTESIAN_POINT('Ctrl Pts',(-2.2089767518452,32.6628808192372,12.16));
#8521=CARTESIAN_POINT('Ctrl Pts',(-2.2089767518452,32.5888937856025,12.16));
#8522=CARTESIAN_POINT('Ctrl Pts',(-2.24552456364071,32.4569650991213,12.16));
#8523=CARTESIAN_POINT('Ctrl Pts',(-2.28028955534861,32.4008062663623,12.16));
#8524=CARTESIAN_POINT('',(-2.5236444973039,32.9588289537762,12.16));
#8525=CARTESIAN_POINT('Ctrl Pts',(-2.5236444973039,32.9588289537762,12.16));
#8526=CARTESIAN_POINT('Ctrl Pts',(-2.389932990735,32.9588289537762,12.16));
#8527=CARTESIAN_POINT('Ctrl Pts',(-2.2089767518452,32.7921352755871,12.16));
#8528=CARTESIAN_POINT('Ctrl Pts',(-2.2089767518452,32.6628808192372,12.16));
#8529=CARTESIAN_POINT('',(-2.7224289370695,32.9017787109735,12.16));
#8530=CARTESIAN_POINT('Ctrl Pts',(-2.7224289370695,32.9017787109735,12.16));
#8531=CARTESIAN_POINT('Ctrl Pts',(-2.68588112527401,32.9285210122873,12.16));
#8532=CARTESIAN_POINT('Ctrl Pts',(-2.5878260204569,32.9588289537762,12.16));
#8533=CARTESIAN_POINT('Ctrl Pts',(-2.5236444973039,32.9588289537762,12.16));
#8534=CARTESIAN_POINT('',(-2.8195926318429,32.7564788738354,12.16));
#8535=CARTESIAN_POINT('Ctrl Pts',(-2.8195926318429,32.7564788738354,12.16));
#8536=CARTESIAN_POINT('Ctrl Pts',(-2.8044386610984,32.8019407860688,12.16));
#8537=CARTESIAN_POINT('Ctrl Pts',(-2.75897674886501,32.874144999616,12.16));
#8538=CARTESIAN_POINT('Ctrl Pts',(-2.7224289370695,32.9017787109735,12.16));
#8539=CARTESIAN_POINT('',(-2.8695115942952,32.5969164759966,12.16));
#8540=CARTESIAN_POINT('Ctrl Pts',(-2.8695115942952,32.5969164759966,12.16));
#8541=CARTESIAN_POINT('Ctrl Pts',(-2.8552490335946,32.6379213380111,12.16));
#8542=CARTESIAN_POINT('Ctrl Pts',(-2.83563801263111,32.7056685013393,12.16));
#8543=CARTESIAN_POINT('Ctrl Pts',(-2.8195926318429,32.7564788738354,12.16));
#8544=CARTESIAN_POINT('',(-3.037988092572,32.488164450654,12.16));
#8545=CARTESIAN_POINT('Ctrl Pts',(-3.037988092572,32.488164450654,12.16));
#8546=CARTESIAN_POINT('Ctrl Pts',(-2.97202374933131,32.488164450654,12.16));
#8547=CARTESIAN_POINT('Ctrl Pts',(-2.8900140253025,32.5407576432377,12.16));
#8548=CARTESIAN_POINT('Ctrl Pts',(-2.8695115942952,32.5969164759966,12.16));
#8549=CARTESIAN_POINT('',(-3.2216185615931,32.6842746602883,12.16));
#8550=CARTESIAN_POINT('Ctrl Pts',(-3.2216185615931,32.6842746602883,12.16));
#8551=CARTESIAN_POINT('Ctrl Pts',(-3.2216185615931,32.5871109655149,12.16));
#8552=CARTESIAN_POINT('Ctrl Pts',(-3.1208892266446,32.488164450654,12.16));
#8553=CARTESIAN_POINT('Ctrl Pts',(-3.037988092572,32.488164450654,12.16));
#8554=CARTESIAN_POINT('',(-3.0789929545864,32.9570461336887,12.16));
#8555=CARTESIAN_POINT('Ctrl Pts',(-3.0789929545864,32.9570461336887,12.16));
#8556=CARTESIAN_POINT('Ctrl Pts',(-3.1467401179146,32.8991044808422,12.16));
#8557=CARTESIAN_POINT('Ctrl Pts',(-3.2216185615931,32.7520218236165,12.16));
#8558=CARTESIAN_POINT('Ctrl Pts',(-3.2216185615931,32.6842746602883,12.16));
#8559=CARTESIAN_POINT('',(-3.0789929545864,32.9650688240828,12.16));
#8560=CARTESIAN_POINT('',(-3.0789929545864,32.9650688240828,12.16));
#8561=CARTESIAN_POINT('',(-3.2626234236076,32.9650688240828,12.16));
#8562=CARTESIAN_POINT('Ctrl Pts',(-3.34819878781161,32.6762519698941,12.15));
#8563=CARTESIAN_POINT('Ctrl Pts',(-3.34819878781161,32.6762519698941,12.162));
#8564=CARTESIAN_POINT('Ctrl Pts',(-3.34819878781161,32.7716328445799,12.15));
#8565=CARTESIAN_POINT('Ctrl Pts',(-3.34819878781161,32.7716328445799,12.162));
#8566=CARTESIAN_POINT('Ctrl Pts',(-3.2982798253593,32.9062357611925,12.15));
#8567=CARTESIAN_POINT('Ctrl Pts',(-3.2982798253593,32.9062357611925,12.162));
#8568=CARTESIAN_POINT('Ctrl Pts',(-3.2626234236076,32.9650688240828,12.15));
#8569=CARTESIAN_POINT('Ctrl Pts',(-3.2626234236076,32.9650688240828,12.162));
#8570=CARTESIAN_POINT('',(-3.34819878781161,32.6762519698941,12.15));
#8571=CARTESIAN_POINT('',(-3.2626234236076,32.9650688240828,12.15));
#8572=CARTESIAN_POINT('Ctrl Pts',(-3.34819878781161,32.6762519698941,12.15));
#8573=CARTESIAN_POINT('Ctrl Pts',(-3.34819878781161,32.7716328445799,12.15));
#8574=CARTESIAN_POINT('Ctrl Pts',(-3.2982798253593,32.9062357611925,12.15));
#8575=CARTESIAN_POINT('Ctrl Pts',(-3.2626234236076,32.9650688240828,12.15));
#8576=CARTESIAN_POINT('',(-3.34819878781161,32.6762519698941,12.15));
#8577=CARTESIAN_POINT('',(-3.2626234236076,32.9650688240828,12.15));
#8578=CARTESIAN_POINT('Ctrl Pts',(-3.2483608629069,32.4462681785958,12.15));
#8579=CARTESIAN_POINT('Ctrl Pts',(-3.2483608629069,32.4462681785958,12.162));
#8580=CARTESIAN_POINT('Ctrl Pts',(-3.2964970052717,32.4890558606978,12.15));
#8581=CARTESIAN_POINT('Ctrl Pts',(-3.2964970052717,32.4890558606978,12.162));
#8582=CARTESIAN_POINT('Ctrl Pts',(-3.34819878781161,32.5960250659528,12.15));
#8583=CARTESIAN_POINT('Ctrl Pts',(-3.34819878781161,32.5960250659528,12.162));
#8584=CARTESIAN_POINT('Ctrl Pts',(-3.34819878781161,32.6762519698941,12.15));
#8585=CARTESIAN_POINT('Ctrl Pts',(-3.34819878781161,32.6762519698941,12.162));
#8586=CARTESIAN_POINT('',(-3.2483608629069,32.4462681785958,12.15));
#8587=CARTESIAN_POINT('Ctrl Pts',(-3.2483608629069,32.4462681785958,12.15));
#8588=CARTESIAN_POINT('Ctrl Pts',(-3.2964970052717,32.4890558606978,12.15));
#8589=CARTESIAN_POINT('Ctrl Pts',(-3.34819878781161,32.5960250659528,12.15));
#8590=CARTESIAN_POINT('Ctrl Pts',(-3.34819878781161,32.6762519698941,12.15));
#8591=CARTESIAN_POINT('',(-3.2483608629069,32.4462681785958,12.15));
#8592=CARTESIAN_POINT('Ctrl Pts',(-3.0148114314334,32.3669326846982,12.15));
#8593=CARTESIAN_POINT('Ctrl Pts',(-3.0148114314334,32.3669326846982,12.162));
#8594=CARTESIAN_POINT('Ctrl Pts',(-3.07988436463021,32.3669326846982,12.15));
#8595=CARTESIAN_POINT('Ctrl Pts',(-3.07988436463021,32.3669326846982,12.162));
#8596=CARTESIAN_POINT('Ctrl Pts',(-3.20468177076111,32.4088289567565,12.15));
#8597=CARTESIAN_POINT('Ctrl Pts',(-3.20468177076111,32.4088289567565,12.162));
#8598=CARTESIAN_POINT('Ctrl Pts',(-3.2483608629069,32.4462681785958,12.15));
#8599=CARTESIAN_POINT('Ctrl Pts',(-3.2483608629069,32.4462681785958,12.162));
#8600=CARTESIAN_POINT('',(-3.0148114314334,32.3669326846982,12.15));
#8601=CARTESIAN_POINT('Ctrl Pts',(-3.0148114314334,32.3669326846982,12.15));
#8602=CARTESIAN_POINT('Ctrl Pts',(-3.07988436463021,32.3669326846982,12.15));
#8603=CARTESIAN_POINT('Ctrl Pts',(-3.20468177076111,32.4088289567565,12.15));
#8604=CARTESIAN_POINT('Ctrl Pts',(-3.2483608629069,32.4462681785958,12.15));
#8605=CARTESIAN_POINT('',(-3.0148114314334,32.3669326846982,12.15));
#8606=CARTESIAN_POINT('Ctrl Pts',(-2.737582907814,32.5416490532815,12.15));
#8607=CARTESIAN_POINT('Ctrl Pts',(-2.737582907814,32.5416490532815,12.162));
#8608=CARTESIAN_POINT('Ctrl Pts',(-2.7723478995219,32.4507252288147,12.15));
#8609=CARTESIAN_POINT('Ctrl Pts',(-2.7723478995219,32.4507252288147,12.162));
#8610=CARTESIAN_POINT('Ctrl Pts',(-2.9122992763973,32.3669326846982,12.15));
#8611=CARTESIAN_POINT('Ctrl Pts',(-2.9122992763973,32.3669326846982,12.162));
#8612=CARTESIAN_POINT('Ctrl Pts',(-3.0148114314334,32.3669326846982,12.15));
#8613=CARTESIAN_POINT('Ctrl Pts',(-3.0148114314334,32.3669326846982,12.162));
#8614=CARTESIAN_POINT('',(-2.737582907814,32.5416490532815,12.15));
#8615=CARTESIAN_POINT('Ctrl Pts',(-2.737582907814,32.5416490532815,12.15));
#8616=CARTESIAN_POINT('Ctrl Pts',(-2.7723478995219,32.4507252288147,12.15));
#8617=CARTESIAN_POINT('Ctrl Pts',(-2.9122992763973,32.3669326846982,12.15));
#8618=CARTESIAN_POINT('Ctrl Pts',(-3.0148114314334,32.3669326846982,12.15));
#8619=CARTESIAN_POINT('',(-2.737582907814,32.5416490532815,12.15));
#8620=CARTESIAN_POINT('Ctrl Pts',(-2.6796412549675,32.7217138821275,12.15));
#8621=CARTESIAN_POINT('Ctrl Pts',(-2.6796412549675,32.7217138821275,12.162));
#8622=CARTESIAN_POINT('Ctrl Pts',(-2.6921209955806,32.6851660703321,12.15));
#8623=CARTESIAN_POINT('Ctrl Pts',(-2.6921209955806,32.6851660703321,12.162));
#8624=CARTESIAN_POINT('Ctrl Pts',(-2.7242117571571,32.5773054550332,12.15));
#8625=CARTESIAN_POINT('Ctrl Pts',(-2.7242117571571,32.5773054550332,12.162));
#8626=CARTESIAN_POINT('Ctrl Pts',(-2.737582907814,32.5416490532815,12.15));
#8627=CARTESIAN_POINT('Ctrl Pts',(-2.737582907814,32.5416490532815,12.162));
#8628=CARTESIAN_POINT('',(-2.6796412549675,32.7217138821275,12.15));
#8629=CARTESIAN_POINT('Ctrl Pts',(-2.6796412549675,32.7217138821275,12.15));
#8630=CARTESIAN_POINT('Ctrl Pts',(-2.6921209955806,32.6851660703321,12.15));
#8631=CARTESIAN_POINT('Ctrl Pts',(-2.7242117571571,32.5773054550332,12.15));
#8632=CARTESIAN_POINT('Ctrl Pts',(-2.737582907814,32.5416490532815,12.15));
#8633=CARTESIAN_POINT('',(-2.6796412549675,32.7217138821275,12.15));
#8634=CARTESIAN_POINT('Ctrl Pts',(-2.5084905265594,32.8375971878205,12.15));
#8635=CARTESIAN_POINT('Ctrl Pts',(-2.5084905265594,32.8375971878205,12.162));
#8636=CARTESIAN_POINT('Ctrl Pts',(-2.5780205099752,32.8375971878205,12.15));
#8637=CARTESIAN_POINT('Ctrl Pts',(-2.5780205099752,32.8375971878205,12.162));
#8638=CARTESIAN_POINT('Ctrl Pts',(-2.6609216440479,32.7778727148864,12.15));
#8639=CARTESIAN_POINT('Ctrl Pts',(-2.6609216440479,32.7778727148864,12.162));
#8640=CARTESIAN_POINT('Ctrl Pts',(-2.6796412549675,32.7217138821275,12.15));
#8641=CARTESIAN_POINT('Ctrl Pts',(-2.6796412549675,32.7217138821275,12.162));
#8642=CARTESIAN_POINT('',(-2.5084905265594,32.8375971878205,12.15));
#8643=CARTESIAN_POINT('Ctrl Pts',(-2.5084905265594,32.8375971878205,12.15));
#8644=CARTESIAN_POINT('Ctrl Pts',(-2.5780205099752,32.8375971878205,12.15));
#8645=CARTESIAN_POINT('Ctrl Pts',(-2.6609216440479,32.7778727148864,12.15));
#8646=CARTESIAN_POINT('Ctrl Pts',(-2.6796412549675,32.7217138821275,12.15));
#8647=CARTESIAN_POINT('',(-2.5084905265594,32.8375971878205,12.15));
#8648=CARTESIAN_POINT('Ctrl Pts',(-2.3355569780637,32.6548581288431,12.15));
#8649=CARTESIAN_POINT('Ctrl Pts',(-2.3355569780637,32.6548581288431,12.162));
#8650=CARTESIAN_POINT('Ctrl Pts',(-2.3355569780637,32.736867852872,12.15));
#8651=CARTESIAN_POINT('Ctrl Pts',(-2.3355569780637,32.736867852872,12.162));
#8652=CARTESIAN_POINT('Ctrl Pts',(-2.4309378527495,32.8375971878205,12.15));
#8653=CARTESIAN_POINT('Ctrl Pts',(-2.4309378527495,32.8375971878205,12.162));
#8654=CARTESIAN_POINT('Ctrl Pts',(-2.5084905265594,32.8375971878205,12.15));
#8655=CARTESIAN_POINT('Ctrl Pts',(-2.5084905265594,32.8375971878205,12.162));
#8656=CARTESIAN_POINT('',(-2.3355569780637,32.6548581288431,12.15));
#8657=CARTESIAN_POINT('Ctrl Pts',(-2.3355569780637,32.6548581288431,12.15));
#8658=CARTESIAN_POINT('Ctrl Pts',(-2.3355569780637,32.736867852872,12.15));
#8659=CARTESIAN_POINT('Ctrl Pts',(-2.4309378527495,32.8375971878205,12.15));
#8660=CARTESIAN_POINT('Ctrl Pts',(-2.5084905265594,32.8375971878205,12.15));
#8661=CARTESIAN_POINT('',(-2.3355569780637,32.6548581288431,12.15));
#8662=CARTESIAN_POINT('Ctrl Pts',(-2.45500592393191,32.4097203668003,12.15));
#8663=CARTESIAN_POINT('Ctrl Pts',(-2.45500592393191,32.4097203668003,12.162));
#8664=CARTESIAN_POINT('Ctrl Pts',(-2.4068697815671,32.4516166388585,12.15));
#8665=CARTESIAN_POINT('Ctrl Pts',(-2.4068697815671,32.4516166388585,12.162));
#8666=CARTESIAN_POINT('Ctrl Pts',(-2.3355569780637,32.5826539152959,12.15));
#8667=CARTESIAN_POINT('Ctrl Pts',(-2.3355569780637,32.5826539152959,12.162));
#8668=CARTESIAN_POINT('Ctrl Pts',(-2.3355569780637,32.6548581288431,12.15));
#8669=CARTESIAN_POINT('Ctrl Pts',(-2.3355569780637,32.6548581288431,12.162));
#8670=CARTESIAN_POINT('',(-2.45500592393191,32.4097203668003,12.15));
#8671=CARTESIAN_POINT('Ctrl Pts',(-2.45500592393191,32.4097203668003,12.15));
#8672=CARTESIAN_POINT('Ctrl Pts',(-2.4068697815671,32.4516166388585,12.15));
#8673=CARTESIAN_POINT('Ctrl Pts',(-2.3355569780637,32.5826539152959,12.15));
#8674=CARTESIAN_POINT('Ctrl Pts',(-2.3355569780637,32.6548581288431,12.15));
#8675=CARTESIAN_POINT('',(-2.45500592393191,32.4097203668003,12.15));
#8676=CARTESIAN_POINT('Origin',(-2.45500592393191,32.4052633165813,12.15));
#8677=CARTESIAN_POINT('',(-2.45500592393191,32.4008062663623,12.15));
#8678=CARTESIAN_POINT('',(-2.45500592393191,34.0026316582907,12.15));
#8679=CARTESIAN_POINT('',(-2.45500592393191,32.4008062663623,12.15));
#8680=CARTESIAN_POINT('Origin',(-2.3676477396402,32.4008062663623,12.15));
#8681=CARTESIAN_POINT('',(-2.28028955534861,32.4008062663623,12.15));
#8682=CARTESIAN_POINT('',(-10.3338238698201,32.4008062663624,12.15));
#8683=CARTESIAN_POINT('',(-2.28028955534861,32.4008062663623,12.15));
#8684=CARTESIAN_POINT('Ctrl Pts',(-2.2089767518452,32.6628808192372,12.15));
#8685=CARTESIAN_POINT('Ctrl Pts',(-2.2089767518452,32.6628808192372,12.162));
#8686=CARTESIAN_POINT('Ctrl Pts',(-2.2089767518452,32.5888937856025,12.15));
#8687=CARTESIAN_POINT('Ctrl Pts',(-2.2089767518452,32.5888937856025,12.162));
#8688=CARTESIAN_POINT('Ctrl Pts',(-2.24552456364071,32.4569650991213,12.15));
#8689=CARTESIAN_POINT('Ctrl Pts',(-2.24552456364071,32.4569650991213,12.162));
#8690=CARTESIAN_POINT('Ctrl Pts',(-2.28028955534861,32.4008062663623,12.15));
#8691=CARTESIAN_POINT('Ctrl Pts',(-2.28028955534861,32.4008062663623,12.162));
#8692=CARTESIAN_POINT('',(-2.2089767518452,32.6628808192372,12.15));
#8693=CARTESIAN_POINT('Ctrl Pts',(-2.2089767518452,32.6628808192372,12.15));
#8694=CARTESIAN_POINT('Ctrl Pts',(-2.2089767518452,32.5888937856025,12.15));
#8695=CARTESIAN_POINT('Ctrl Pts',(-2.24552456364071,32.4569650991213,12.15));
#8696=CARTESIAN_POINT('Ctrl Pts',(-2.28028955534861,32.4008062663623,12.15));
#8697=CARTESIAN_POINT('',(-2.2089767518452,32.6628808192372,12.15));
#8698=CARTESIAN_POINT('Ctrl Pts',(-2.5236444973039,32.9588289537762,12.15));
#8699=CARTESIAN_POINT('Ctrl Pts',(-2.5236444973039,32.9588289537762,12.162));
#8700=CARTESIAN_POINT('Ctrl Pts',(-2.389932990735,32.9588289537762,12.15));
#8701=CARTESIAN_POINT('Ctrl Pts',(-2.389932990735,32.9588289537762,12.162));
#8702=CARTESIAN_POINT('Ctrl Pts',(-2.2089767518452,32.7921352755871,12.15));
#8703=CARTESIAN_POINT('Ctrl Pts',(-2.2089767518452,32.7921352755871,12.162));
#8704=CARTESIAN_POINT('Ctrl Pts',(-2.2089767518452,32.6628808192372,12.15));
#8705=CARTESIAN_POINT('Ctrl Pts',(-2.2089767518452,32.6628808192372,12.162));
#8706=CARTESIAN_POINT('',(-2.5236444973039,32.9588289537762,12.15));
#8707=CARTESIAN_POINT('Ctrl Pts',(-2.5236444973039,32.9588289537762,12.15));
#8708=CARTESIAN_POINT('Ctrl Pts',(-2.389932990735,32.9588289537762,12.15));
#8709=CARTESIAN_POINT('Ctrl Pts',(-2.2089767518452,32.7921352755871,12.15));
#8710=CARTESIAN_POINT('Ctrl Pts',(-2.2089767518452,32.6628808192372,12.15));
#8711=CARTESIAN_POINT('',(-2.5236444973039,32.9588289537762,12.15));
#8712=CARTESIAN_POINT('Ctrl Pts',(-2.7224289370695,32.9017787109735,12.15));
#8713=CARTESIAN_POINT('Ctrl Pts',(-2.7224289370695,32.9017787109735,12.162));
#8714=CARTESIAN_POINT('Ctrl Pts',(-2.68588112527401,32.9285210122873,12.15));
#8715=CARTESIAN_POINT('Ctrl Pts',(-2.68588112527401,32.9285210122873,12.162));
#8716=CARTESIAN_POINT('Ctrl Pts',(-2.5878260204569,32.9588289537762,12.15));
#8717=CARTESIAN_POINT('Ctrl Pts',(-2.5878260204569,32.9588289537762,12.162));
#8718=CARTESIAN_POINT('Ctrl Pts',(-2.5236444973039,32.9588289537762,12.15));
#8719=CARTESIAN_POINT('Ctrl Pts',(-2.5236444973039,32.9588289537762,12.162));
#8720=CARTESIAN_POINT('',(-2.7224289370695,32.9017787109735,12.15));
#8721=CARTESIAN_POINT('Ctrl Pts',(-2.7224289370695,32.9017787109735,12.15));
#8722=CARTESIAN_POINT('Ctrl Pts',(-2.68588112527401,32.9285210122873,12.15));
#8723=CARTESIAN_POINT('Ctrl Pts',(-2.5878260204569,32.9588289537762,12.15));
#8724=CARTESIAN_POINT('Ctrl Pts',(-2.5236444973039,32.9588289537762,12.15));
#8725=CARTESIAN_POINT('',(-2.7224289370695,32.9017787109735,12.15));
#8726=CARTESIAN_POINT('Ctrl Pts',(-2.8195926318429,32.7564788738354,12.15));
#8727=CARTESIAN_POINT('Ctrl Pts',(-2.8195926318429,32.7564788738354,12.162));
#8728=CARTESIAN_POINT('Ctrl Pts',(-2.8044386610984,32.8019407860688,12.15));
#8729=CARTESIAN_POINT('Ctrl Pts',(-2.8044386610984,32.8019407860688,12.162));
#8730=CARTESIAN_POINT('Ctrl Pts',(-2.75897674886501,32.874144999616,12.15));
#8731=CARTESIAN_POINT('Ctrl Pts',(-2.75897674886501,32.874144999616,12.162));
#8732=CARTESIAN_POINT('Ctrl Pts',(-2.7224289370695,32.9017787109735,12.15));
#8733=CARTESIAN_POINT('Ctrl Pts',(-2.7224289370695,32.9017787109735,12.162));
#8734=CARTESIAN_POINT('',(-2.8195926318429,32.7564788738354,12.15));
#8735=CARTESIAN_POINT('Ctrl Pts',(-2.8195926318429,32.7564788738354,12.15));
#8736=CARTESIAN_POINT('Ctrl Pts',(-2.8044386610984,32.8019407860688,12.15));
#8737=CARTESIAN_POINT('Ctrl Pts',(-2.75897674886501,32.874144999616,12.15));
#8738=CARTESIAN_POINT('Ctrl Pts',(-2.7224289370695,32.9017787109735,12.15));
#8739=CARTESIAN_POINT('',(-2.8195926318429,32.7564788738354,12.15));
#8740=CARTESIAN_POINT('Ctrl Pts',(-2.8695115942952,32.5969164759966,12.15));
#8741=CARTESIAN_POINT('Ctrl Pts',(-2.8695115942952,32.5969164759966,12.162));
#8742=CARTESIAN_POINT('Ctrl Pts',(-2.8552490335946,32.6379213380111,12.15));
#8743=CARTESIAN_POINT('Ctrl Pts',(-2.8552490335946,32.6379213380111,12.162));
#8744=CARTESIAN_POINT('Ctrl Pts',(-2.83563801263111,32.7056685013393,12.15));
#8745=CARTESIAN_POINT('Ctrl Pts',(-2.83563801263111,32.7056685013393,12.162));
#8746=CARTESIAN_POINT('Ctrl Pts',(-2.8195926318429,32.7564788738354,12.15));
#8747=CARTESIAN_POINT('Ctrl Pts',(-2.8195926318429,32.7564788738354,12.162));
#8748=CARTESIAN_POINT('',(-2.8695115942952,32.5969164759966,12.15));
#8749=CARTESIAN_POINT('Ctrl Pts',(-2.8695115942952,32.5969164759966,12.15));
#8750=CARTESIAN_POINT('Ctrl Pts',(-2.8552490335946,32.6379213380111,12.15));
#8751=CARTESIAN_POINT('Ctrl Pts',(-2.83563801263111,32.7056685013393,12.15));
#8752=CARTESIAN_POINT('Ctrl Pts',(-2.8195926318429,32.7564788738354,12.15));
#8753=CARTESIAN_POINT('',(-2.8695115942952,32.5969164759966,12.15));
#8754=CARTESIAN_POINT('Ctrl Pts',(-3.037988092572,32.488164450654,12.15));
#8755=CARTESIAN_POINT('Ctrl Pts',(-3.037988092572,32.488164450654,12.162));
#8756=CARTESIAN_POINT('Ctrl Pts',(-2.97202374933131,32.488164450654,12.15));
#8757=CARTESIAN_POINT('Ctrl Pts',(-2.97202374933131,32.488164450654,12.162));
#8758=CARTESIAN_POINT('Ctrl Pts',(-2.8900140253025,32.5407576432377,12.15));
#8759=CARTESIAN_POINT('Ctrl Pts',(-2.8900140253025,32.5407576432377,12.162));
#8760=CARTESIAN_POINT('Ctrl Pts',(-2.8695115942952,32.5969164759966,12.15));
#8761=CARTESIAN_POINT('Ctrl Pts',(-2.8695115942952,32.5969164759966,12.162));
#8762=CARTESIAN_POINT('',(-3.037988092572,32.488164450654,12.15));
#8763=CARTESIAN_POINT('Ctrl Pts',(-3.037988092572,32.488164450654,12.15));
#8764=CARTESIAN_POINT('Ctrl Pts',(-2.97202374933131,32.488164450654,12.15));
#8765=CARTESIAN_POINT('Ctrl Pts',(-2.8900140253025,32.5407576432377,12.15));
#8766=CARTESIAN_POINT('Ctrl Pts',(-2.8695115942952,32.5969164759966,12.15));
#8767=CARTESIAN_POINT('',(-3.037988092572,32.488164450654,12.15));
#8768=CARTESIAN_POINT('Ctrl Pts',(-3.2216185615931,32.6842746602883,12.15));
#8769=CARTESIAN_POINT('Ctrl Pts',(-3.2216185615931,32.6842746602883,12.162));
#8770=CARTESIAN_POINT('Ctrl Pts',(-3.2216185615931,32.5871109655149,12.15));
#8771=CARTESIAN_POINT('Ctrl Pts',(-3.2216185615931,32.5871109655149,12.162));
#8772=CARTESIAN_POINT('Ctrl Pts',(-3.1208892266446,32.488164450654,12.15));
#8773=CARTESIAN_POINT('Ctrl Pts',(-3.1208892266446,32.488164450654,12.162));
#8774=CARTESIAN_POINT('Ctrl Pts',(-3.037988092572,32.488164450654,12.15));
#8775=CARTESIAN_POINT('Ctrl Pts',(-3.037988092572,32.488164450654,12.162));
#8776=CARTESIAN_POINT('',(-3.2216185615931,32.6842746602883,12.15));
#8777=CARTESIAN_POINT('Ctrl Pts',(-3.2216185615931,32.6842746602883,12.15));
#8778=CARTESIAN_POINT('Ctrl Pts',(-3.2216185615931,32.5871109655149,12.15));
#8779=CARTESIAN_POINT('Ctrl Pts',(-3.1208892266446,32.488164450654,12.15));
#8780=CARTESIAN_POINT('Ctrl Pts',(-3.037988092572,32.488164450654,12.15));
#8781=CARTESIAN_POINT('',(-3.2216185615931,32.6842746602883,12.15));
#8782=CARTESIAN_POINT('Ctrl Pts',(-3.0789929545864,32.9570461336887,12.15));
#8783=CARTESIAN_POINT('Ctrl Pts',(-3.0789929545864,32.9570461336887,12.162));
#8784=CARTESIAN_POINT('Ctrl Pts',(-3.1467401179146,32.8991044808422,12.15));
#8785=CARTESIAN_POINT('Ctrl Pts',(-3.1467401179146,32.8991044808422,12.162));
#8786=CARTESIAN_POINT('Ctrl Pts',(-3.2216185615931,32.7520218236165,12.15));
#8787=CARTESIAN_POINT('Ctrl Pts',(-3.2216185615931,32.7520218236165,12.162));
#8788=CARTESIAN_POINT('Ctrl Pts',(-3.2216185615931,32.6842746602883,12.15));
#8789=CARTESIAN_POINT('Ctrl Pts',(-3.2216185615931,32.6842746602883,12.162));
#8790=CARTESIAN_POINT('',(-3.0789929545864,32.9570461336887,12.15));
#8791=CARTESIAN_POINT('Ctrl Pts',(-3.0789929545864,32.9570461336887,12.15));
#8792=CARTESIAN_POINT('Ctrl Pts',(-3.1467401179146,32.8991044808422,12.15));
#8793=CARTESIAN_POINT('Ctrl Pts',(-3.2216185615931,32.7520218236165,12.15));
#8794=CARTESIAN_POINT('Ctrl Pts',(-3.2216185615931,32.6842746602883,12.15));
#8795=CARTESIAN_POINT('',(-3.0789929545864,32.9570461336887,12.15));
#8796=CARTESIAN_POINT('Origin',(-3.0789929545864,32.9610574788857,12.15));
#8797=CARTESIAN_POINT('',(-3.0789929545864,32.9650688240828,12.15));
#8798=CARTESIAN_POINT('',(-3.0789929545864,34.2805287394429,12.15));
#8799=CARTESIAN_POINT('',(-3.0789929545864,32.9650688240828,12.15));
#8800=CARTESIAN_POINT('Origin',(-3.170808189097,32.9650688240828,12.15));
#8801=CARTESIAN_POINT('',(-10.7354040945485,32.9650688240828,12.15));
#8802=CARTESIAN_POINT('Origin',(-18.3,35.6,12.15));
#8803=CARTESIAN_POINT('',(-37.45,29.55,12.15));
#8804=CARTESIAN_POINT('',(0.849999999999991,29.55,12.15));
#8805=CARTESIAN_POINT('',(-37.45,29.55,12.15));
#8806=CARTESIAN_POINT('',(0.85,41.65,12.15));
#8807=CARTESIAN_POINT('',(0.849999999999991,29.55,12.15));
#8808=CARTESIAN_POINT('',(-37.45,41.65,12.15));
#8809=CARTESIAN_POINT('',(0.85,41.65,12.15));
#8810=CARTESIAN_POINT('',(-37.45,41.65,12.15));
#8811=CARTESIAN_POINT('',(-31.15,41.4,12.15));
#8812=CARTESIAN_POINT('',(-31.15,29.8,12.15));
#8813=CARTESIAN_POINT('',(-31.15,41.4,12.15));
#8814=CARTESIAN_POINT('',(-4.05000000000001,41.4,12.15));
#8815=CARTESIAN_POINT('',(-11.175,41.4,12.15));
#8816=CARTESIAN_POINT('',(-4.05000000000001,29.8,12.15));
#8817=CARTESIAN_POINT('',(-4.05000000000001,32.7,12.15));
#8818=CARTESIAN_POINT('',(-26.175,29.8,12.15));
#8819=CARTESIAN_POINT('Origin',(-18.3,35.6,12.15));
#8820=CARTESIAN_POINT('Origin',(-18.3,35.6,12.15));
#8821=CARTESIAN_POINT('Origin',(-33.55,32.3,12.8));
#8822=CARTESIAN_POINT('',(-33.55,31.8,13.51));
#8823=CARTESIAN_POINT('',(-34.05,32.3,13.51));
#8824=CARTESIAN_POINT('Origin',(-33.55,32.3,13.51));
#8825=CARTESIAN_POINT('',(-34.05,32.3,13.45));
#8826=CARTESIAN_POINT('',(-34.05,32.3,12.8));
#8827=CARTESIAN_POINT('',(-33.55,31.8,13.45));
#8828=CARTESIAN_POINT('Origin',(-33.55,32.3,13.45));
#8829=CARTESIAN_POINT('',(-33.55,31.8,12.8));
#8830=CARTESIAN_POINT('Origin',(-34.05,41.4,12.15));
#8831=CARTESIAN_POINT('',(-34.05,29.8,13.45));
#8832=CARTESIAN_POINT('',(-34.05,29.8,13.45));
#8833=CARTESIAN_POINT('',(-34.05,35.25,13.51));
#8834=CARTESIAN_POINT('',(-34.05,41.25,13.51));
#8835=CARTESIAN_POINT('',(-34.05,35.25,13.45));
#8836=CARTESIAN_POINT('',(-34.05,35.25,13.45));
#8837=CARTESIAN_POINT('',(-34.05,41.25,13.45));
#8838=CARTESIAN_POINT('',(-34.05,29.8,13.45));
#8839=CARTESIAN_POINT('',(-34.05,41.4,13.45));
#8840=CARTESIAN_POINT('',(-34.05,29.8,13.45));
#8841=CARTESIAN_POINT('',(-34.05,41.4,12.8));
#8842=CARTESIAN_POINT('',(-34.05,41.4,12.15));
#8843=CARTESIAN_POINT('',(-34.05,41.25,12.8));
#8844=CARTESIAN_POINT('',(-34.05,41.4,12.8));
#8845=CARTESIAN_POINT('',(-34.05,34.75,12.8));
#8846=CARTESIAN_POINT('',(-34.05,38.075,12.8));
#8847=CARTESIAN_POINT('',(-34.05,29.8,12.8));
#8848=CARTESIAN_POINT('',(-34.05,41.4,12.8));
#8849=CARTESIAN_POINT('',(-34.05,29.8,12.15));
#8850=CARTESIAN_POINT('Origin',(-35.4803239151537,38.25,13.51));
#8851=CARTESIAN_POINT('',(-30.8,31.8,13.51));
#8852=CARTESIAN_POINT('',(-34.05,31.8,13.51));
#8853=CARTESIAN_POINT('',(-30.3,32.3,13.51));
#8854=CARTESIAN_POINT('Origin',(-30.8,32.3,13.51));
#8855=CARTESIAN_POINT('',(-30.3,40.75,13.51));
#8856=CARTESIAN_POINT('',(-30.3,32.3,13.51));
#8857=CARTESIAN_POINT('',(-30.8,41.25,13.51));
#8858=CARTESIAN_POINT('Origin',(-30.8,40.75,13.51));
#8859=CARTESIAN_POINT('',(-34.05,41.25,13.51));
#8860=CARTESIAN_POINT('',(-30.8,41.25,13.51));
#8861=CARTESIAN_POINT('',(-34.05,36.925,13.51));
#8862=CARTESIAN_POINT('Origin',(-35.4305550925536,38.25,13.1323259073447));
#8863=CARTESIAN_POINT('',(-34.0589980421738,41.25,13.4489748025914));
#8864=CARTESIAN_POINT('',(-34.0589980421738,35.25,13.4489748025914));
#8865=CARTESIAN_POINT('',(-34.0589980421738,36.925,13.4489748025914));
#8866=CARTESIAN_POINT('',(-36.4728154486445,35.25,12.8917011442521));
#8867=CARTESIAN_POINT('',(-36.4728154486445,35.25,12.8917011442521));
#8868=CARTESIAN_POINT('',(-36.9600004810371,35.75,12.7792256170802));
#8869=CARTESIAN_POINT('Origin',(-36.4728154486445,35.75,12.8917011442521));
#8870=CARTESIAN_POINT('',(-36.9600004810371,40.75,12.7792256170802));
#8871=CARTESIAN_POINT('',(-36.9600004810371,40.75,12.7792256170802));
#8872=CARTESIAN_POINT('',(-36.4728154486445,41.25,12.8917011442521));
#8873=CARTESIAN_POINT('Origin',(-36.4728154486445,40.75,12.8917011442521));
#8874=CARTESIAN_POINT('',(-30.8701875761294,41.25,14.1851697067294));
#8875=CARTESIAN_POINT('Origin',(-34.05,38.25,13.41));
#8876=CARTESIAN_POINT('',(-34.0724951054344,35.25,13.5074370064785));
#8877=CARTESIAN_POINT('',(-34.0724951054344,41.25,13.5074370064785));
#8878=CARTESIAN_POINT('',(-34.0724951054344,36.925,13.5074370064785));
#8879=CARTESIAN_POINT('Origin',(-34.05,35.25,13.41));
#8880=CARTESIAN_POINT('Origin',(-34.05,41.25,13.41));
#8881=CARTESIAN_POINT('Origin',(-36.4728154486445,35.25,12.8917011442521));
#8882=CARTESIAN_POINT('',(-36.4863125119051,35.25,12.9501633481392));
#8883=CARTESIAN_POINT('',(-36.4863125119051,35.25,12.9501633481392));
#8884=CARTESIAN_POINT('',(-36.4728154486445,35.25,12.8917011442521));
#8885=CARTESIAN_POINT('Origin',(-34.05,35.25,13.41));
#8886=CARTESIAN_POINT('Origin',(-36.8,34.75,12.21));
#8887=CARTESIAN_POINT('',(-36.8,34.75,12.21));
#8888=CARTESIAN_POINT('',(-36.8,41.25,12.21));
#8889=CARTESIAN_POINT('',(-36.8,34.75,12.21));
#8890=CARTESIAN_POINT('',(-31.2426911687549,41.25,12.21));
#8891=CARTESIAN_POINT('',(-36.8,41.25,12.21));
#8892=CARTESIAN_POINT('',(-31.2426911687549,34.75,12.21));
#8893=CARTESIAN_POINT('',(-31.2426911687549,34.75,12.21));
#8894=CARTESIAN_POINT('',(-36.8,34.75,12.21));
#8895=CARTESIAN_POINT('Origin',(-36.8,41.25,12.27));
#8896=CARTESIAN_POINT('',(-36.8,41.25,12.27));
#8897=CARTESIAN_POINT('',(-36.8,34.75,12.27));
#8898=CARTESIAN_POINT('',(-36.8,41.25,12.27));
#8899=CARTESIAN_POINT('',(-31.2426911687549,34.75,12.27));
#8900=CARTESIAN_POINT('',(-36.8,34.75,12.27));
#8901=CARTESIAN_POINT('',(-31.2426911687549,41.25,12.27));
#8902=CARTESIAN_POINT('',(-31.2426911687549,41.25,12.27));
#8903=CARTESIAN_POINT('',(-36.8,41.25,12.27));
#8904=CARTESIAN_POINT('Origin',(-36.8,38.,12.46));
#8905=CARTESIAN_POINT('',(-37.05,34.75,12.46));
#8906=CARTESIAN_POINT('',(-37.05,41.25,12.46));
#8907=CARTESIAN_POINT('',(-37.05,34.75,12.46));
#8908=CARTESIAN_POINT('Origin',(-36.8,41.25,12.46));
#8909=CARTESIAN_POINT('Origin',(-36.8,34.75,12.46));
#8910=CARTESIAN_POINT('Origin',(-36.8,38.,12.46));
#8911=CARTESIAN_POINT('',(-36.99,41.25,12.46));
#8912=CARTESIAN_POINT('',(-36.99,34.75,12.46));
#8913=CARTESIAN_POINT('',(-36.99,41.25,12.46));
#8914=CARTESIAN_POINT('Origin',(-36.8,34.75,12.46));
#8915=CARTESIAN_POINT('Origin',(-36.8,41.25,12.46));
#8916=CARTESIAN_POINT('Origin',(-37.05,34.75,12.55));
#8917=CARTESIAN_POINT('',(-37.05,34.75,12.55));
#8918=CARTESIAN_POINT('',(-37.05,41.25,12.55));
#8919=CARTESIAN_POINT('',(-37.05,34.75,12.55));
#8920=CARTESIAN_POINT('',(-37.05,41.25,12.55));
#8921=CARTESIAN_POINT('',(-37.05,34.75,12.55));
#8922=CARTESIAN_POINT('Origin',(-36.99,41.25,12.55));
#8923=CARTESIAN_POINT('',(-36.99,41.25,12.55));
#8924=CARTESIAN_POINT('',(-36.99,34.75,12.55));
#8925=CARTESIAN_POINT('',(-36.99,41.25,12.55));
#8926=CARTESIAN_POINT('',(-36.99,34.75,12.55));
#8927=CARTESIAN_POINT('',(-36.99,41.25,12.55));
#8928=CARTESIAN_POINT('Origin',(-36.8,38.,12.55));
#8929=CARTESIAN_POINT('',(-36.8,34.75,12.8));
#8930=CARTESIAN_POINT('',(-36.8,41.25,12.8));
#8931=CARTESIAN_POINT('',(-36.8,34.75,12.8));
#8932=CARTESIAN_POINT('Origin',(-36.8,41.25,12.55));
#8933=CARTESIAN_POINT('Origin',(-36.8,34.75,12.55));
#8934=CARTESIAN_POINT('Origin',(-36.8,38.,12.55));
#8935=CARTESIAN_POINT('',(-36.8,41.25,12.74));
#8936=CARTESIAN_POINT('',(-36.8,34.75,12.74));
#8937=CARTESIAN_POINT('',(-36.8,41.25,12.74));
#8938=CARTESIAN_POINT('Origin',(-36.8,34.75,12.55));
#8939=CARTESIAN_POINT('Origin',(-36.8,41.25,12.55));
#8940=CARTESIAN_POINT('Origin',(-34.05,34.75,12.8));
#8941=CARTESIAN_POINT('',(-34.05,41.25,12.8));
#8942=CARTESIAN_POINT('',(-34.05,34.75,12.8));
#8943=CARTESIAN_POINT('Origin',(-31.2426911687549,38.,12.24));
#8944=CARTESIAN_POINT('',(-31.2426911687549,41.25,12.21));
#8945=CARTESIAN_POINT('',(-31.2426911687549,34.75,12.27));
#8946=CARTESIAN_POINT('Origin',(-34.05,34.75,12.74));
#8947=CARTESIAN_POINT('',(-31.15,34.75,12.74));
#8948=CARTESIAN_POINT('',(-31.15,41.25,12.74));
#8949=CARTESIAN_POINT('',(-31.15,38.075,12.74));
#8950=CARTESIAN_POINT('',(-34.05,34.75,12.74));
#8951=CARTESIAN_POINT('',(-34.05,41.25,12.74));
#8952=CARTESIAN_POINT('Origin',(-34.05,34.75,12.8));
#8953=CARTESIAN_POINT('',(-31.15,34.75,12.8));
#8954=CARTESIAN_POINT('',(-31.15,34.75,12.475));
#8955=CARTESIAN_POINT('',(-32.6,34.75,12.8));
#8956=CARTESIAN_POINT('Origin',(-34.05,41.25,12.74));
#8957=CARTESIAN_POINT('',(-31.15,41.25,12.8));
#8958=CARTESIAN_POINT('',(-31.15,41.25,12.445));
#8959=CARTESIAN_POINT('',(-32.6,41.25,12.8));
#8960=CARTESIAN_POINT('Origin',(-31.15,41.4,12.8));
#8961=CARTESIAN_POINT('',(-31.15,29.8,12.8));
#8962=CARTESIAN_POINT('',(-31.15,41.4,12.8));
#8963=CARTESIAN_POINT('',(-32.6,29.8,12.8));
#8964=CARTESIAN_POINT('Origin',(-31.15,41.4,12.8));
#8965=CARTESIAN_POINT('',(-31.15,41.4,12.8));
#8966=CARTESIAN_POINT('',(-17.6,41.4,12.8));
#8967=CARTESIAN_POINT('',(-31.15,41.4,12.8));
#8968=CARTESIAN_POINT('Origin',(-30.8,40.75,13.45));
#8969=CARTESIAN_POINT('',(-30.8,41.25,13.45));
#8970=CARTESIAN_POINT('',(-30.3,40.75,13.45));
#8971=CARTESIAN_POINT('Origin',(-30.8,40.75,13.45));
#8972=CARTESIAN_POINT('',(-30.8,41.25,13.45));
#8973=CARTESIAN_POINT('',(-30.3,40.75,13.45));
#8974=CARTESIAN_POINT('Origin',(-30.3,32.3,13.45));
#8975=CARTESIAN_POINT('',(-30.3,32.3,13.45));
#8976=CARTESIAN_POINT('',(-30.3,33.95,13.45));
#8977=CARTESIAN_POINT('',(-30.3,32.3,13.45));
#8978=CARTESIAN_POINT('Origin',(-30.8,32.3,13.45));
#8979=CARTESIAN_POINT('',(-30.8,31.8,13.45));
#8980=CARTESIAN_POINT('Origin',(-30.8,32.3,13.45));
#8981=CARTESIAN_POINT('',(-30.8,31.8,13.45));
#8982=CARTESIAN_POINT('Origin',(-34.05,31.8,13.45));
#8983=CARTESIAN_POINT('',(-26.55,31.8,13.45));
#8984=CARTESIAN_POINT('Origin',(-36.4728154486445,35.75,12.8917011442521));
#8985=CARTESIAN_POINT('',(-36.9734975442977,35.75,12.8376878209673));
#8986=CARTESIAN_POINT('Origin',(-36.4863125119051,35.75,12.9501633481392));
#8987=CARTESIAN_POINT('',(-36.9600004810371,35.75,12.7792256170802));
#8988=CARTESIAN_POINT('Origin',(-36.9600004810371,40.75,12.7792256170802));
#8989=CARTESIAN_POINT('',(-36.9734975442977,40.75,12.8376878209673));
#8990=CARTESIAN_POINT('',(-36.9734975442977,40.75,12.8376878209673));
#8991=CARTESIAN_POINT('',(-36.9600004810371,40.75,12.7792256170802));
#8992=CARTESIAN_POINT('Origin',(-36.4728154486445,40.75,12.8917011442521));
#8993=CARTESIAN_POINT('',(-36.4863125119051,41.25,12.9501633481392));
#8994=CARTESIAN_POINT('Origin',(-36.4863125119051,40.75,12.9501633481392));
#8995=CARTESIAN_POINT('',(-36.4728154486445,41.25,12.8917011442521));
#8996=CARTESIAN_POINT('Origin',(-34.0368902866814,41.25,13.4540787801118));
#8997=CARTESIAN_POINT('',(-30.88368463939,41.25,14.2436319106165));
#8998=CARTESIAN_POINT('',(-26.55,41.25,13.45));
#8999=CARTESIAN_POINT('Origin',(-34.05,41.25,13.41));
#9000=CARTESIAN_POINT('Origin',(-35.4440521558142,38.25,13.1907881112318));
#9001=CARTESIAN_POINT('Origin',(-34.05,38.25,13.41));
#9002=CARTESIAN_POINT('Origin',(-30.,41.25,13.45));
#9003=CARTESIAN_POINT('',(-30.,29.95,13.45));
#9004=CARTESIAN_POINT('',(-30.,41.25,13.45));
#9005=CARTESIAN_POINT('',(-30.,38.425,13.45));
#9006=CARTESIAN_POINT('',(-30.,29.95,13.51));
#9007=CARTESIAN_POINT('',(-30.,29.95,13.45));
#9008=CARTESIAN_POINT('',(-30.,41.25,13.51));
#9009=CARTESIAN_POINT('',(-30.,29.95,13.51));
#9010=CARTESIAN_POINT('',(-30.,41.25,13.45));
#9011=CARTESIAN_POINT('Origin',(-4.2,41.25,13.45));
#9012=CARTESIAN_POINT('',(-4.2,41.25,13.45));
#9013=CARTESIAN_POINT('',(-11.625,41.25,13.45));
#9014=CARTESIAN_POINT('',(-4.2,41.25,13.51));
#9015=CARTESIAN_POINT('',(-30.,41.25,13.51));
#9016=CARTESIAN_POINT('',(-4.2,41.25,13.45));
#9017=CARTESIAN_POINT('Origin',(-4.2,29.95,13.45));
#9018=CARTESIAN_POINT('',(-4.2,29.95,13.45));
#9019=CARTESIAN_POINT('',(-4.2,32.775,13.45));
#9020=CARTESIAN_POINT('',(-4.2,29.95,13.51));
#9021=CARTESIAN_POINT('',(-4.2,41.25,13.51));
#9022=CARTESIAN_POINT('',(-4.2,29.95,13.45));
#9023=CARTESIAN_POINT('Origin',(-30.,29.95,13.45));
#9024=CARTESIAN_POINT('',(-24.525,29.95,13.45));
#9025=CARTESIAN_POINT('',(-4.2,29.95,13.51));
#9026=CARTESIAN_POINT('Origin',(-17.1,35.6,13.51));
#9027=CARTESIAN_POINT('Origin',(-31.15,41.4,12.15));
#9028=CARTESIAN_POINT('',(-31.15,41.4,12.15));
#9029=CARTESIAN_POINT('',(-31.15,29.8,12.15));
#9030=CARTESIAN_POINT('Origin',(-34.05,29.8,12.15));
#9031=CARTESIAN_POINT('',(-4.05000000000001,29.8,13.45));
#9032=CARTESIAN_POINT('',(-4.05000000000001,29.8,12.15));
#9033=CARTESIAN_POINT('',(-4.05000000000001,29.8,13.45));
#9034=CARTESIAN_POINT('Origin',(-4.05000000000001,41.4,12.15));
#9035=CARTESIAN_POINT('',(-4.05000000000001,41.4,13.45));
#9036=CARTESIAN_POINT('',(-34.05,41.4,13.45));
#9037=CARTESIAN_POINT('',(-4.05000000000001,41.4,12.15));
#9038=CARTESIAN_POINT('Origin',(-4.05000000000001,29.8,12.15));
#9039=CARTESIAN_POINT('',(-4.05000000000001,41.4,13.45));
#9040=CARTESIAN_POINT('Origin',(-19.05,35.6,13.45));
#9041=CARTESIAN_POINT('Origin',(-0.750000000000006,39.41,-28.0323655351449));
#9042=CARTESIAN_POINT('',(-0.250000000000006,39.41,-28.0323655351449));
#9043=CARTESIAN_POINT('Origin',(-0.750000000000006,34.33,-28.0323655351449));
#9044=CARTESIAN_POINT('',(-0.250000000000006,34.33,-28.0323655351449));
#9045=CARTESIAN_POINT('Origin',(-0.750000000000006,36.87,-28.0323655351449));
#9046=CARTESIAN_POINT('',(-0.250000000000006,36.87,-28.0323655351449));
#9047=CARTESIAN_POINT('Origin',(-0.750000000000006,31.79,-28.0323655351449));
#9048=CARTESIAN_POINT('',(-0.250000000000006,31.79,-28.0323655351449));
#9049=CARTESIAN_POINT('Origin',(0.849999999999991,29.55,11.));
#9050=CARTESIAN_POINT('',(0.849999999999991,29.55,11.));
#9051=CARTESIAN_POINT('',(0.85,41.65,11.));
#9052=CARTESIAN_POINT('',(0.849999999999991,29.55,11.));
#9053=CARTESIAN_POINT('',(0.85,41.65,11.));
#9054=CARTESIAN_POINT('',(0.849999999999991,29.55,11.));
#9055=CARTESIAN_POINT('Origin',(-37.45,29.55,11.));
#9056=CARTESIAN_POINT('',(-37.45,29.55,11.));
#9057=CARTESIAN_POINT('',(-37.45,29.55,11.));
#9058=CARTESIAN_POINT('',(-37.45,29.55,11.));
#9059=CARTESIAN_POINT('Origin',(-37.45,41.65,11.));
#9060=CARTESIAN_POINT('',(-37.45,41.65,11.));
#9061=CARTESIAN_POINT('',(-37.45,41.65,11.));
#9062=CARTESIAN_POINT('',(-37.45,41.65,11.));
#9063=CARTESIAN_POINT('Origin',(0.85,41.65,11.));
#9064=CARTESIAN_POINT('',(0.85,41.65,11.));
#9065=CARTESIAN_POINT('Origin',(-18.3,35.6,12.15));
#9066=CARTESIAN_POINT('Origin',(-18.3,35.6,11.));
#9067=UNCERTAINTY_MEASURE_WITH_UNIT(LENGTH_MEASURE(0.01),#9071,
'DISTANCE_ACCURACY_VALUE',
'Maximum model space distance between geometric entities at asserted c
onnectivities');
#9068=UNCERTAINTY_MEASURE_WITH_UNIT(LENGTH_MEASURE(0.01),#9071,
'DISTANCE_ACCURACY_VALUE',
'Maximum model space distance between geometric entities at asserted c
onnectivities');
#9069=(
GEOMETRIC_REPRESENTATION_CONTEXT(3)
GLOBAL_UNCERTAINTY_ASSIGNED_CONTEXT((#9067))
GLOBAL_UNIT_ASSIGNED_CONTEXT((#9071,#9073,#9074))
REPRESENTATION_CONTEXT('','3D')
);
#9070=(
GEOMETRIC_REPRESENTATION_CONTEXT(3)
GLOBAL_UNCERTAINTY_ASSIGNED_CONTEXT((#9068))
GLOBAL_UNIT_ASSIGNED_CONTEXT((#9071,#9073,#9074))
REPRESENTATION_CONTEXT('','3D')
);
#9071=(
LENGTH_UNIT()
NAMED_UNIT(*)
SI_UNIT(.MILLI.,.METRE.)
);
#9072=(
LENGTH_UNIT()
NAMED_UNIT(*)
SI_UNIT($,.METRE.)
);
#9073=(
NAMED_UNIT(*)
PLANE_ANGLE_UNIT()
SI_UNIT($,.RADIAN.)
);
#9074=(
NAMED_UNIT(*)
SI_UNIT($,.STERADIAN.)
SOLID_ANGLE_UNIT()
);
#9075=SHAPE_DEFINITION_REPRESENTATION(#9076,#9077);
#9076=PRODUCT_DEFINITION_SHAPE('',$,#9079);
#9077=SHAPE_REPRESENTATION('',(#5069),#9069);
#9078=PRODUCT_DEFINITION_CONTEXT('part definition',#9083,'design');
#9079=PRODUCT_DEFINITION('oled','oled',#9080,#9078);
#9080=PRODUCT_DEFINITION_FORMATION('',$,#9085);
#9081=PRODUCT_RELATED_PRODUCT_CATEGORY('oled','oled',(#9085));
#9082=APPLICATION_PROTOCOL_DEFINITION('international standard',
'automotive_design',2009,#9083);
#9083=APPLICATION_CONTEXT(
'Core Data for Automotive Mechanical Design Process');
#9084=PRODUCT_CONTEXT('part definition',#9083,'mechanical');
#9085=PRODUCT('oled','oled',$,(#9084));
#9086=PRESENTATION_STYLE_ASSIGNMENT((#9094));
#9087=PRESENTATION_STYLE_ASSIGNMENT((#9095));
#9088=PRESENTATION_STYLE_ASSIGNMENT((#9096));
#9089=PRESENTATION_STYLE_ASSIGNMENT((#9097));
#9090=PRESENTATION_STYLE_ASSIGNMENT((#9098));
#9091=PRESENTATION_STYLE_ASSIGNMENT((#9099));
#9092=PRESENTATION_STYLE_ASSIGNMENT((#9100));
#9093=PRESENTATION_STYLE_ASSIGNMENT((#9101));
#9094=SURFACE_STYLE_USAGE(.BOTH.,#9102);
#9095=SURFACE_STYLE_USAGE(.BOTH.,#9103);
#9096=SURFACE_STYLE_USAGE(.BOTH.,#9104);
#9097=SURFACE_STYLE_USAGE(.BOTH.,#9105);
#9098=SURFACE_STYLE_USAGE(.BOTH.,#9106);
#9099=SURFACE_STYLE_USAGE(.BOTH.,#9107);
#9100=SURFACE_STYLE_USAGE(.BOTH.,#9108);
#9101=SURFACE_STYLE_USAGE(.BOTH.,#9109);
#9102=SURFACE_SIDE_STYLE('',(#9110));
#9103=SURFACE_SIDE_STYLE('',(#9111));
#9104=SURFACE_SIDE_STYLE('',(#9112));
#9105=SURFACE_SIDE_STYLE('',(#9113));
#9106=SURFACE_SIDE_STYLE('',(#9114));
#9107=SURFACE_SIDE_STYLE('',(#9115));
#9108=SURFACE_SIDE_STYLE('',(#9116));
#9109=SURFACE_SIDE_STYLE('',(#9117));
#9110=SURFACE_STYLE_FILL_AREA(#9118);
#9111=SURFACE_STYLE_FILL_AREA(#9119);
#9112=SURFACE_STYLE_FILL_AREA(#9120);
#9113=SURFACE_STYLE_FILL_AREA(#9121);
#9114=SURFACE_STYLE_FILL_AREA(#9122);
#9115=SURFACE_STYLE_FILL_AREA(#9123);
#9116=SURFACE_STYLE_FILL_AREA(#9124);
#9117=SURFACE_STYLE_FILL_AREA(#9125);
#9118=FILL_AREA_STYLE('Steel - Satin',(#9126));
#9119=FILL_AREA_STYLE('Opaque(69,80,94)',(#9127));
#9120=FILL_AREA_STYLE('Opaque(244,244,244)',(#9128));
#9121=FILL_AREA_STYLE('Opaque(242,242,255)',(#9129));
#9122=FILL_AREA_STYLE('Opaque(10,74,171)',(#9130));
#9123=FILL_AREA_STYLE('Opaque(5,5,5)',(#9131));
#9124=FILL_AREA_STYLE('Opaque(204,204,204)',(#9132));
#9125=FILL_AREA_STYLE('Opaque(10,10,10)',(#9133));
#9126=FILL_AREA_STYLE_COLOUR('Steel - Satin',#9134);
#9127=FILL_AREA_STYLE_COLOUR('Opaque(69,80,94)',#9135);
#9128=FILL_AREA_STYLE_COLOUR('Opaque(244,244,244)',#9136);
#9129=FILL_AREA_STYLE_COLOUR('Opaque(242,242,255)',#9137);
#9130=FILL_AREA_STYLE_COLOUR('Opaque(10,74,171)',#9138);
#9131=FILL_AREA_STYLE_COLOUR('Opaque(5,5,5)',#9139);
#9132=FILL_AREA_STYLE_COLOUR('Opaque(204,204,204)',#9140);
#9133=FILL_AREA_STYLE_COLOUR('Opaque(10,10,10)',#9141);
#9134=COLOUR_RGB('Steel - Satin',0.627450980392157,0.627450980392157,0.627450980392157);
#9135=COLOUR_RGB('Opaque(69,80,94)',0.270588235294118,0.313725490196078,
0.368627450980392);
#9136=COLOUR_RGB('Opaque(244,244,244)',0.956862745098039,0.956862745098039,
0.956862745098039);
#9137=COLOUR_RGB('Opaque(242,242,255)',0.949019607843137,0.949019607843137,
1.);
#9138=COLOUR_RGB('Opaque(10,74,171)',0.0392156862745098,0.290196078431373,
0.670588235294118);
#9139=COLOUR_RGB('Opaque(5,5,5)',0.0196078431372549,0.0196078431372549,
0.0196078431372549);
#9140=COLOUR_RGB('Opaque(204,204,204)',0.8,0.8,0.8);
#9141=COLOUR_RGB('Opaque(10,10,10)',0.0392156862745098,0.0392156862745098,
0.0392156862745098);
ENDSEC;
END-ISO-10303-21;
