ISO-10303-21;
HEADER;
/* Generated by software containing ST-Developer
 * from STEP Tools, Inc. (www.steptools.com) 
 */

FILE_DESCRIPTION(
/* description */ (''),
/* implementation_level */ '2;1');

FILE_NAME(
/* name */ 'TopPanel.step',
/* time_stamp */ '2026-05-14T16:30:23+05:30',
/* author */ (''),
/* organization */ (''),
/* preprocessor_version */ 'ST-DEVELOPER v20.1',
/* originating_system */ 'Autodesk Translation Framework v15.8.0.0',
/* authorisation */ '');

FILE_SCHEMA (('AUTOMOTIVE_DESIGN { 1 0 10303 214 3 1 1 }'));
ENDSEC;

DATA;
#10=MECHANICAL_DESIGN_GEOMETRIC_PRESENTATION_REPRESENTATION('',(#13),#5122);
#11=SHAPE_REPRESENTATION_RELATIONSHIP('SRR','None',#5129,#12);
#12=ADVANCED_BREP_SHAPE_REPRESENTATION('',(#14),#5121);
#13=STYLED_ITEM('',(#5139),#14);
#14=MANIFOLD_SOLID_BREP('TopPanel',#3042);
#15=FACE_BOUND('',#566,.T.);
#16=FACE_BOUND('',#567,.T.);
#17=FACE_BOUND('',#568,.T.);
#18=FACE_BOUND('',#569,.T.);
#19=FACE_BOUND('',#570,.T.);
#20=FACE_BOUND('',#571,.T.);
#21=FACE_BOUND('',#572,.T.);
#22=FACE_BOUND('',#573,.T.);
#23=FACE_BOUND('',#574,.T.);
#24=FACE_BOUND('',#575,.T.);
#25=FACE_BOUND('',#576,.T.);
#26=FACE_BOUND('',#577,.T.);
#27=FACE_BOUND('',#578,.T.);
#28=FACE_BOUND('',#579,.T.);
#29=FACE_BOUND('',#580,.T.);
#30=FACE_BOUND('',#581,.T.);
#31=FACE_BOUND('',#582,.T.);
#32=FACE_BOUND('',#583,.T.);
#33=FACE_BOUND('',#584,.T.);
#34=FACE_BOUND('',#586,.T.);
#35=FACE_BOUND('',#587,.T.);
#36=FACE_BOUND('',#588,.T.);
#37=FACE_BOUND('',#589,.T.);
#38=FACE_BOUND('',#590,.T.);
#39=FACE_BOUND('',#591,.T.);
#40=FACE_BOUND('',#592,.T.);
#41=FACE_BOUND('',#593,.T.);
#42=FACE_BOUND('',#594,.T.);
#43=FACE_BOUND('',#595,.T.);
#44=FACE_BOUND('',#596,.T.);
#45=FACE_BOUND('',#597,.T.);
#46=FACE_BOUND('',#598,.T.);
#47=FACE_BOUND('',#599,.T.);
#48=FACE_BOUND('',#600,.T.);
#49=FACE_BOUND('',#601,.T.);
#50=FACE_BOUND('',#602,.T.);
#51=FACE_BOUND('',#603,.T.);
#52=FACE_BOUND('',#604,.T.);
#53=CIRCLE('',#3058,0.499999999999998);
#54=CIRCLE('',#3059,0.499999999999998);
#55=CIRCLE('',#3062,0.499999999999998);
#56=CIRCLE('',#3063,0.499999999999998);
#57=CIRCLE('',#3066,0.499999999999998);
#58=CIRCLE('',#3067,0.499999999999998);
#59=CIRCLE('',#3070,0.499999999999998);
#60=CIRCLE('',#3071,0.499999999999998);
#61=CIRCLE('',#3074,0.500000000000003);
#62=CIRCLE('',#3075,0.500000000000003);
#63=CIRCLE('',#3078,0.499999999999998);
#64=CIRCLE('',#3079,0.499999999999998);
#65=CIRCLE('',#3082,0.499999999999998);
#66=CIRCLE('',#3083,0.499999999999998);
#67=CIRCLE('',#3086,0.499999999999998);
#68=CIRCLE('',#3087,0.499999999999998);
#69=CIRCLE('',#3090,0.500000000000007);
#70=CIRCLE('',#3091,0.500000000000007);
#71=CIRCLE('',#3094,0.499999999999998);
#72=CIRCLE('',#3095,0.499999999999998);
#73=CIRCLE('',#3098,0.499999999999998);
#74=CIRCLE('',#3099,0.499999999999998);
#75=CIRCLE('',#3102,0.499999999999998);
#76=CIRCLE('',#3103,0.499999999999998);
#77=CIRCLE('',#3106,0.500000000000003);
#78=CIRCLE('',#3107,0.500000000000003);
#79=CIRCLE('',#3110,0.499999999999998);
#80=CIRCLE('',#3111,0.499999999999998);
#81=CIRCLE('',#3114,0.499999999999998);
#82=CIRCLE('',#3115,0.499999999999998);
#83=CIRCLE('',#3118,0.499999999999998);
#84=CIRCLE('',#3119,0.499999999999998);
#85=CIRCLE('',#3122,0.499999999999998);
#86=CIRCLE('',#3123,0.499999999999998);
#87=CIRCLE('',#3126,0.499999999999998);
#88=CIRCLE('',#3127,0.499999999999998);
#89=CIRCLE('',#3130,0.499999999999998);
#90=CIRCLE('',#3131,0.499999999999998);
#91=CIRCLE('',#3134,0.499999999999998);
#92=CIRCLE('',#3135,0.499999999999998);
#93=CIRCLE('',#3138,0.499999999999998);
#94=CIRCLE('',#3139,0.499999999999998);
#95=CIRCLE('',#3142,0.500000000000003);
#96=CIRCLE('',#3143,0.500000000000003);
#97=CIRCLE('',#3146,0.499999999999998);
#98=CIRCLE('',#3147,0.499999999999998);
#99=CIRCLE('',#3150,0.499999999999998);
#100=CIRCLE('',#3151,0.499999999999998);
#101=CIRCLE('',#3154,0.500000000000003);
#102=CIRCLE('',#3155,0.500000000000003);
#103=CIRCLE('',#3158,0.500000000000003);
#104=CIRCLE('',#3159,0.500000000000003);
#105=CIRCLE('',#3162,0.499999999999998);
#106=CIRCLE('',#3163,0.499999999999998);
#107=CIRCLE('',#3166,0.499999999999998);
#108=CIRCLE('',#3167,0.499999999999998);
#109=CIRCLE('',#3170,0.499999999999998);
#110=CIRCLE('',#3171,0.499999999999998);
#111=CIRCLE('',#3174,0.500000000000003);
#112=CIRCLE('',#3175,0.500000000000003);
#113=CIRCLE('',#3178,0.499999999999998);
#114=CIRCLE('',#3179,0.499999999999998);
#115=CIRCLE('',#3182,0.499999999999998);
#116=CIRCLE('',#3183,0.499999999999998);
#117=CIRCLE('',#3186,0.499999999999998);
#118=CIRCLE('',#3187,0.499999999999998);
#119=CIRCLE('',#3190,0.499999999999998);
#120=CIRCLE('',#3191,0.499999999999998);
#121=CIRCLE('',#3194,0.499999999999998);
#122=CIRCLE('',#3195,0.499999999999998);
#123=CIRCLE('',#3198,0.499999999999998);
#124=CIRCLE('',#3199,0.499999999999998);
#125=CIRCLE('',#3202,0.499999999999998);
#126=CIRCLE('',#3203,0.499999999999998);
#127=CIRCLE('',#3206,0.499999999999998);
#128=CIRCLE('',#3207,0.499999999999998);
#129=CIRCLE('',#3210,0.499999999999998);
#130=CIRCLE('',#3211,0.499999999999998);
#131=CIRCLE('',#3214,0.499999999999998);
#132=CIRCLE('',#3215,0.499999999999998);
#133=CIRCLE('',#3218,0.499999999999998);
#134=CIRCLE('',#3219,0.499999999999998);
#135=CIRCLE('',#3222,0.499999999999998);
#136=CIRCLE('',#3223,0.499999999999998);
#137=CIRCLE('',#3226,0.499999999999998);
#138=CIRCLE('',#3227,0.499999999999998);
#139=CIRCLE('',#3230,0.499999999999998);
#140=CIRCLE('',#3231,0.499999999999998);
#141=CIRCLE('',#3240,0.500000000000007);
#142=CIRCLE('',#3241,0.500000000000007);
#143=CIRCLE('',#3244,0.500000000000003);
#144=CIRCLE('',#3245,0.500000000000003);
#145=CIRCLE('',#3248,0.499999999999998);
#146=CIRCLE('',#3249,0.499999999999998);
#147=CIRCLE('',#3252,0.499999999999998);
#148=CIRCLE('',#3253,0.499999999999998);
#149=CIRCLE('',#3256,0.499999999999998);
#150=CIRCLE('',#3257,0.499999999999998);
#151=CIRCLE('',#3260,0.499999999999998);
#152=CIRCLE('',#3261,0.499999999999998);
#153=CIRCLE('',#3264,0.499999999999998);
#154=CIRCLE('',#3265,0.499999999999998);
#155=CIRCLE('',#3268,0.499999999999998);
#156=CIRCLE('',#3269,0.499999999999998);
#157=CIRCLE('',#3272,0.500000000000003);
#158=CIRCLE('',#3273,0.500000000000003);
#159=CIRCLE('',#3276,0.499999999999998);
#160=CIRCLE('',#3277,0.499999999999998);
#161=CIRCLE('',#3280,0.499999999999998);
#162=CIRCLE('',#3281,0.499999999999998);
#163=CIRCLE('',#3284,0.499999999999998);
#164=CIRCLE('',#3285,0.499999999999998);
#165=CIRCLE('',#3287,4.);
#166=CIRCLE('',#3288,4.);
#167=CIRCLE('',#3290,4.);
#168=CIRCLE('',#3291,4.);
#169=CIRCLE('',#3294,0.500000000000007);
#170=CIRCLE('',#3295,0.500000000000007);
#171=CIRCLE('',#3298,0.499999999999998);
#172=CIRCLE('',#3299,0.499999999999998);
#173=CIRCLE('',#3302,0.499999999999998);
#174=CIRCLE('',#3303,0.499999999999998);
#175=CIRCLE('',#3306,0.499999999999998);
#176=CIRCLE('',#3307,0.499999999999998);
#177=CIRCLE('',#3310,0.500000000000007);
#178=CIRCLE('',#3311,0.500000000000007);
#179=CIRCLE('',#3314,0.499999999999998);
#180=CIRCLE('',#3315,0.499999999999998);
#181=CIRCLE('',#3318,0.499999999999998);
#182=CIRCLE('',#3319,0.499999999999998);
#183=CIRCLE('',#3322,0.499999999999998);
#184=CIRCLE('',#3323,0.499999999999998);
#185=CIRCLE('',#3326,3.);
#186=CIRCLE('',#3327,3.);
#187=CIRCLE('',#3330,2.99999999999995);
#188=CIRCLE('',#3331,2.99999999999995);
#189=CIRCLE('',#3333,11.);
#190=CIRCLE('',#3334,11.);
#191=CIRCLE('',#3337,11.);
#192=CIRCLE('',#3338,11.);
#193=CIRCLE('',#3341,11.);
#194=CIRCLE('',#3342,11.);
#195=CIRCLE('',#3345,11.);
#196=CIRCLE('',#3346,11.);
#197=CYLINDRICAL_SURFACE('',#3057,0.499999999999998);
#198=CYLINDRICAL_SURFACE('',#3061,0.499999999999998);
#199=CYLINDRICAL_SURFACE('',#3065,0.499999999999998);
#200=CYLINDRICAL_SURFACE('',#3069,0.499999999999998);
#201=CYLINDRICAL_SURFACE('',#3073,0.500000000000003);
#202=CYLINDRICAL_SURFACE('',#3077,0.499999999999998);
#203=CYLINDRICAL_SURFACE('',#3081,0.499999999999998);
#204=CYLINDRICAL_SURFACE('',#3085,0.499999999999998);
#205=CYLINDRICAL_SURFACE('',#3089,0.500000000000007);
#206=CYLINDRICAL_SURFACE('',#3093,0.499999999999998);
#207=CYLINDRICAL_SURFACE('',#3097,0.499999999999998);
#208=CYLINDRICAL_SURFACE('',#3101,0.499999999999998);
#209=CYLINDRICAL_SURFACE('',#3105,0.500000000000003);
#210=CYLINDRICAL_SURFACE('',#3109,0.499999999999998);
#211=CYLINDRICAL_SURFACE('',#3113,0.499999999999998);
#212=CYLINDRICAL_SURFACE('',#3117,0.499999999999998);
#213=CYLINDRICAL_SURFACE('',#3121,0.499999999999998);
#214=CYLINDRICAL_SURFACE('',#3125,0.499999999999998);
#215=CYLINDRICAL_SURFACE('',#3129,0.499999999999998);
#216=CYLINDRICAL_SURFACE('',#3133,0.499999999999998);
#217=CYLINDRICAL_SURFACE('',#3137,0.499999999999998);
#218=CYLINDRICAL_SURFACE('',#3141,0.500000000000003);
#219=CYLINDRICAL_SURFACE('',#3145,0.499999999999998);
#220=CYLINDRICAL_SURFACE('',#3149,0.499999999999998);
#221=CYLINDRICAL_SURFACE('',#3153,0.500000000000003);
#222=CYLINDRICAL_SURFACE('',#3157,0.500000000000003);
#223=CYLINDRICAL_SURFACE('',#3161,0.499999999999998);
#224=CYLINDRICAL_SURFACE('',#3165,0.499999999999998);
#225=CYLINDRICAL_SURFACE('',#3169,0.499999999999998);
#226=CYLINDRICAL_SURFACE('',#3173,0.500000000000003);
#227=CYLINDRICAL_SURFACE('',#3177,0.499999999999998);
#228=CYLINDRICAL_SURFACE('',#3181,0.499999999999998);
#229=CYLINDRICAL_SURFACE('',#3185,0.499999999999998);
#230=CYLINDRICAL_SURFACE('',#3189,0.499999999999998);
#231=CYLINDRICAL_SURFACE('',#3193,0.499999999999998);
#232=CYLINDRICAL_SURFACE('',#3197,0.499999999999998);
#233=CYLINDRICAL_SURFACE('',#3201,0.499999999999998);
#234=CYLINDRICAL_SURFACE('',#3205,0.499999999999998);
#235=CYLINDRICAL_SURFACE('',#3209,0.499999999999998);
#236=CYLINDRICAL_SURFACE('',#3213,0.499999999999998);
#237=CYLINDRICAL_SURFACE('',#3217,0.499999999999998);
#238=CYLINDRICAL_SURFACE('',#3221,0.499999999999998);
#239=CYLINDRICAL_SURFACE('',#3225,0.499999999999998);
#240=CYLINDRICAL_SURFACE('',#3229,0.499999999999998);
#241=CYLINDRICAL_SURFACE('',#3239,0.500000000000007);
#242=CYLINDRICAL_SURFACE('',#3243,0.500000000000003);
#243=CYLINDRICAL_SURFACE('',#3247,0.499999999999998);
#244=CYLINDRICAL_SURFACE('',#3251,0.499999999999998);
#245=CYLINDRICAL_SURFACE('',#3255,0.499999999999998);
#246=CYLINDRICAL_SURFACE('',#3259,0.499999999999998);
#247=CYLINDRICAL_SURFACE('',#3263,0.499999999999998);
#248=CYLINDRICAL_SURFACE('',#3267,0.499999999999998);
#249=CYLINDRICAL_SURFACE('',#3271,0.500000000000003);
#250=CYLINDRICAL_SURFACE('',#3275,0.499999999999998);
#251=CYLINDRICAL_SURFACE('',#3279,0.499999999999998);
#252=CYLINDRICAL_SURFACE('',#3283,0.499999999999998);
#253=CYLINDRICAL_SURFACE('',#3286,4.);
#254=CYLINDRICAL_SURFACE('',#3289,4.);
#255=CYLINDRICAL_SURFACE('',#3293,0.500000000000007);
#256=CYLINDRICAL_SURFACE('',#3297,0.499999999999998);
#257=CYLINDRICAL_SURFACE('',#3301,0.499999999999998);
#258=CYLINDRICAL_SURFACE('',#3305,0.499999999999998);
#259=CYLINDRICAL_SURFACE('',#3309,0.500000000000007);
#260=CYLINDRICAL_SURFACE('',#3313,0.499999999999998);
#261=CYLINDRICAL_SURFACE('',#3317,0.499999999999998);
#262=CYLINDRICAL_SURFACE('',#3321,0.499999999999998);
#263=CYLINDRICAL_SURFACE('',#3325,3.);
#264=CYLINDRICAL_SURFACE('',#3329,2.99999999999995);
#265=CYLINDRICAL_SURFACE('',#3332,11.);
#266=CYLINDRICAL_SURFACE('',#3336,11.);
#267=CYLINDRICAL_SURFACE('',#3340,11.);
#268=CYLINDRICAL_SURFACE('',#3344,11.);
#269=FACE_OUTER_BOUND('',#418,.T.);
#270=FACE_OUTER_BOUND('',#419,.T.);
#271=FACE_OUTER_BOUND('',#420,.T.);
#272=FACE_OUTER_BOUND('',#421,.T.);
#273=FACE_OUTER_BOUND('',#422,.T.);
#274=FACE_OUTER_BOUND('',#423,.T.);
#275=FACE_OUTER_BOUND('',#424,.T.);
#276=FACE_OUTER_BOUND('',#425,.T.);
#277=FACE_OUTER_BOUND('',#426,.T.);
#278=FACE_OUTER_BOUND('',#427,.T.);
#279=FACE_OUTER_BOUND('',#428,.T.);
#280=FACE_OUTER_BOUND('',#429,.T.);
#281=FACE_OUTER_BOUND('',#430,.T.);
#282=FACE_OUTER_BOUND('',#431,.T.);
#283=FACE_OUTER_BOUND('',#432,.T.);
#284=FACE_OUTER_BOUND('',#433,.T.);
#285=FACE_OUTER_BOUND('',#434,.T.);
#286=FACE_OUTER_BOUND('',#435,.T.);
#287=FACE_OUTER_BOUND('',#436,.T.);
#288=FACE_OUTER_BOUND('',#437,.T.);
#289=FACE_OUTER_BOUND('',#438,.T.);
#290=FACE_OUTER_BOUND('',#439,.T.);
#291=FACE_OUTER_BOUND('',#440,.T.);
#292=FACE_OUTER_BOUND('',#441,.T.);
#293=FACE_OUTER_BOUND('',#442,.T.);
#294=FACE_OUTER_BOUND('',#443,.T.);
#295=FACE_OUTER_BOUND('',#444,.T.);
#296=FACE_OUTER_BOUND('',#445,.T.);
#297=FACE_OUTER_BOUND('',#446,.T.);
#298=FACE_OUTER_BOUND('',#447,.T.);
#299=FACE_OUTER_BOUND('',#448,.T.);
#300=FACE_OUTER_BOUND('',#449,.T.);
#301=FACE_OUTER_BOUND('',#450,.T.);
#302=FACE_OUTER_BOUND('',#451,.T.);
#303=FACE_OUTER_BOUND('',#452,.T.);
#304=FACE_OUTER_BOUND('',#453,.T.);
#305=FACE_OUTER_BOUND('',#454,.T.);
#306=FACE_OUTER_BOUND('',#455,.T.);
#307=FACE_OUTER_BOUND('',#456,.T.);
#308=FACE_OUTER_BOUND('',#457,.T.);
#309=FACE_OUTER_BOUND('',#458,.T.);
#310=FACE_OUTER_BOUND('',#459,.T.);
#311=FACE_OUTER_BOUND('',#460,.T.);
#312=FACE_OUTER_BOUND('',#461,.T.);
#313=FACE_OUTER_BOUND('',#462,.T.);
#314=FACE_OUTER_BOUND('',#463,.T.);
#315=FACE_OUTER_BOUND('',#464,.T.);
#316=FACE_OUTER_BOUND('',#465,.T.);
#317=FACE_OUTER_BOUND('',#466,.T.);
#318=FACE_OUTER_BOUND('',#467,.T.);
#319=FACE_OUTER_BOUND('',#468,.T.);
#320=FACE_OUTER_BOUND('',#469,.T.);
#321=FACE_OUTER_BOUND('',#470,.T.);
#322=FACE_OUTER_BOUND('',#471,.T.);
#323=FACE_OUTER_BOUND('',#472,.T.);
#324=FACE_OUTER_BOUND('',#473,.T.);
#325=FACE_OUTER_BOUND('',#474,.T.);
#326=FACE_OUTER_BOUND('',#475,.T.);
#327=FACE_OUTER_BOUND('',#476,.T.);
#328=FACE_OUTER_BOUND('',#477,.T.);
#329=FACE_OUTER_BOUND('',#478,.T.);
#330=FACE_OUTER_BOUND('',#479,.T.);
#331=FACE_OUTER_BOUND('',#480,.T.);
#332=FACE_OUTER_BOUND('',#481,.T.);
#333=FACE_OUTER_BOUND('',#482,.T.);
#334=FACE_OUTER_BOUND('',#483,.T.);
#335=FACE_OUTER_BOUND('',#484,.T.);
#336=FACE_OUTER_BOUND('',#485,.T.);
#337=FACE_OUTER_BOUND('',#486,.T.);
#338=FACE_OUTER_BOUND('',#487,.T.);
#339=FACE_OUTER_BOUND('',#488,.T.);
#340=FACE_OUTER_BOUND('',#489,.T.);
#341=FACE_OUTER_BOUND('',#490,.T.);
#342=FACE_OUTER_BOUND('',#491,.T.);
#343=FACE_OUTER_BOUND('',#492,.T.);
#344=FACE_OUTER_BOUND('',#493,.T.);
#345=FACE_OUTER_BOUND('',#494,.T.);
#346=FACE_OUTER_BOUND('',#495,.T.);
#347=FACE_OUTER_BOUND('',#496,.T.);
#348=FACE_OUTER_BOUND('',#497,.T.);
#349=FACE_OUTER_BOUND('',#498,.T.);
#350=FACE_OUTER_BOUND('',#499,.T.);
#351=FACE_OUTER_BOUND('',#500,.T.);
#352=FACE_OUTER_BOUND('',#501,.T.);
#353=FACE_OUTER_BOUND('',#502,.T.);
#354=FACE_OUTER_BOUND('',#503,.T.);
#355=FACE_OUTER_BOUND('',#504,.T.);
#356=FACE_OUTER_BOUND('',#505,.T.);
#357=FACE_OUTER_BOUND('',#506,.T.);
#358=FACE_OUTER_BOUND('',#507,.T.);
#359=FACE_OUTER_BOUND('',#508,.T.);
#360=FACE_OUTER_BOUND('',#509,.T.);
#361=FACE_OUTER_BOUND('',#510,.T.);
#362=FACE_OUTER_BOUND('',#511,.T.);
#363=FACE_OUTER_BOUND('',#512,.T.);
#364=FACE_OUTER_BOUND('',#513,.T.);
#365=FACE_OUTER_BOUND('',#514,.T.);
#366=FACE_OUTER_BOUND('',#515,.T.);
#367=FACE_OUTER_BOUND('',#516,.T.);
#368=FACE_OUTER_BOUND('',#517,.T.);
#369=FACE_OUTER_BOUND('',#518,.T.);
#370=FACE_OUTER_BOUND('',#519,.T.);
#371=FACE_OUTER_BOUND('',#520,.T.);
#372=FACE_OUTER_BOUND('',#521,.T.);
#373=FACE_OUTER_BOUND('',#522,.T.);
#374=FACE_OUTER_BOUND('',#523,.T.);
#375=FACE_OUTER_BOUND('',#524,.T.);
#376=FACE_OUTER_BOUND('',#525,.T.);
#377=FACE_OUTER_BOUND('',#526,.T.);
#378=FACE_OUTER_BOUND('',#527,.T.);
#379=FACE_OUTER_BOUND('',#528,.T.);
#380=FACE_OUTER_BOUND('',#529,.T.);
#381=FACE_OUTER_BOUND('',#530,.T.);
#382=FACE_OUTER_BOUND('',#531,.T.);
#383=FACE_OUTER_BOUND('',#532,.T.);
#384=FACE_OUTER_BOUND('',#533,.T.);
#385=FACE_OUTER_BOUND('',#534,.T.);
#386=FACE_OUTER_BOUND('',#535,.T.);
#387=FACE_OUTER_BOUND('',#536,.T.);
#388=FACE_OUTER_BOUND('',#537,.T.);
#389=FACE_OUTER_BOUND('',#538,.T.);
#390=FACE_OUTER_BOUND('',#539,.T.);
#391=FACE_OUTER_BOUND('',#540,.T.);
#392=FACE_OUTER_BOUND('',#541,.T.);
#393=FACE_OUTER_BOUND('',#542,.T.);
#394=FACE_OUTER_BOUND('',#543,.T.);
#395=FACE_OUTER_BOUND('',#544,.T.);
#396=FACE_OUTER_BOUND('',#545,.T.);
#397=FACE_OUTER_BOUND('',#546,.T.);
#398=FACE_OUTER_BOUND('',#547,.T.);
#399=FACE_OUTER_BOUND('',#548,.T.);
#400=FACE_OUTER_BOUND('',#549,.T.);
#401=FACE_OUTER_BOUND('',#550,.T.);
#402=FACE_OUTER_BOUND('',#551,.T.);
#403=FACE_OUTER_BOUND('',#552,.T.);
#404=FACE_OUTER_BOUND('',#553,.T.);
#405=FACE_OUTER_BOUND('',#554,.T.);
#406=FACE_OUTER_BOUND('',#555,.T.);
#407=FACE_OUTER_BOUND('',#556,.T.);
#408=FACE_OUTER_BOUND('',#557,.T.);
#409=FACE_OUTER_BOUND('',#558,.T.);
#410=FACE_OUTER_BOUND('',#559,.T.);
#411=FACE_OUTER_BOUND('',#560,.T.);
#412=FACE_OUTER_BOUND('',#561,.T.);
#413=FACE_OUTER_BOUND('',#562,.T.);
#414=FACE_OUTER_BOUND('',#563,.T.);
#415=FACE_OUTER_BOUND('',#564,.T.);
#416=FACE_OUTER_BOUND('',#565,.T.);
#417=FACE_OUTER_BOUND('',#585,.T.);
#418=EDGE_LOOP('',(#1934,#1935,#1936,#1937));
#419=EDGE_LOOP('',(#1938,#1939,#1940,#1941));
#420=EDGE_LOOP('',(#1942,#1943,#1944,#1945));
#421=EDGE_LOOP('',(#1946,#1947,#1948,#1949));
#422=EDGE_LOOP('',(#1950,#1951,#1952,#1953));
#423=EDGE_LOOP('',(#1954,#1955,#1956,#1957));
#424=EDGE_LOOP('',(#1958,#1959,#1960,#1961));
#425=EDGE_LOOP('',(#1962,#1963,#1964,#1965));
#426=EDGE_LOOP('',(#1966,#1967,#1968,#1969));
#427=EDGE_LOOP('',(#1970,#1971,#1972,#1973));
#428=EDGE_LOOP('',(#1974,#1975,#1976,#1977));
#429=EDGE_LOOP('',(#1978,#1979,#1980,#1981));
#430=EDGE_LOOP('',(#1982,#1983,#1984,#1985));
#431=EDGE_LOOP('',(#1986,#1987,#1988,#1989));
#432=EDGE_LOOP('',(#1990,#1991,#1992,#1993));
#433=EDGE_LOOP('',(#1994,#1995,#1996,#1997));
#434=EDGE_LOOP('',(#1998,#1999,#2000,#2001));
#435=EDGE_LOOP('',(#2002,#2003,#2004,#2005));
#436=EDGE_LOOP('',(#2006,#2007,#2008,#2009));
#437=EDGE_LOOP('',(#2010,#2011,#2012,#2013));
#438=EDGE_LOOP('',(#2014,#2015,#2016,#2017));
#439=EDGE_LOOP('',(#2018,#2019,#2020,#2021));
#440=EDGE_LOOP('',(#2022,#2023,#2024,#2025));
#441=EDGE_LOOP('',(#2026,#2027,#2028,#2029));
#442=EDGE_LOOP('',(#2030,#2031,#2032,#2033));
#443=EDGE_LOOP('',(#2034,#2035,#2036,#2037));
#444=EDGE_LOOP('',(#2038,#2039,#2040,#2041));
#445=EDGE_LOOP('',(#2042,#2043,#2044,#2045));
#446=EDGE_LOOP('',(#2046,#2047,#2048,#2049));
#447=EDGE_LOOP('',(#2050,#2051,#2052,#2053));
#448=EDGE_LOOP('',(#2054,#2055,#2056,#2057));
#449=EDGE_LOOP('',(#2058,#2059,#2060,#2061));
#450=EDGE_LOOP('',(#2062,#2063,#2064,#2065));
#451=EDGE_LOOP('',(#2066,#2067,#2068,#2069));
#452=EDGE_LOOP('',(#2070,#2071,#2072,#2073));
#453=EDGE_LOOP('',(#2074,#2075,#2076,#2077));
#454=EDGE_LOOP('',(#2078,#2079,#2080,#2081));
#455=EDGE_LOOP('',(#2082,#2083,#2084,#2085));
#456=EDGE_LOOP('',(#2086,#2087,#2088,#2089));
#457=EDGE_LOOP('',(#2090,#2091,#2092,#2093));
#458=EDGE_LOOP('',(#2094,#2095,#2096,#2097));
#459=EDGE_LOOP('',(#2098,#2099,#2100,#2101));
#460=EDGE_LOOP('',(#2102,#2103,#2104,#2105));
#461=EDGE_LOOP('',(#2106,#2107,#2108,#2109));
#462=EDGE_LOOP('',(#2110,#2111,#2112,#2113));
#463=EDGE_LOOP('',(#2114,#2115,#2116,#2117));
#464=EDGE_LOOP('',(#2118,#2119,#2120,#2121));
#465=EDGE_LOOP('',(#2122,#2123,#2124,#2125));
#466=EDGE_LOOP('',(#2126,#2127,#2128,#2129));
#467=EDGE_LOOP('',(#2130,#2131,#2132,#2133));
#468=EDGE_LOOP('',(#2134,#2135,#2136,#2137));
#469=EDGE_LOOP('',(#2138,#2139,#2140,#2141));
#470=EDGE_LOOP('',(#2142,#2143,#2144,#2145));
#471=EDGE_LOOP('',(#2146,#2147,#2148,#2149));
#472=EDGE_LOOP('',(#2150,#2151,#2152,#2153));
#473=EDGE_LOOP('',(#2154,#2155,#2156,#2157));
#474=EDGE_LOOP('',(#2158,#2159,#2160,#2161));
#475=EDGE_LOOP('',(#2162,#2163,#2164,#2165));
#476=EDGE_LOOP('',(#2166,#2167,#2168,#2169));
#477=EDGE_LOOP('',(#2170,#2171,#2172,#2173));
#478=EDGE_LOOP('',(#2174,#2175,#2176,#2177));
#479=EDGE_LOOP('',(#2178,#2179,#2180,#2181));
#480=EDGE_LOOP('',(#2182,#2183,#2184,#2185));
#481=EDGE_LOOP('',(#2186,#2187,#2188,#2189));
#482=EDGE_LOOP('',(#2190,#2191,#2192,#2193));
#483=EDGE_LOOP('',(#2194,#2195,#2196,#2197));
#484=EDGE_LOOP('',(#2198,#2199,#2200,#2201));
#485=EDGE_LOOP('',(#2202,#2203,#2204,#2205));
#486=EDGE_LOOP('',(#2206,#2207,#2208,#2209));
#487=EDGE_LOOP('',(#2210,#2211,#2212,#2213));
#488=EDGE_LOOP('',(#2214,#2215,#2216,#2217));
#489=EDGE_LOOP('',(#2218,#2219,#2220,#2221));
#490=EDGE_LOOP('',(#2222,#2223,#2224,#2225));
#491=EDGE_LOOP('',(#2226,#2227,#2228,#2229));
#492=EDGE_LOOP('',(#2230,#2231,#2232,#2233));
#493=EDGE_LOOP('',(#2234,#2235,#2236,#2237));
#494=EDGE_LOOP('',(#2238,#2239,#2240,#2241));
#495=EDGE_LOOP('',(#2242,#2243,#2244,#2245));
#496=EDGE_LOOP('',(#2246,#2247,#2248,#2249));
#497=EDGE_LOOP('',(#2250,#2251,#2252,#2253));
#498=EDGE_LOOP('',(#2254,#2255,#2256,#2257));
#499=EDGE_LOOP('',(#2258,#2259,#2260,#2261));
#500=EDGE_LOOP('',(#2262,#2263,#2264,#2265));
#501=EDGE_LOOP('',(#2266,#2267,#2268,#2269));
#502=EDGE_LOOP('',(#2270,#2271,#2272,#2273));
#503=EDGE_LOOP('',(#2274,#2275,#2276,#2277));
#504=EDGE_LOOP('',(#2278,#2279,#2280,#2281));
#505=EDGE_LOOP('',(#2282,#2283,#2284,#2285));
#506=EDGE_LOOP('',(#2286,#2287,#2288,#2289));
#507=EDGE_LOOP('',(#2290,#2291,#2292,#2293));
#508=EDGE_LOOP('',(#2294,#2295,#2296,#2297));
#509=EDGE_LOOP('',(#2298,#2299,#2300,#2301));
#510=EDGE_LOOP('',(#2302,#2303,#2304,#2305));
#511=EDGE_LOOP('',(#2306,#2307,#2308,#2309));
#512=EDGE_LOOP('',(#2310,#2311,#2312,#2313));
#513=EDGE_LOOP('',(#2314,#2315,#2316,#2317));
#514=EDGE_LOOP('',(#2318,#2319,#2320,#2321));
#515=EDGE_LOOP('',(#2322,#2323,#2324,#2325));
#516=EDGE_LOOP('',(#2326,#2327,#2328,#2329));
#517=EDGE_LOOP('',(#2330,#2331,#2332,#2333));
#518=EDGE_LOOP('',(#2334,#2335,#2336,#2337));
#519=EDGE_LOOP('',(#2338,#2339,#2340,#2341));
#520=EDGE_LOOP('',(#2342,#2343,#2344,#2345));
#521=EDGE_LOOP('',(#2346,#2347,#2348,#2349));
#522=EDGE_LOOP('',(#2350,#2351,#2352,#2353));
#523=EDGE_LOOP('',(#2354,#2355,#2356,#2357));
#524=EDGE_LOOP('',(#2358,#2359,#2360,#2361));
#525=EDGE_LOOP('',(#2362,#2363,#2364,#2365));
#526=EDGE_LOOP('',(#2366,#2367,#2368,#2369));
#527=EDGE_LOOP('',(#2370,#2371,#2372,#2373));
#528=EDGE_LOOP('',(#2374,#2375,#2376,#2377));
#529=EDGE_LOOP('',(#2378,#2379,#2380,#2381));
#530=EDGE_LOOP('',(#2382,#2383,#2384,#2385));
#531=EDGE_LOOP('',(#2386,#2387,#2388,#2389));
#532=EDGE_LOOP('',(#2390,#2391,#2392,#2393));
#533=EDGE_LOOP('',(#2394,#2395,#2396,#2397));
#534=EDGE_LOOP('',(#2398,#2399,#2400,#2401));
#535=EDGE_LOOP('',(#2402,#2403,#2404,#2405));
#536=EDGE_LOOP('',(#2406,#2407,#2408,#2409));
#537=EDGE_LOOP('',(#2410,#2411,#2412,#2413));
#538=EDGE_LOOP('',(#2414,#2415,#2416,#2417));
#539=EDGE_LOOP('',(#2418,#2419,#2420,#2421));
#540=EDGE_LOOP('',(#2422,#2423,#2424,#2425));
#541=EDGE_LOOP('',(#2426,#2427,#2428,#2429));
#542=EDGE_LOOP('',(#2430,#2431,#2432,#2433));
#543=EDGE_LOOP('',(#2434,#2435,#2436,#2437));
#544=EDGE_LOOP('',(#2438,#2439,#2440,#2441));
#545=EDGE_LOOP('',(#2442,#2443,#2444,#2445));
#546=EDGE_LOOP('',(#2446,#2447,#2448,#2449));
#547=EDGE_LOOP('',(#2450,#2451,#2452,#2453));
#548=EDGE_LOOP('',(#2454,#2455,#2456,#2457));
#549=EDGE_LOOP('',(#2458,#2459,#2460,#2461));
#550=EDGE_LOOP('',(#2462,#2463,#2464,#2465));
#551=EDGE_LOOP('',(#2466,#2467,#2468,#2469));
#552=EDGE_LOOP('',(#2470,#2471,#2472,#2473));
#553=EDGE_LOOP('',(#2474,#2475,#2476,#2477));
#554=EDGE_LOOP('',(#2478,#2479,#2480,#2481));
#555=EDGE_LOOP('',(#2482,#2483,#2484,#2485));
#556=EDGE_LOOP('',(#2486,#2487,#2488,#2489));
#557=EDGE_LOOP('',(#2490,#2491,#2492,#2493));
#558=EDGE_LOOP('',(#2494,#2495,#2496,#2497));
#559=EDGE_LOOP('',(#2498,#2499,#2500,#2501));
#560=EDGE_LOOP('',(#2502,#2503,#2504,#2505));
#561=EDGE_LOOP('',(#2506,#2507,#2508,#2509));
#562=EDGE_LOOP('',(#2510,#2511,#2512,#2513));
#563=EDGE_LOOP('',(#2514,#2515,#2516,#2517));
#564=EDGE_LOOP('',(#2518,#2519,#2520,#2521));
#565=EDGE_LOOP('',(#2522,#2523,#2524,#2525,#2526,#2527,#2528,#2529,#2530,
#2531,#2532));
#566=EDGE_LOOP('',(#2533,#2534,#2535,#2536,#2537,#2538,#2539,#2540));
#567=EDGE_LOOP('',(#2541,#2542,#2543,#2544,#2545,#2546,#2547,#2548));
#568=EDGE_LOOP('',(#2549));
#569=EDGE_LOOP('',(#2550));
#570=EDGE_LOOP('',(#2551,#2552,#2553,#2554,#2555,#2556,#2557,#2558));
#571=EDGE_LOOP('',(#2559,#2560,#2561,#2562,#2563,#2564,#2565,#2566));
#572=EDGE_LOOP('',(#2567,#2568,#2569,#2570,#2571,#2572,#2573,#2574));
#573=EDGE_LOOP('',(#2575,#2576,#2577,#2578,#2579,#2580));
#574=EDGE_LOOP('',(#2581,#2582,#2583,#2584,#2585,#2586,#2587,#2588));
#575=EDGE_LOOP('',(#2589,#2590,#2591,#2592,#2593,#2594,#2595,#2596));
#576=EDGE_LOOP('',(#2597,#2598,#2599,#2600,#2601,#2602,#2603,#2604));
#577=EDGE_LOOP('',(#2605,#2606,#2607,#2608,#2609,#2610,#2611,#2612));
#578=EDGE_LOOP('',(#2613,#2614,#2615,#2616,#2617,#2618,#2619,#2620));
#579=EDGE_LOOP('',(#2621,#2622,#2623,#2624,#2625,#2626,#2627,#2628));
#580=EDGE_LOOP('',(#2629,#2630,#2631,#2632,#2633,#2634,#2635,#2636));
#581=EDGE_LOOP('',(#2637,#2638,#2639,#2640,#2641,#2642,#2643,#2644));
#582=EDGE_LOOP('',(#2645,#2646,#2647,#2648,#2649,#2650,#2651,#2652));
#583=EDGE_LOOP('',(#2653,#2654,#2655,#2656,#2657,#2658,#2659,#2660));
#584=EDGE_LOOP('',(#2661,#2662,#2663,#2664,#2665,#2666,#2667,#2668));
#585=EDGE_LOOP('',(#2669,#2670,#2671,#2672,#2673,#2674,#2675,#2676,#2677,
#2678,#2679));
#586=EDGE_LOOP('',(#2680,#2681,#2682,#2683,#2684,#2685,#2686,#2687));
#587=EDGE_LOOP('',(#2688,#2689,#2690,#2691,#2692,#2693,#2694,#2695));
#588=EDGE_LOOP('',(#2696));
#589=EDGE_LOOP('',(#2697));
#590=EDGE_LOOP('',(#2698,#2699,#2700,#2701,#2702,#2703,#2704,#2705));
#591=EDGE_LOOP('',(#2706,#2707,#2708,#2709,#2710,#2711,#2712,#2713));
#592=EDGE_LOOP('',(#2714,#2715,#2716,#2717,#2718,#2719,#2720,#2721));
#593=EDGE_LOOP('',(#2722,#2723,#2724,#2725,#2726,#2727));
#594=EDGE_LOOP('',(#2728,#2729,#2730,#2731,#2732,#2733,#2734,#2735));
#595=EDGE_LOOP('',(#2736,#2737,#2738,#2739,#2740,#2741,#2742,#2743));
#596=EDGE_LOOP('',(#2744,#2745,#2746,#2747,#2748,#2749,#2750,#2751));
#597=EDGE_LOOP('',(#2752,#2753,#2754,#2755,#2756,#2757,#2758,#2759));
#598=EDGE_LOOP('',(#2760,#2761,#2762,#2763,#2764,#2765,#2766,#2767));
#599=EDGE_LOOP('',(#2768,#2769,#2770,#2771,#2772,#2773,#2774,#2775));
#600=EDGE_LOOP('',(#2776,#2777,#2778,#2779,#2780,#2781,#2782,#2783));
#601=EDGE_LOOP('',(#2784,#2785,#2786,#2787,#2788,#2789,#2790,#2791));
#602=EDGE_LOOP('',(#2792,#2793,#2794,#2795,#2796,#2797,#2798,#2799));
#603=EDGE_LOOP('',(#2800,#2801,#2802,#2803,#2804,#2805,#2806,#2807));
#604=EDGE_LOOP('',(#2808,#2809,#2810,#2811,#2812,#2813,#2814,#2815));
#605=LINE('',#4238,#902);
#606=LINE('',#4240,#903);
#607=LINE('',#4242,#904);
#608=LINE('',#4243,#905);
#609=LINE('',#4249,#906);
#610=LINE('',#4252,#907);
#611=LINE('',#4254,#908);
#612=LINE('',#4255,#909);
#613=LINE('',#4261,#910);
#614=LINE('',#4264,#911);
#615=LINE('',#4266,#912);
#616=LINE('',#4267,#913);
#617=LINE('',#4273,#914);
#618=LINE('',#4276,#915);
#619=LINE('',#4278,#916);
#620=LINE('',#4279,#917);
#621=LINE('',#4286,#918);
#622=LINE('',#4288,#919);
#623=LINE('',#4290,#920);
#624=LINE('',#4291,#921);
#625=LINE('',#4297,#922);
#626=LINE('',#4300,#923);
#627=LINE('',#4302,#924);
#628=LINE('',#4303,#925);
#629=LINE('',#4309,#926);
#630=LINE('',#4312,#927);
#631=LINE('',#4314,#928);
#632=LINE('',#4315,#929);
#633=LINE('',#4321,#930);
#634=LINE('',#4324,#931);
#635=LINE('',#4326,#932);
#636=LINE('',#4327,#933);
#637=LINE('',#4334,#934);
#638=LINE('',#4336,#935);
#639=LINE('',#4338,#936);
#640=LINE('',#4339,#937);
#641=LINE('',#4345,#938);
#642=LINE('',#4348,#939);
#643=LINE('',#4350,#940);
#644=LINE('',#4351,#941);
#645=LINE('',#4357,#942);
#646=LINE('',#4360,#943);
#647=LINE('',#4362,#944);
#648=LINE('',#4363,#945);
#649=LINE('',#4369,#946);
#650=LINE('',#4372,#947);
#651=LINE('',#4374,#948);
#652=LINE('',#4375,#949);
#653=LINE('',#4382,#950);
#654=LINE('',#4384,#951);
#655=LINE('',#4386,#952);
#656=LINE('',#4387,#953);
#657=LINE('',#4393,#954);
#658=LINE('',#4396,#955);
#659=LINE('',#4398,#956);
#660=LINE('',#4399,#957);
#661=LINE('',#4405,#958);
#662=LINE('',#4408,#959);
#663=LINE('',#4410,#960);
#664=LINE('',#4411,#961);
#665=LINE('',#4417,#962);
#666=LINE('',#4420,#963);
#667=LINE('',#4422,#964);
#668=LINE('',#4423,#965);
#669=LINE('',#4430,#966);
#670=LINE('',#4432,#967);
#671=LINE('',#4434,#968);
#672=LINE('',#4435,#969);
#673=LINE('',#4441,#970);
#674=LINE('',#4444,#971);
#675=LINE('',#4446,#972);
#676=LINE('',#4447,#973);
#677=LINE('',#4453,#974);
#678=LINE('',#4456,#975);
#679=LINE('',#4458,#976);
#680=LINE('',#4459,#977);
#681=LINE('',#4465,#978);
#682=LINE('',#4468,#979);
#683=LINE('',#4470,#980);
#684=LINE('',#4471,#981);
#685=LINE('',#4478,#982);
#686=LINE('',#4480,#983);
#687=LINE('',#4482,#984);
#688=LINE('',#4483,#985);
#689=LINE('',#4489,#986);
#690=LINE('',#4492,#987);
#691=LINE('',#4494,#988);
#692=LINE('',#4495,#989);
#693=LINE('',#4501,#990);
#694=LINE('',#4504,#991);
#695=LINE('',#4506,#992);
#696=LINE('',#4507,#993);
#697=LINE('',#4513,#994);
#698=LINE('',#4516,#995);
#699=LINE('',#4518,#996);
#700=LINE('',#4519,#997);
#701=LINE('',#4526,#998);
#702=LINE('',#4528,#999);
#703=LINE('',#4530,#1000);
#704=LINE('',#4531,#1001);
#705=LINE('',#4537,#1002);
#706=LINE('',#4540,#1003);
#707=LINE('',#4542,#1004);
#708=LINE('',#4543,#1005);
#709=LINE('',#4549,#1006);
#710=LINE('',#4552,#1007);
#711=LINE('',#4554,#1008);
#712=LINE('',#4555,#1009);
#713=LINE('',#4561,#1010);
#714=LINE('',#4564,#1011);
#715=LINE('',#4566,#1012);
#716=LINE('',#4567,#1013);
#717=LINE('',#4574,#1014);
#718=LINE('',#4576,#1015);
#719=LINE('',#4578,#1016);
#720=LINE('',#4579,#1017);
#721=LINE('',#4585,#1018);
#722=LINE('',#4588,#1019);
#723=LINE('',#4590,#1020);
#724=LINE('',#4591,#1021);
#725=LINE('',#4597,#1022);
#726=LINE('',#4600,#1023);
#727=LINE('',#4602,#1024);
#728=LINE('',#4603,#1025);
#729=LINE('',#4609,#1026);
#730=LINE('',#4612,#1027);
#731=LINE('',#4614,#1028);
#732=LINE('',#4615,#1029);
#733=LINE('',#4622,#1030);
#734=LINE('',#4624,#1031);
#735=LINE('',#4626,#1032);
#736=LINE('',#4627,#1033);
#737=LINE('',#4633,#1034);
#738=LINE('',#4636,#1035);
#739=LINE('',#4638,#1036);
#740=LINE('',#4639,#1037);
#741=LINE('',#4645,#1038);
#742=LINE('',#4648,#1039);
#743=LINE('',#4650,#1040);
#744=LINE('',#4651,#1041);
#745=LINE('',#4657,#1042);
#746=LINE('',#4660,#1043);
#747=LINE('',#4662,#1044);
#748=LINE('',#4663,#1045);
#749=LINE('',#4670,#1046);
#750=LINE('',#4672,#1047);
#751=LINE('',#4674,#1048);
#752=LINE('',#4675,#1049);
#753=LINE('',#4681,#1050);
#754=LINE('',#4684,#1051);
#755=LINE('',#4686,#1052);
#756=LINE('',#4687,#1053);
#757=LINE('',#4693,#1054);
#758=LINE('',#4696,#1055);
#759=LINE('',#4698,#1056);
#760=LINE('',#4699,#1057);
#761=LINE('',#4705,#1058);
#762=LINE('',#4708,#1059);
#763=LINE('',#4710,#1060);
#764=LINE('',#4711,#1061);
#765=LINE('',#4718,#1062);
#766=LINE('',#4720,#1063);
#767=LINE('',#4722,#1064);
#768=LINE('',#4723,#1065);
#769=LINE('',#4729,#1066);
#770=LINE('',#4732,#1067);
#771=LINE('',#4734,#1068);
#772=LINE('',#4735,#1069);
#773=LINE('',#4741,#1070);
#774=LINE('',#4744,#1071);
#775=LINE('',#4746,#1072);
#776=LINE('',#4747,#1073);
#777=LINE('',#4753,#1074);
#778=LINE('',#4756,#1075);
#779=LINE('',#4758,#1076);
#780=LINE('',#4759,#1077);
#781=LINE('',#4766,#1078);
#782=LINE('',#4768,#1079);
#783=LINE('',#4770,#1080);
#784=LINE('',#4771,#1081);
#785=LINE('',#4774,#1082);
#786=LINE('',#4776,#1083);
#787=LINE('',#4777,#1084);
#788=LINE('',#4780,#1085);
#789=LINE('',#4782,#1086);
#790=LINE('',#4783,#1087);
#791=LINE('',#4786,#1088);
#792=LINE('',#4788,#1089);
#793=LINE('',#4789,#1090);
#794=LINE('',#4792,#1091);
#795=LINE('',#4794,#1092);
#796=LINE('',#4795,#1093);
#797=LINE('',#4797,#1094);
#798=LINE('',#4798,#1095);
#799=LINE('',#4802,#1096);
#800=LINE('',#4804,#1097);
#801=LINE('',#4806,#1098);
#802=LINE('',#4807,#1099);
#803=LINE('',#4813,#1100);
#804=LINE('',#4816,#1101);
#805=LINE('',#4818,#1102);
#806=LINE('',#4819,#1103);
#807=LINE('',#4825,#1104);
#808=LINE('',#4828,#1105);
#809=LINE('',#4830,#1106);
#810=LINE('',#4831,#1107);
#811=LINE('',#4837,#1108);
#812=LINE('',#4840,#1109);
#813=LINE('',#4842,#1110);
#814=LINE('',#4843,#1111);
#815=LINE('',#4850,#1112);
#816=LINE('',#4852,#1113);
#817=LINE('',#4854,#1114);
#818=LINE('',#4855,#1115);
#819=LINE('',#4861,#1116);
#820=LINE('',#4864,#1117);
#821=LINE('',#4866,#1118);
#822=LINE('',#4867,#1119);
#823=LINE('',#4873,#1120);
#824=LINE('',#4876,#1121);
#825=LINE('',#4878,#1122);
#826=LINE('',#4879,#1123);
#827=LINE('',#4885,#1124);
#828=LINE('',#4888,#1125);
#829=LINE('',#4890,#1126);
#830=LINE('',#4891,#1127);
#831=LINE('',#4898,#1128);
#832=LINE('',#4900,#1129);
#833=LINE('',#4902,#1130);
#834=LINE('',#4903,#1131);
#835=LINE('',#4909,#1132);
#836=LINE('',#4912,#1133);
#837=LINE('',#4914,#1134);
#838=LINE('',#4915,#1135);
#839=LINE('',#4921,#1136);
#840=LINE('',#4924,#1137);
#841=LINE('',#4926,#1138);
#842=LINE('',#4927,#1139);
#843=LINE('',#4933,#1140);
#844=LINE('',#4936,#1141);
#845=LINE('',#4938,#1142);
#846=LINE('',#4939,#1143);
#847=LINE('',#4947,#1144);
#848=LINE('',#4953,#1145);
#849=LINE('',#4958,#1146);
#850=LINE('',#4960,#1147);
#851=LINE('',#4962,#1148);
#852=LINE('',#4963,#1149);
#853=LINE('',#4969,#1150);
#854=LINE('',#4972,#1151);
#855=LINE('',#4974,#1152);
#856=LINE('',#4975,#1153);
#857=LINE('',#4981,#1154);
#858=LINE('',#4984,#1155);
#859=LINE('',#4986,#1156);
#860=LINE('',#4987,#1157);
#861=LINE('',#4993,#1158);
#862=LINE('',#4996,#1159);
#863=LINE('',#4998,#1160);
#864=LINE('',#4999,#1161);
#865=LINE('',#5006,#1162);
#866=LINE('',#5008,#1163);
#867=LINE('',#5010,#1164);
#868=LINE('',#5011,#1165);
#869=LINE('',#5017,#1166);
#870=LINE('',#5020,#1167);
#871=LINE('',#5022,#1168);
#872=LINE('',#5023,#1169);
#873=LINE('',#5029,#1170);
#874=LINE('',#5032,#1171);
#875=LINE('',#5034,#1172);
#876=LINE('',#5035,#1173);
#877=LINE('',#5041,#1174);
#878=LINE('',#5044,#1175);
#879=LINE('',#5046,#1176);
#880=LINE('',#5047,#1177);
#881=LINE('',#5054,#1178);
#882=LINE('',#5056,#1179);
#883=LINE('',#5058,#1180);
#884=LINE('',#5059,#1181);
#885=LINE('',#5065,#1182);
#886=LINE('',#5068,#1183);
#887=LINE('',#5070,#1184);
#888=LINE('',#5071,#1185);
#889=LINE('',#5077,#1186);
#890=LINE('',#5083,#1187);
#891=LINE('',#5086,#1188);
#892=LINE('',#5088,#1189);
#893=LINE('',#5089,#1190);
#894=LINE('',#5095,#1191);
#895=LINE('',#5098,#1192);
#896=LINE('',#5100,#1193);
#897=LINE('',#5101,#1194);
#898=LINE('',#5107,#1195);
#899=LINE('',#5110,#1196);
#900=LINE('',#5112,#1197);
#901=LINE('',#5113,#1198);
#902=VECTOR('',#3353,10.);
#903=VECTOR('',#3354,10.);
#904=VECTOR('',#3355,10.);
#905=VECTOR('',#3356,10.);
#906=VECTOR('',#3363,10.);
#907=VECTOR('',#3366,10.);
#908=VECTOR('',#3367,10.);
#909=VECTOR('',#3368,10.);
#910=VECTOR('',#3375,10.);
#911=VECTOR('',#3378,10.);
#912=VECTOR('',#3379,10.);
#913=VECTOR('',#3380,10.);
#914=VECTOR('',#3387,10.);
#915=VECTOR('',#3390,10.);
#916=VECTOR('',#3391,10.);
#917=VECTOR('',#3392,10.);
#918=VECTOR('',#3401,10.);
#919=VECTOR('',#3402,10.);
#920=VECTOR('',#3403,10.);
#921=VECTOR('',#3404,10.);
#922=VECTOR('',#3411,10.);
#923=VECTOR('',#3414,10.);
#924=VECTOR('',#3415,10.);
#925=VECTOR('',#3416,10.);
#926=VECTOR('',#3423,10.);
#927=VECTOR('',#3426,10.);
#928=VECTOR('',#3427,10.);
#929=VECTOR('',#3428,10.);
#930=VECTOR('',#3435,10.);
#931=VECTOR('',#3438,10.);
#932=VECTOR('',#3439,10.);
#933=VECTOR('',#3440,10.);
#934=VECTOR('',#3449,10.);
#935=VECTOR('',#3450,10.);
#936=VECTOR('',#3451,10.);
#937=VECTOR('',#3452,10.);
#938=VECTOR('',#3459,10.);
#939=VECTOR('',#3462,10.);
#940=VECTOR('',#3463,10.);
#941=VECTOR('',#3464,10.);
#942=VECTOR('',#3471,10.);
#943=VECTOR('',#3474,10.);
#944=VECTOR('',#3475,10.);
#945=VECTOR('',#3476,10.);
#946=VECTOR('',#3483,10.);
#947=VECTOR('',#3486,10.);
#948=VECTOR('',#3487,10.);
#949=VECTOR('',#3488,10.);
#950=VECTOR('',#3497,10.);
#951=VECTOR('',#3498,10.);
#952=VECTOR('',#3499,10.);
#953=VECTOR('',#3500,10.);
#954=VECTOR('',#3507,10.);
#955=VECTOR('',#3510,10.);
#956=VECTOR('',#3511,10.);
#957=VECTOR('',#3512,10.);
#958=VECTOR('',#3519,10.);
#959=VECTOR('',#3522,10.);
#960=VECTOR('',#3523,10.);
#961=VECTOR('',#3524,10.);
#962=VECTOR('',#3531,10.);
#963=VECTOR('',#3534,10.);
#964=VECTOR('',#3535,10.);
#965=VECTOR('',#3536,10.);
#966=VECTOR('',#3545,10.);
#967=VECTOR('',#3546,10.);
#968=VECTOR('',#3547,10.);
#969=VECTOR('',#3548,10.);
#970=VECTOR('',#3555,10.);
#971=VECTOR('',#3558,10.);
#972=VECTOR('',#3559,10.);
#973=VECTOR('',#3560,10.);
#974=VECTOR('',#3567,10.);
#975=VECTOR('',#3570,10.);
#976=VECTOR('',#3571,10.);
#977=VECTOR('',#3572,10.);
#978=VECTOR('',#3579,10.);
#979=VECTOR('',#3582,10.);
#980=VECTOR('',#3583,10.);
#981=VECTOR('',#3584,10.);
#982=VECTOR('',#3593,10.);
#983=VECTOR('',#3594,10.);
#984=VECTOR('',#3595,10.);
#985=VECTOR('',#3596,10.);
#986=VECTOR('',#3603,10.);
#987=VECTOR('',#3606,10.);
#988=VECTOR('',#3607,10.);
#989=VECTOR('',#3608,10.);
#990=VECTOR('',#3615,10.);
#991=VECTOR('',#3618,10.);
#992=VECTOR('',#3619,10.);
#993=VECTOR('',#3620,10.);
#994=VECTOR('',#3627,10.);
#995=VECTOR('',#3630,10.);
#996=VECTOR('',#3631,10.);
#997=VECTOR('',#3632,10.);
#998=VECTOR('',#3641,10.);
#999=VECTOR('',#3642,10.);
#1000=VECTOR('',#3643,10.);
#1001=VECTOR('',#3644,10.);
#1002=VECTOR('',#3651,10.);
#1003=VECTOR('',#3654,10.);
#1004=VECTOR('',#3655,10.);
#1005=VECTOR('',#3656,10.);
#1006=VECTOR('',#3663,10.);
#1007=VECTOR('',#3666,10.);
#1008=VECTOR('',#3667,10.);
#1009=VECTOR('',#3668,10.);
#1010=VECTOR('',#3675,10.);
#1011=VECTOR('',#3678,10.);
#1012=VECTOR('',#3679,10.);
#1013=VECTOR('',#3680,10.);
#1014=VECTOR('',#3689,10.);
#1015=VECTOR('',#3690,10.);
#1016=VECTOR('',#3691,10.);
#1017=VECTOR('',#3692,10.);
#1018=VECTOR('',#3699,10.);
#1019=VECTOR('',#3702,10.);
#1020=VECTOR('',#3703,10.);
#1021=VECTOR('',#3704,10.);
#1022=VECTOR('',#3711,10.);
#1023=VECTOR('',#3714,10.);
#1024=VECTOR('',#3715,10.);
#1025=VECTOR('',#3716,10.);
#1026=VECTOR('',#3723,10.);
#1027=VECTOR('',#3726,10.);
#1028=VECTOR('',#3727,10.);
#1029=VECTOR('',#3728,10.);
#1030=VECTOR('',#3737,10.);
#1031=VECTOR('',#3738,10.);
#1032=VECTOR('',#3739,10.);
#1033=VECTOR('',#3740,10.);
#1034=VECTOR('',#3747,10.);
#1035=VECTOR('',#3750,10.);
#1036=VECTOR('',#3751,10.);
#1037=VECTOR('',#3752,10.);
#1038=VECTOR('',#3759,10.);
#1039=VECTOR('',#3762,10.);
#1040=VECTOR('',#3763,10.);
#1041=VECTOR('',#3764,10.);
#1042=VECTOR('',#3771,10.);
#1043=VECTOR('',#3774,10.);
#1044=VECTOR('',#3775,10.);
#1045=VECTOR('',#3776,10.);
#1046=VECTOR('',#3785,10.);
#1047=VECTOR('',#3786,10.);
#1048=VECTOR('',#3787,10.);
#1049=VECTOR('',#3788,10.);
#1050=VECTOR('',#3795,10.);
#1051=VECTOR('',#3798,10.);
#1052=VECTOR('',#3799,10.);
#1053=VECTOR('',#3800,10.);
#1054=VECTOR('',#3807,10.);
#1055=VECTOR('',#3810,10.);
#1056=VECTOR('',#3811,10.);
#1057=VECTOR('',#3812,10.);
#1058=VECTOR('',#3819,10.);
#1059=VECTOR('',#3822,10.);
#1060=VECTOR('',#3823,10.);
#1061=VECTOR('',#3824,10.);
#1062=VECTOR('',#3833,10.);
#1063=VECTOR('',#3834,10.);
#1064=VECTOR('',#3835,10.);
#1065=VECTOR('',#3836,10.);
#1066=VECTOR('',#3843,10.);
#1067=VECTOR('',#3846,10.);
#1068=VECTOR('',#3847,10.);
#1069=VECTOR('',#3848,10.);
#1070=VECTOR('',#3855,10.);
#1071=VECTOR('',#3858,10.);
#1072=VECTOR('',#3859,10.);
#1073=VECTOR('',#3860,10.);
#1074=VECTOR('',#3867,10.);
#1075=VECTOR('',#3870,10.);
#1076=VECTOR('',#3871,10.);
#1077=VECTOR('',#3872,10.);
#1078=VECTOR('',#3881,10.);
#1079=VECTOR('',#3882,10.);
#1080=VECTOR('',#3883,10.);
#1081=VECTOR('',#3884,10.);
#1082=VECTOR('',#3887,10.);
#1083=VECTOR('',#3888,10.);
#1084=VECTOR('',#3889,10.);
#1085=VECTOR('',#3892,10.);
#1086=VECTOR('',#3893,10.);
#1087=VECTOR('',#3894,10.);
#1088=VECTOR('',#3897,10.);
#1089=VECTOR('',#3898,10.);
#1090=VECTOR('',#3899,10.);
#1091=VECTOR('',#3902,10.);
#1092=VECTOR('',#3903,10.);
#1093=VECTOR('',#3904,10.);
#1094=VECTOR('',#3907,10.);
#1095=VECTOR('',#3908,10.);
#1096=VECTOR('',#3911,10.);
#1097=VECTOR('',#3912,10.);
#1098=VECTOR('',#3913,10.);
#1099=VECTOR('',#3914,10.);
#1100=VECTOR('',#3921,10.);
#1101=VECTOR('',#3924,10.);
#1102=VECTOR('',#3925,10.);
#1103=VECTOR('',#3926,10.);
#1104=VECTOR('',#3933,10.);
#1105=VECTOR('',#3936,10.);
#1106=VECTOR('',#3937,10.);
#1107=VECTOR('',#3938,10.);
#1108=VECTOR('',#3945,10.);
#1109=VECTOR('',#3948,10.);
#1110=VECTOR('',#3949,10.);
#1111=VECTOR('',#3950,10.);
#1112=VECTOR('',#3959,10.);
#1113=VECTOR('',#3960,10.);
#1114=VECTOR('',#3961,10.);
#1115=VECTOR('',#3962,10.);
#1116=VECTOR('',#3969,10.);
#1117=VECTOR('',#3972,10.);
#1118=VECTOR('',#3973,10.);
#1119=VECTOR('',#3974,10.);
#1120=VECTOR('',#3981,10.);
#1121=VECTOR('',#3984,10.);
#1122=VECTOR('',#3985,10.);
#1123=VECTOR('',#3986,10.);
#1124=VECTOR('',#3993,10.);
#1125=VECTOR('',#3996,10.);
#1126=VECTOR('',#3997,10.);
#1127=VECTOR('',#3998,10.);
#1128=VECTOR('',#4007,10.);
#1129=VECTOR('',#4008,10.);
#1130=VECTOR('',#4009,10.);
#1131=VECTOR('',#4010,10.);
#1132=VECTOR('',#4017,10.);
#1133=VECTOR('',#4020,10.);
#1134=VECTOR('',#4021,10.);
#1135=VECTOR('',#4022,10.);
#1136=VECTOR('',#4029,10.);
#1137=VECTOR('',#4032,10.);
#1138=VECTOR('',#4033,10.);
#1139=VECTOR('',#4034,10.);
#1140=VECTOR('',#4041,10.);
#1141=VECTOR('',#4044,10.);
#1142=VECTOR('',#4045,10.);
#1143=VECTOR('',#4046,10.);
#1144=VECTOR('',#4057,4.);
#1145=VECTOR('',#4064,4.);
#1146=VECTOR('',#4069,10.);
#1147=VECTOR('',#4070,10.);
#1148=VECTOR('',#4071,10.);
#1149=VECTOR('',#4072,10.);
#1150=VECTOR('',#4079,10.);
#1151=VECTOR('',#4082,10.);
#1152=VECTOR('',#4083,10.);
#1153=VECTOR('',#4084,10.);
#1154=VECTOR('',#4091,10.);
#1155=VECTOR('',#4094,10.);
#1156=VECTOR('',#4095,10.);
#1157=VECTOR('',#4096,10.);
#1158=VECTOR('',#4103,10.);
#1159=VECTOR('',#4106,10.);
#1160=VECTOR('',#4107,10.);
#1161=VECTOR('',#4108,10.);
#1162=VECTOR('',#4117,10.);
#1163=VECTOR('',#4118,10.);
#1164=VECTOR('',#4119,10.);
#1165=VECTOR('',#4120,10.);
#1166=VECTOR('',#4127,10.);
#1167=VECTOR('',#4130,10.);
#1168=VECTOR('',#4131,10.);
#1169=VECTOR('',#4132,10.);
#1170=VECTOR('',#4139,10.);
#1171=VECTOR('',#4142,10.);
#1172=VECTOR('',#4143,10.);
#1173=VECTOR('',#4144,10.);
#1174=VECTOR('',#4151,10.);
#1175=VECTOR('',#4154,10.);
#1176=VECTOR('',#4155,10.);
#1177=VECTOR('',#4156,10.);
#1178=VECTOR('',#4165,10.);
#1179=VECTOR('',#4166,10.);
#1180=VECTOR('',#4167,10.);
#1181=VECTOR('',#4168,10.);
#1182=VECTOR('',#4175,10.);
#1183=VECTOR('',#4178,10.);
#1184=VECTOR('',#4179,10.);
#1185=VECTOR('',#4180,10.);
#1186=VECTOR('',#4187,10.);
#1187=VECTOR('',#4194,10.);
#1188=VECTOR('',#4197,10.);
#1189=VECTOR('',#4198,10.);
#1190=VECTOR('',#4199,10.);
#1191=VECTOR('',#4206,10.);
#1192=VECTOR('',#4209,10.);
#1193=VECTOR('',#4210,10.);
#1194=VECTOR('',#4211,10.);
#1195=VECTOR('',#4218,10.);
#1196=VECTOR('',#4221,10.);
#1197=VECTOR('',#4222,10.);
#1198=VECTOR('',#4223,10.);
#1199=VERTEX_POINT('',#4236);
#1200=VERTEX_POINT('',#4237);
#1201=VERTEX_POINT('',#4239);
#1202=VERTEX_POINT('',#4241);
#1203=VERTEX_POINT('',#4245);
#1204=VERTEX_POINT('',#4247);
#1205=VERTEX_POINT('',#4251);
#1206=VERTEX_POINT('',#4253);
#1207=VERTEX_POINT('',#4257);
#1208=VERTEX_POINT('',#4259);
#1209=VERTEX_POINT('',#4263);
#1210=VERTEX_POINT('',#4265);
#1211=VERTEX_POINT('',#4269);
#1212=VERTEX_POINT('',#4271);
#1213=VERTEX_POINT('',#4275);
#1214=VERTEX_POINT('',#4277);
#1215=VERTEX_POINT('',#4284);
#1216=VERTEX_POINT('',#4285);
#1217=VERTEX_POINT('',#4287);
#1218=VERTEX_POINT('',#4289);
#1219=VERTEX_POINT('',#4293);
#1220=VERTEX_POINT('',#4295);
#1221=VERTEX_POINT('',#4299);
#1222=VERTEX_POINT('',#4301);
#1223=VERTEX_POINT('',#4305);
#1224=VERTEX_POINT('',#4307);
#1225=VERTEX_POINT('',#4311);
#1226=VERTEX_POINT('',#4313);
#1227=VERTEX_POINT('',#4317);
#1228=VERTEX_POINT('',#4319);
#1229=VERTEX_POINT('',#4323);
#1230=VERTEX_POINT('',#4325);
#1231=VERTEX_POINT('',#4332);
#1232=VERTEX_POINT('',#4333);
#1233=VERTEX_POINT('',#4335);
#1234=VERTEX_POINT('',#4337);
#1235=VERTEX_POINT('',#4341);
#1236=VERTEX_POINT('',#4343);
#1237=VERTEX_POINT('',#4347);
#1238=VERTEX_POINT('',#4349);
#1239=VERTEX_POINT('',#4353);
#1240=VERTEX_POINT('',#4355);
#1241=VERTEX_POINT('',#4359);
#1242=VERTEX_POINT('',#4361);
#1243=VERTEX_POINT('',#4365);
#1244=VERTEX_POINT('',#4367);
#1245=VERTEX_POINT('',#4371);
#1246=VERTEX_POINT('',#4373);
#1247=VERTEX_POINT('',#4380);
#1248=VERTEX_POINT('',#4381);
#1249=VERTEX_POINT('',#4383);
#1250=VERTEX_POINT('',#4385);
#1251=VERTEX_POINT('',#4389);
#1252=VERTEX_POINT('',#4391);
#1253=VERTEX_POINT('',#4395);
#1254=VERTEX_POINT('',#4397);
#1255=VERTEX_POINT('',#4401);
#1256=VERTEX_POINT('',#4403);
#1257=VERTEX_POINT('',#4407);
#1258=VERTEX_POINT('',#4409);
#1259=VERTEX_POINT('',#4413);
#1260=VERTEX_POINT('',#4415);
#1261=VERTEX_POINT('',#4419);
#1262=VERTEX_POINT('',#4421);
#1263=VERTEX_POINT('',#4428);
#1264=VERTEX_POINT('',#4429);
#1265=VERTEX_POINT('',#4431);
#1266=VERTEX_POINT('',#4433);
#1267=VERTEX_POINT('',#4437);
#1268=VERTEX_POINT('',#4439);
#1269=VERTEX_POINT('',#4443);
#1270=VERTEX_POINT('',#4445);
#1271=VERTEX_POINT('',#4449);
#1272=VERTEX_POINT('',#4451);
#1273=VERTEX_POINT('',#4455);
#1274=VERTEX_POINT('',#4457);
#1275=VERTEX_POINT('',#4461);
#1276=VERTEX_POINT('',#4463);
#1277=VERTEX_POINT('',#4467);
#1278=VERTEX_POINT('',#4469);
#1279=VERTEX_POINT('',#4476);
#1280=VERTEX_POINT('',#4477);
#1281=VERTEX_POINT('',#4479);
#1282=VERTEX_POINT('',#4481);
#1283=VERTEX_POINT('',#4485);
#1284=VERTEX_POINT('',#4487);
#1285=VERTEX_POINT('',#4491);
#1286=VERTEX_POINT('',#4493);
#1287=VERTEX_POINT('',#4497);
#1288=VERTEX_POINT('',#4499);
#1289=VERTEX_POINT('',#4503);
#1290=VERTEX_POINT('',#4505);
#1291=VERTEX_POINT('',#4509);
#1292=VERTEX_POINT('',#4511);
#1293=VERTEX_POINT('',#4515);
#1294=VERTEX_POINT('',#4517);
#1295=VERTEX_POINT('',#4524);
#1296=VERTEX_POINT('',#4525);
#1297=VERTEX_POINT('',#4527);
#1298=VERTEX_POINT('',#4529);
#1299=VERTEX_POINT('',#4533);
#1300=VERTEX_POINT('',#4535);
#1301=VERTEX_POINT('',#4539);
#1302=VERTEX_POINT('',#4541);
#1303=VERTEX_POINT('',#4545);
#1304=VERTEX_POINT('',#4547);
#1305=VERTEX_POINT('',#4551);
#1306=VERTEX_POINT('',#4553);
#1307=VERTEX_POINT('',#4557);
#1308=VERTEX_POINT('',#4559);
#1309=VERTEX_POINT('',#4563);
#1310=VERTEX_POINT('',#4565);
#1311=VERTEX_POINT('',#4572);
#1312=VERTEX_POINT('',#4573);
#1313=VERTEX_POINT('',#4575);
#1314=VERTEX_POINT('',#4577);
#1315=VERTEX_POINT('',#4581);
#1316=VERTEX_POINT('',#4583);
#1317=VERTEX_POINT('',#4587);
#1318=VERTEX_POINT('',#4589);
#1319=VERTEX_POINT('',#4593);
#1320=VERTEX_POINT('',#4595);
#1321=VERTEX_POINT('',#4599);
#1322=VERTEX_POINT('',#4601);
#1323=VERTEX_POINT('',#4605);
#1324=VERTEX_POINT('',#4607);
#1325=VERTEX_POINT('',#4611);
#1326=VERTEX_POINT('',#4613);
#1327=VERTEX_POINT('',#4620);
#1328=VERTEX_POINT('',#4621);
#1329=VERTEX_POINT('',#4623);
#1330=VERTEX_POINT('',#4625);
#1331=VERTEX_POINT('',#4629);
#1332=VERTEX_POINT('',#4631);
#1333=VERTEX_POINT('',#4635);
#1334=VERTEX_POINT('',#4637);
#1335=VERTEX_POINT('',#4641);
#1336=VERTEX_POINT('',#4643);
#1337=VERTEX_POINT('',#4647);
#1338=VERTEX_POINT('',#4649);
#1339=VERTEX_POINT('',#4653);
#1340=VERTEX_POINT('',#4655);
#1341=VERTEX_POINT('',#4659);
#1342=VERTEX_POINT('',#4661);
#1343=VERTEX_POINT('',#4668);
#1344=VERTEX_POINT('',#4669);
#1345=VERTEX_POINT('',#4671);
#1346=VERTEX_POINT('',#4673);
#1347=VERTEX_POINT('',#4677);
#1348=VERTEX_POINT('',#4679);
#1349=VERTEX_POINT('',#4683);
#1350=VERTEX_POINT('',#4685);
#1351=VERTEX_POINT('',#4689);
#1352=VERTEX_POINT('',#4691);
#1353=VERTEX_POINT('',#4695);
#1354=VERTEX_POINT('',#4697);
#1355=VERTEX_POINT('',#4701);
#1356=VERTEX_POINT('',#4703);
#1357=VERTEX_POINT('',#4707);
#1358=VERTEX_POINT('',#4709);
#1359=VERTEX_POINT('',#4716);
#1360=VERTEX_POINT('',#4717);
#1361=VERTEX_POINT('',#4719);
#1362=VERTEX_POINT('',#4721);
#1363=VERTEX_POINT('',#4725);
#1364=VERTEX_POINT('',#4727);
#1365=VERTEX_POINT('',#4731);
#1366=VERTEX_POINT('',#4733);
#1367=VERTEX_POINT('',#4737);
#1368=VERTEX_POINT('',#4739);
#1369=VERTEX_POINT('',#4743);
#1370=VERTEX_POINT('',#4745);
#1371=VERTEX_POINT('',#4749);
#1372=VERTEX_POINT('',#4751);
#1373=VERTEX_POINT('',#4755);
#1374=VERTEX_POINT('',#4757);
#1375=VERTEX_POINT('',#4764);
#1376=VERTEX_POINT('',#4765);
#1377=VERTEX_POINT('',#4767);
#1378=VERTEX_POINT('',#4769);
#1379=VERTEX_POINT('',#4773);
#1380=VERTEX_POINT('',#4775);
#1381=VERTEX_POINT('',#4779);
#1382=VERTEX_POINT('',#4781);
#1383=VERTEX_POINT('',#4785);
#1384=VERTEX_POINT('',#4787);
#1385=VERTEX_POINT('',#4791);
#1386=VERTEX_POINT('',#4793);
#1387=VERTEX_POINT('',#4800);
#1388=VERTEX_POINT('',#4801);
#1389=VERTEX_POINT('',#4803);
#1390=VERTEX_POINT('',#4805);
#1391=VERTEX_POINT('',#4809);
#1392=VERTEX_POINT('',#4811);
#1393=VERTEX_POINT('',#4815);
#1394=VERTEX_POINT('',#4817);
#1395=VERTEX_POINT('',#4821);
#1396=VERTEX_POINT('',#4823);
#1397=VERTEX_POINT('',#4827);
#1398=VERTEX_POINT('',#4829);
#1399=VERTEX_POINT('',#4833);
#1400=VERTEX_POINT('',#4835);
#1401=VERTEX_POINT('',#4839);
#1402=VERTEX_POINT('',#4841);
#1403=VERTEX_POINT('',#4848);
#1404=VERTEX_POINT('',#4849);
#1405=VERTEX_POINT('',#4851);
#1406=VERTEX_POINT('',#4853);
#1407=VERTEX_POINT('',#4857);
#1408=VERTEX_POINT('',#4859);
#1409=VERTEX_POINT('',#4863);
#1410=VERTEX_POINT('',#4865);
#1411=VERTEX_POINT('',#4869);
#1412=VERTEX_POINT('',#4871);
#1413=VERTEX_POINT('',#4875);
#1414=VERTEX_POINT('',#4877);
#1415=VERTEX_POINT('',#4881);
#1416=VERTEX_POINT('',#4883);
#1417=VERTEX_POINT('',#4887);
#1418=VERTEX_POINT('',#4889);
#1419=VERTEX_POINT('',#4896);
#1420=VERTEX_POINT('',#4897);
#1421=VERTEX_POINT('',#4899);
#1422=VERTEX_POINT('',#4901);
#1423=VERTEX_POINT('',#4905);
#1424=VERTEX_POINT('',#4907);
#1425=VERTEX_POINT('',#4911);
#1426=VERTEX_POINT('',#4913);
#1427=VERTEX_POINT('',#4917);
#1428=VERTEX_POINT('',#4919);
#1429=VERTEX_POINT('',#4923);
#1430=VERTEX_POINT('',#4925);
#1431=VERTEX_POINT('',#4929);
#1432=VERTEX_POINT('',#4931);
#1433=VERTEX_POINT('',#4935);
#1434=VERTEX_POINT('',#4937);
#1435=VERTEX_POINT('',#4944);
#1436=VERTEX_POINT('',#4946);
#1437=VERTEX_POINT('',#4950);
#1438=VERTEX_POINT('',#4952);
#1439=VERTEX_POINT('',#4956);
#1440=VERTEX_POINT('',#4957);
#1441=VERTEX_POINT('',#4959);
#1442=VERTEX_POINT('',#4961);
#1443=VERTEX_POINT('',#4965);
#1444=VERTEX_POINT('',#4967);
#1445=VERTEX_POINT('',#4971);
#1446=VERTEX_POINT('',#4973);
#1447=VERTEX_POINT('',#4977);
#1448=VERTEX_POINT('',#4979);
#1449=VERTEX_POINT('',#4983);
#1450=VERTEX_POINT('',#4985);
#1451=VERTEX_POINT('',#4989);
#1452=VERTEX_POINT('',#4991);
#1453=VERTEX_POINT('',#4995);
#1454=VERTEX_POINT('',#4997);
#1455=VERTEX_POINT('',#5004);
#1456=VERTEX_POINT('',#5005);
#1457=VERTEX_POINT('',#5007);
#1458=VERTEX_POINT('',#5009);
#1459=VERTEX_POINT('',#5013);
#1460=VERTEX_POINT('',#5015);
#1461=VERTEX_POINT('',#5019);
#1462=VERTEX_POINT('',#5021);
#1463=VERTEX_POINT('',#5025);
#1464=VERTEX_POINT('',#5027);
#1465=VERTEX_POINT('',#5031);
#1466=VERTEX_POINT('',#5033);
#1467=VERTEX_POINT('',#5037);
#1468=VERTEX_POINT('',#5039);
#1469=VERTEX_POINT('',#5043);
#1470=VERTEX_POINT('',#5045);
#1471=VERTEX_POINT('',#5052);
#1472=VERTEX_POINT('',#5053);
#1473=VERTEX_POINT('',#5055);
#1474=VERTEX_POINT('',#5057);
#1475=VERTEX_POINT('',#5061);
#1476=VERTEX_POINT('',#5063);
#1477=VERTEX_POINT('',#5067);
#1478=VERTEX_POINT('',#5069);
#1479=VERTEX_POINT('',#5073);
#1480=VERTEX_POINT('',#5075);
#1481=VERTEX_POINT('',#5079);
#1482=VERTEX_POINT('',#5081);
#1483=VERTEX_POINT('',#5085);
#1484=VERTEX_POINT('',#5087);
#1485=VERTEX_POINT('',#5091);
#1486=VERTEX_POINT('',#5093);
#1487=VERTEX_POINT('',#5097);
#1488=VERTEX_POINT('',#5099);
#1489=VERTEX_POINT('',#5103);
#1490=VERTEX_POINT('',#5105);
#1491=VERTEX_POINT('',#5109);
#1492=VERTEX_POINT('',#5111);
#1493=EDGE_CURVE('',#1199,#1200,#605,.T.);
#1494=EDGE_CURVE('',#1200,#1201,#606,.T.);
#1495=EDGE_CURVE('',#1202,#1201,#607,.T.);
#1496=EDGE_CURVE('',#1199,#1202,#608,.T.);
#1497=EDGE_CURVE('',#1203,#1199,#53,.T.);
#1498=EDGE_CURVE('',#1204,#1202,#54,.T.);
#1499=EDGE_CURVE('',#1203,#1204,#609,.T.);
#1500=EDGE_CURVE('',#1205,#1203,#610,.T.);
#1501=EDGE_CURVE('',#1206,#1204,#611,.T.);
#1502=EDGE_CURVE('',#1205,#1206,#612,.T.);
#1503=EDGE_CURVE('',#1207,#1205,#55,.T.);
#1504=EDGE_CURVE('',#1208,#1206,#56,.T.);
#1505=EDGE_CURVE('',#1207,#1208,#613,.T.);
#1506=EDGE_CURVE('',#1209,#1207,#614,.T.);
#1507=EDGE_CURVE('',#1210,#1208,#615,.T.);
#1508=EDGE_CURVE('',#1209,#1210,#616,.T.);
#1509=EDGE_CURVE('',#1211,#1209,#57,.T.);
#1510=EDGE_CURVE('',#1212,#1210,#58,.T.);
#1511=EDGE_CURVE('',#1211,#1212,#617,.T.);
#1512=EDGE_CURVE('',#1213,#1211,#618,.T.);
#1513=EDGE_CURVE('',#1214,#1212,#619,.T.);
#1514=EDGE_CURVE('',#1213,#1214,#620,.T.);
#1515=EDGE_CURVE('',#1200,#1213,#59,.T.);
#1516=EDGE_CURVE('',#1201,#1214,#60,.T.);
#1517=EDGE_CURVE('',#1215,#1216,#621,.T.);
#1518=EDGE_CURVE('',#1216,#1217,#622,.T.);
#1519=EDGE_CURVE('',#1218,#1217,#623,.T.);
#1520=EDGE_CURVE('',#1215,#1218,#624,.T.);
#1521=EDGE_CURVE('',#1219,#1215,#61,.T.);
#1522=EDGE_CURVE('',#1220,#1218,#62,.T.);
#1523=EDGE_CURVE('',#1219,#1220,#625,.T.);
#1524=EDGE_CURVE('',#1221,#1219,#626,.T.);
#1525=EDGE_CURVE('',#1222,#1220,#627,.T.);
#1526=EDGE_CURVE('',#1221,#1222,#628,.T.);
#1527=EDGE_CURVE('',#1223,#1221,#63,.T.);
#1528=EDGE_CURVE('',#1224,#1222,#64,.T.);
#1529=EDGE_CURVE('',#1223,#1224,#629,.T.);
#1530=EDGE_CURVE('',#1225,#1223,#630,.T.);
#1531=EDGE_CURVE('',#1226,#1224,#631,.T.);
#1532=EDGE_CURVE('',#1225,#1226,#632,.T.);
#1533=EDGE_CURVE('',#1227,#1225,#65,.T.);
#1534=EDGE_CURVE('',#1228,#1226,#66,.T.);
#1535=EDGE_CURVE('',#1227,#1228,#633,.T.);
#1536=EDGE_CURVE('',#1229,#1227,#634,.T.);
#1537=EDGE_CURVE('',#1230,#1228,#635,.T.);
#1538=EDGE_CURVE('',#1229,#1230,#636,.T.);
#1539=EDGE_CURVE('',#1216,#1229,#67,.T.);
#1540=EDGE_CURVE('',#1217,#1230,#68,.T.);
#1541=EDGE_CURVE('',#1231,#1232,#637,.T.);
#1542=EDGE_CURVE('',#1232,#1233,#638,.T.);
#1543=EDGE_CURVE('',#1234,#1233,#639,.T.);
#1544=EDGE_CURVE('',#1231,#1234,#640,.T.);
#1545=EDGE_CURVE('',#1235,#1231,#69,.T.);
#1546=EDGE_CURVE('',#1236,#1234,#70,.T.);
#1547=EDGE_CURVE('',#1235,#1236,#641,.T.);
#1548=EDGE_CURVE('',#1237,#1235,#642,.T.);
#1549=EDGE_CURVE('',#1238,#1236,#643,.T.);
#1550=EDGE_CURVE('',#1237,#1238,#644,.T.);
#1551=EDGE_CURVE('',#1239,#1237,#71,.T.);
#1552=EDGE_CURVE('',#1240,#1238,#72,.T.);
#1553=EDGE_CURVE('',#1239,#1240,#645,.T.);
#1554=EDGE_CURVE('',#1241,#1239,#646,.T.);
#1555=EDGE_CURVE('',#1242,#1240,#647,.T.);
#1556=EDGE_CURVE('',#1241,#1242,#648,.T.);
#1557=EDGE_CURVE('',#1243,#1241,#73,.T.);
#1558=EDGE_CURVE('',#1244,#1242,#74,.T.);
#1559=EDGE_CURVE('',#1243,#1244,#649,.T.);
#1560=EDGE_CURVE('',#1245,#1243,#650,.T.);
#1561=EDGE_CURVE('',#1246,#1244,#651,.T.);
#1562=EDGE_CURVE('',#1245,#1246,#652,.T.);
#1563=EDGE_CURVE('',#1232,#1245,#75,.T.);
#1564=EDGE_CURVE('',#1233,#1246,#76,.T.);
#1565=EDGE_CURVE('',#1247,#1248,#653,.T.);
#1566=EDGE_CURVE('',#1248,#1249,#654,.T.);
#1567=EDGE_CURVE('',#1250,#1249,#655,.T.);
#1568=EDGE_CURVE('',#1247,#1250,#656,.T.);
#1569=EDGE_CURVE('',#1251,#1247,#77,.T.);
#1570=EDGE_CURVE('',#1252,#1250,#78,.T.);
#1571=EDGE_CURVE('',#1251,#1252,#657,.T.);
#1572=EDGE_CURVE('',#1253,#1251,#658,.T.);
#1573=EDGE_CURVE('',#1254,#1252,#659,.T.);
#1574=EDGE_CURVE('',#1253,#1254,#660,.T.);
#1575=EDGE_CURVE('',#1255,#1253,#79,.T.);
#1576=EDGE_CURVE('',#1256,#1254,#80,.T.);
#1577=EDGE_CURVE('',#1255,#1256,#661,.T.);
#1578=EDGE_CURVE('',#1257,#1255,#662,.T.);
#1579=EDGE_CURVE('',#1258,#1256,#663,.T.);
#1580=EDGE_CURVE('',#1257,#1258,#664,.T.);
#1581=EDGE_CURVE('',#1259,#1257,#81,.T.);
#1582=EDGE_CURVE('',#1260,#1258,#82,.T.);
#1583=EDGE_CURVE('',#1259,#1260,#665,.T.);
#1584=EDGE_CURVE('',#1261,#1259,#666,.T.);
#1585=EDGE_CURVE('',#1262,#1260,#667,.T.);
#1586=EDGE_CURVE('',#1261,#1262,#668,.T.);
#1587=EDGE_CURVE('',#1248,#1261,#83,.T.);
#1588=EDGE_CURVE('',#1249,#1262,#84,.T.);
#1589=EDGE_CURVE('',#1263,#1264,#669,.T.);
#1590=EDGE_CURVE('',#1264,#1265,#670,.T.);
#1591=EDGE_CURVE('',#1266,#1265,#671,.T.);
#1592=EDGE_CURVE('',#1263,#1266,#672,.T.);
#1593=EDGE_CURVE('',#1267,#1263,#85,.T.);
#1594=EDGE_CURVE('',#1268,#1266,#86,.T.);
#1595=EDGE_CURVE('',#1267,#1268,#673,.T.);
#1596=EDGE_CURVE('',#1269,#1267,#674,.T.);
#1597=EDGE_CURVE('',#1270,#1268,#675,.T.);
#1598=EDGE_CURVE('',#1269,#1270,#676,.T.);
#1599=EDGE_CURVE('',#1271,#1269,#87,.T.);
#1600=EDGE_CURVE('',#1272,#1270,#88,.T.);
#1601=EDGE_CURVE('',#1271,#1272,#677,.T.);
#1602=EDGE_CURVE('',#1273,#1271,#678,.T.);
#1603=EDGE_CURVE('',#1274,#1272,#679,.T.);
#1604=EDGE_CURVE('',#1273,#1274,#680,.T.);
#1605=EDGE_CURVE('',#1275,#1273,#89,.T.);
#1606=EDGE_CURVE('',#1276,#1274,#90,.T.);
#1607=EDGE_CURVE('',#1275,#1276,#681,.T.);
#1608=EDGE_CURVE('',#1277,#1275,#682,.T.);
#1609=EDGE_CURVE('',#1278,#1276,#683,.T.);
#1610=EDGE_CURVE('',#1277,#1278,#684,.T.);
#1611=EDGE_CURVE('',#1264,#1277,#91,.T.);
#1612=EDGE_CURVE('',#1265,#1278,#92,.T.);
#1613=EDGE_CURVE('',#1279,#1280,#685,.T.);
#1614=EDGE_CURVE('',#1280,#1281,#686,.T.);
#1615=EDGE_CURVE('',#1282,#1281,#687,.T.);
#1616=EDGE_CURVE('',#1279,#1282,#688,.T.);
#1617=EDGE_CURVE('',#1283,#1279,#93,.T.);
#1618=EDGE_CURVE('',#1284,#1282,#94,.T.);
#1619=EDGE_CURVE('',#1283,#1284,#689,.T.);
#1620=EDGE_CURVE('',#1285,#1283,#690,.T.);
#1621=EDGE_CURVE('',#1286,#1284,#691,.T.);
#1622=EDGE_CURVE('',#1285,#1286,#692,.T.);
#1623=EDGE_CURVE('',#1287,#1285,#95,.T.);
#1624=EDGE_CURVE('',#1288,#1286,#96,.T.);
#1625=EDGE_CURVE('',#1287,#1288,#693,.T.);
#1626=EDGE_CURVE('',#1289,#1287,#694,.T.);
#1627=EDGE_CURVE('',#1290,#1288,#695,.T.);
#1628=EDGE_CURVE('',#1289,#1290,#696,.T.);
#1629=EDGE_CURVE('',#1291,#1289,#97,.T.);
#1630=EDGE_CURVE('',#1292,#1290,#98,.T.);
#1631=EDGE_CURVE('',#1291,#1292,#697,.T.);
#1632=EDGE_CURVE('',#1293,#1291,#698,.T.);
#1633=EDGE_CURVE('',#1294,#1292,#699,.T.);
#1634=EDGE_CURVE('',#1293,#1294,#700,.T.);
#1635=EDGE_CURVE('',#1280,#1293,#99,.T.);
#1636=EDGE_CURVE('',#1281,#1294,#100,.T.);
#1637=EDGE_CURVE('',#1295,#1296,#701,.T.);
#1638=EDGE_CURVE('',#1296,#1297,#702,.T.);
#1639=EDGE_CURVE('',#1298,#1297,#703,.T.);
#1640=EDGE_CURVE('',#1295,#1298,#704,.T.);
#1641=EDGE_CURVE('',#1299,#1295,#101,.T.);
#1642=EDGE_CURVE('',#1300,#1298,#102,.T.);
#1643=EDGE_CURVE('',#1299,#1300,#705,.T.);
#1644=EDGE_CURVE('',#1301,#1299,#706,.T.);
#1645=EDGE_CURVE('',#1302,#1300,#707,.T.);
#1646=EDGE_CURVE('',#1301,#1302,#708,.T.);
#1647=EDGE_CURVE('',#1303,#1301,#103,.T.);
#1648=EDGE_CURVE('',#1304,#1302,#104,.T.);
#1649=EDGE_CURVE('',#1303,#1304,#709,.T.);
#1650=EDGE_CURVE('',#1305,#1303,#710,.T.);
#1651=EDGE_CURVE('',#1306,#1304,#711,.T.);
#1652=EDGE_CURVE('',#1305,#1306,#712,.T.);
#1653=EDGE_CURVE('',#1307,#1305,#105,.T.);
#1654=EDGE_CURVE('',#1308,#1306,#106,.T.);
#1655=EDGE_CURVE('',#1307,#1308,#713,.T.);
#1656=EDGE_CURVE('',#1309,#1307,#714,.T.);
#1657=EDGE_CURVE('',#1310,#1308,#715,.T.);
#1658=EDGE_CURVE('',#1309,#1310,#716,.T.);
#1659=EDGE_CURVE('',#1296,#1309,#107,.T.);
#1660=EDGE_CURVE('',#1297,#1310,#108,.T.);
#1661=EDGE_CURVE('',#1311,#1312,#717,.T.);
#1662=EDGE_CURVE('',#1312,#1313,#718,.T.);
#1663=EDGE_CURVE('',#1314,#1313,#719,.T.);
#1664=EDGE_CURVE('',#1311,#1314,#720,.T.);
#1665=EDGE_CURVE('',#1315,#1311,#109,.T.);
#1666=EDGE_CURVE('',#1316,#1314,#110,.T.);
#1667=EDGE_CURVE('',#1315,#1316,#721,.T.);
#1668=EDGE_CURVE('',#1317,#1315,#722,.T.);
#1669=EDGE_CURVE('',#1318,#1316,#723,.T.);
#1670=EDGE_CURVE('',#1317,#1318,#724,.T.);
#1671=EDGE_CURVE('',#1319,#1317,#111,.T.);
#1672=EDGE_CURVE('',#1320,#1318,#112,.T.);
#1673=EDGE_CURVE('',#1319,#1320,#725,.T.);
#1674=EDGE_CURVE('',#1321,#1319,#726,.T.);
#1675=EDGE_CURVE('',#1322,#1320,#727,.T.);
#1676=EDGE_CURVE('',#1321,#1322,#728,.T.);
#1677=EDGE_CURVE('',#1323,#1321,#113,.T.);
#1678=EDGE_CURVE('',#1324,#1322,#114,.T.);
#1679=EDGE_CURVE('',#1323,#1324,#729,.T.);
#1680=EDGE_CURVE('',#1325,#1323,#730,.T.);
#1681=EDGE_CURVE('',#1326,#1324,#731,.T.);
#1682=EDGE_CURVE('',#1325,#1326,#732,.T.);
#1683=EDGE_CURVE('',#1312,#1325,#115,.T.);
#1684=EDGE_CURVE('',#1313,#1326,#116,.T.);
#1685=EDGE_CURVE('',#1327,#1328,#733,.T.);
#1686=EDGE_CURVE('',#1328,#1329,#734,.T.);
#1687=EDGE_CURVE('',#1330,#1329,#735,.T.);
#1688=EDGE_CURVE('',#1327,#1330,#736,.T.);
#1689=EDGE_CURVE('',#1331,#1327,#117,.T.);
#1690=EDGE_CURVE('',#1332,#1330,#118,.T.);
#1691=EDGE_CURVE('',#1331,#1332,#737,.T.);
#1692=EDGE_CURVE('',#1333,#1331,#738,.T.);
#1693=EDGE_CURVE('',#1334,#1332,#739,.T.);
#1694=EDGE_CURVE('',#1333,#1334,#740,.T.);
#1695=EDGE_CURVE('',#1335,#1333,#119,.T.);
#1696=EDGE_CURVE('',#1336,#1334,#120,.T.);
#1697=EDGE_CURVE('',#1335,#1336,#741,.T.);
#1698=EDGE_CURVE('',#1337,#1335,#742,.T.);
#1699=EDGE_CURVE('',#1338,#1336,#743,.T.);
#1700=EDGE_CURVE('',#1337,#1338,#744,.T.);
#1701=EDGE_CURVE('',#1339,#1337,#121,.T.);
#1702=EDGE_CURVE('',#1340,#1338,#122,.T.);
#1703=EDGE_CURVE('',#1339,#1340,#745,.T.);
#1704=EDGE_CURVE('',#1341,#1339,#746,.T.);
#1705=EDGE_CURVE('',#1342,#1340,#747,.T.);
#1706=EDGE_CURVE('',#1341,#1342,#748,.T.);
#1707=EDGE_CURVE('',#1328,#1341,#123,.T.);
#1708=EDGE_CURVE('',#1329,#1342,#124,.T.);
#1709=EDGE_CURVE('',#1343,#1344,#749,.T.);
#1710=EDGE_CURVE('',#1344,#1345,#750,.T.);
#1711=EDGE_CURVE('',#1346,#1345,#751,.T.);
#1712=EDGE_CURVE('',#1343,#1346,#752,.T.);
#1713=EDGE_CURVE('',#1347,#1343,#125,.T.);
#1714=EDGE_CURVE('',#1348,#1346,#126,.T.);
#1715=EDGE_CURVE('',#1347,#1348,#753,.T.);
#1716=EDGE_CURVE('',#1349,#1347,#754,.T.);
#1717=EDGE_CURVE('',#1350,#1348,#755,.T.);
#1718=EDGE_CURVE('',#1349,#1350,#756,.T.);
#1719=EDGE_CURVE('',#1351,#1349,#127,.T.);
#1720=EDGE_CURVE('',#1352,#1350,#128,.T.);
#1721=EDGE_CURVE('',#1351,#1352,#757,.T.);
#1722=EDGE_CURVE('',#1353,#1351,#758,.T.);
#1723=EDGE_CURVE('',#1354,#1352,#759,.T.);
#1724=EDGE_CURVE('',#1353,#1354,#760,.T.);
#1725=EDGE_CURVE('',#1355,#1353,#129,.T.);
#1726=EDGE_CURVE('',#1356,#1354,#130,.T.);
#1727=EDGE_CURVE('',#1355,#1356,#761,.T.);
#1728=EDGE_CURVE('',#1357,#1355,#762,.T.);
#1729=EDGE_CURVE('',#1358,#1356,#763,.T.);
#1730=EDGE_CURVE('',#1357,#1358,#764,.T.);
#1731=EDGE_CURVE('',#1344,#1357,#131,.T.);
#1732=EDGE_CURVE('',#1345,#1358,#132,.T.);
#1733=EDGE_CURVE('',#1359,#1360,#765,.T.);
#1734=EDGE_CURVE('',#1360,#1361,#766,.T.);
#1735=EDGE_CURVE('',#1362,#1361,#767,.T.);
#1736=EDGE_CURVE('',#1359,#1362,#768,.T.);
#1737=EDGE_CURVE('',#1363,#1359,#133,.T.);
#1738=EDGE_CURVE('',#1364,#1362,#134,.T.);
#1739=EDGE_CURVE('',#1363,#1364,#769,.T.);
#1740=EDGE_CURVE('',#1365,#1363,#770,.T.);
#1741=EDGE_CURVE('',#1366,#1364,#771,.T.);
#1742=EDGE_CURVE('',#1365,#1366,#772,.T.);
#1743=EDGE_CURVE('',#1367,#1365,#135,.T.);
#1744=EDGE_CURVE('',#1368,#1366,#136,.T.);
#1745=EDGE_CURVE('',#1367,#1368,#773,.T.);
#1746=EDGE_CURVE('',#1369,#1367,#774,.T.);
#1747=EDGE_CURVE('',#1370,#1368,#775,.T.);
#1748=EDGE_CURVE('',#1369,#1370,#776,.T.);
#1749=EDGE_CURVE('',#1371,#1369,#137,.T.);
#1750=EDGE_CURVE('',#1372,#1370,#138,.T.);
#1751=EDGE_CURVE('',#1371,#1372,#777,.T.);
#1752=EDGE_CURVE('',#1373,#1371,#778,.T.);
#1753=EDGE_CURVE('',#1374,#1372,#779,.T.);
#1754=EDGE_CURVE('',#1373,#1374,#780,.T.);
#1755=EDGE_CURVE('',#1360,#1373,#139,.T.);
#1756=EDGE_CURVE('',#1361,#1374,#140,.T.);
#1757=EDGE_CURVE('',#1375,#1376,#781,.T.);
#1758=EDGE_CURVE('',#1376,#1377,#782,.T.);
#1759=EDGE_CURVE('',#1378,#1377,#783,.T.);
#1760=EDGE_CURVE('',#1375,#1378,#784,.T.);
#1761=EDGE_CURVE('',#1379,#1375,#785,.T.);
#1762=EDGE_CURVE('',#1380,#1378,#786,.T.);
#1763=EDGE_CURVE('',#1379,#1380,#787,.T.);
#1764=EDGE_CURVE('',#1381,#1379,#788,.T.);
#1765=EDGE_CURVE('',#1382,#1380,#789,.T.);
#1766=EDGE_CURVE('',#1381,#1382,#790,.T.);
#1767=EDGE_CURVE('',#1383,#1381,#791,.T.);
#1768=EDGE_CURVE('',#1384,#1382,#792,.T.);
#1769=EDGE_CURVE('',#1383,#1384,#793,.T.);
#1770=EDGE_CURVE('',#1385,#1383,#794,.T.);
#1771=EDGE_CURVE('',#1386,#1384,#795,.T.);
#1772=EDGE_CURVE('',#1385,#1386,#796,.T.);
#1773=EDGE_CURVE('',#1376,#1385,#797,.T.);
#1774=EDGE_CURVE('',#1377,#1386,#798,.T.);
#1775=EDGE_CURVE('',#1387,#1388,#799,.T.);
#1776=EDGE_CURVE('',#1388,#1389,#800,.T.);
#1777=EDGE_CURVE('',#1390,#1389,#801,.T.);
#1778=EDGE_CURVE('',#1387,#1390,#802,.T.);
#1779=EDGE_CURVE('',#1391,#1387,#141,.T.);
#1780=EDGE_CURVE('',#1392,#1390,#142,.T.);
#1781=EDGE_CURVE('',#1391,#1392,#803,.T.);
#1782=EDGE_CURVE('',#1393,#1391,#804,.T.);
#1783=EDGE_CURVE('',#1394,#1392,#805,.T.);
#1784=EDGE_CURVE('',#1393,#1394,#806,.T.);
#1785=EDGE_CURVE('',#1395,#1393,#143,.T.);
#1786=EDGE_CURVE('',#1396,#1394,#144,.T.);
#1787=EDGE_CURVE('',#1395,#1396,#807,.T.);
#1788=EDGE_CURVE('',#1397,#1395,#808,.T.);
#1789=EDGE_CURVE('',#1398,#1396,#809,.T.);
#1790=EDGE_CURVE('',#1397,#1398,#810,.T.);
#1791=EDGE_CURVE('',#1399,#1397,#145,.T.);
#1792=EDGE_CURVE('',#1400,#1398,#146,.T.);
#1793=EDGE_CURVE('',#1399,#1400,#811,.T.);
#1794=EDGE_CURVE('',#1401,#1399,#812,.T.);
#1795=EDGE_CURVE('',#1402,#1400,#813,.T.);
#1796=EDGE_CURVE('',#1401,#1402,#814,.T.);
#1797=EDGE_CURVE('',#1388,#1401,#147,.T.);
#1798=EDGE_CURVE('',#1389,#1402,#148,.T.);
#1799=EDGE_CURVE('',#1403,#1404,#815,.T.);
#1800=EDGE_CURVE('',#1404,#1405,#816,.T.);
#1801=EDGE_CURVE('',#1406,#1405,#817,.T.);
#1802=EDGE_CURVE('',#1403,#1406,#818,.T.);
#1803=EDGE_CURVE('',#1407,#1403,#149,.T.);
#1804=EDGE_CURVE('',#1408,#1406,#150,.T.);
#1805=EDGE_CURVE('',#1407,#1408,#819,.T.);
#1806=EDGE_CURVE('',#1409,#1407,#820,.T.);
#1807=EDGE_CURVE('',#1410,#1408,#821,.T.);
#1808=EDGE_CURVE('',#1409,#1410,#822,.T.);
#1809=EDGE_CURVE('',#1411,#1409,#151,.T.);
#1810=EDGE_CURVE('',#1412,#1410,#152,.T.);
#1811=EDGE_CURVE('',#1411,#1412,#823,.T.);
#1812=EDGE_CURVE('',#1413,#1411,#824,.T.);
#1813=EDGE_CURVE('',#1414,#1412,#825,.T.);
#1814=EDGE_CURVE('',#1413,#1414,#826,.T.);
#1815=EDGE_CURVE('',#1415,#1413,#153,.T.);
#1816=EDGE_CURVE('',#1416,#1414,#154,.T.);
#1817=EDGE_CURVE('',#1415,#1416,#827,.T.);
#1818=EDGE_CURVE('',#1417,#1415,#828,.T.);
#1819=EDGE_CURVE('',#1418,#1416,#829,.T.);
#1820=EDGE_CURVE('',#1417,#1418,#830,.T.);
#1821=EDGE_CURVE('',#1404,#1417,#155,.T.);
#1822=EDGE_CURVE('',#1405,#1418,#156,.T.);
#1823=EDGE_CURVE('',#1419,#1420,#831,.T.);
#1824=EDGE_CURVE('',#1420,#1421,#832,.T.);
#1825=EDGE_CURVE('',#1422,#1421,#833,.T.);
#1826=EDGE_CURVE('',#1419,#1422,#834,.T.);
#1827=EDGE_CURVE('',#1423,#1419,#157,.T.);
#1828=EDGE_CURVE('',#1424,#1422,#158,.T.);
#1829=EDGE_CURVE('',#1423,#1424,#835,.T.);
#1830=EDGE_CURVE('',#1425,#1423,#836,.T.);
#1831=EDGE_CURVE('',#1426,#1424,#837,.T.);
#1832=EDGE_CURVE('',#1425,#1426,#838,.T.);
#1833=EDGE_CURVE('',#1427,#1425,#159,.T.);
#1834=EDGE_CURVE('',#1428,#1426,#160,.T.);
#1835=EDGE_CURVE('',#1427,#1428,#839,.T.);
#1836=EDGE_CURVE('',#1429,#1427,#840,.T.);
#1837=EDGE_CURVE('',#1430,#1428,#841,.T.);
#1838=EDGE_CURVE('',#1429,#1430,#842,.T.);
#1839=EDGE_CURVE('',#1431,#1429,#161,.T.);
#1840=EDGE_CURVE('',#1432,#1430,#162,.T.);
#1841=EDGE_CURVE('',#1431,#1432,#843,.T.);
#1842=EDGE_CURVE('',#1433,#1431,#844,.T.);
#1843=EDGE_CURVE('',#1434,#1432,#845,.T.);
#1844=EDGE_CURVE('',#1433,#1434,#846,.T.);
#1845=EDGE_CURVE('',#1420,#1433,#163,.T.);
#1846=EDGE_CURVE('',#1421,#1434,#164,.T.);
#1847=EDGE_CURVE('',#1435,#1435,#165,.T.);
#1848=EDGE_CURVE('',#1435,#1436,#847,.T.);
#1849=EDGE_CURVE('',#1436,#1436,#166,.T.);
#1850=EDGE_CURVE('',#1437,#1437,#167,.T.);
#1851=EDGE_CURVE('',#1437,#1438,#848,.T.);
#1852=EDGE_CURVE('',#1438,#1438,#168,.T.);
#1853=EDGE_CURVE('',#1439,#1440,#849,.T.);
#1854=EDGE_CURVE('',#1440,#1441,#850,.T.);
#1855=EDGE_CURVE('',#1442,#1441,#851,.T.);
#1856=EDGE_CURVE('',#1439,#1442,#852,.T.);
#1857=EDGE_CURVE('',#1443,#1439,#169,.T.);
#1858=EDGE_CURVE('',#1444,#1442,#170,.T.);
#1859=EDGE_CURVE('',#1443,#1444,#853,.T.);
#1860=EDGE_CURVE('',#1445,#1443,#854,.T.);
#1861=EDGE_CURVE('',#1446,#1444,#855,.T.);
#1862=EDGE_CURVE('',#1445,#1446,#856,.T.);
#1863=EDGE_CURVE('',#1447,#1445,#171,.T.);
#1864=EDGE_CURVE('',#1448,#1446,#172,.T.);
#1865=EDGE_CURVE('',#1447,#1448,#857,.T.);
#1866=EDGE_CURVE('',#1449,#1447,#858,.T.);
#1867=EDGE_CURVE('',#1450,#1448,#859,.T.);
#1868=EDGE_CURVE('',#1449,#1450,#860,.T.);
#1869=EDGE_CURVE('',#1451,#1449,#173,.T.);
#1870=EDGE_CURVE('',#1452,#1450,#174,.T.);
#1871=EDGE_CURVE('',#1451,#1452,#861,.T.);
#1872=EDGE_CURVE('',#1453,#1451,#862,.T.);
#1873=EDGE_CURVE('',#1454,#1452,#863,.T.);
#1874=EDGE_CURVE('',#1453,#1454,#864,.T.);
#1875=EDGE_CURVE('',#1440,#1453,#175,.T.);
#1876=EDGE_CURVE('',#1441,#1454,#176,.T.);
#1877=EDGE_CURVE('',#1455,#1456,#865,.T.);
#1878=EDGE_CURVE('',#1456,#1457,#866,.T.);
#1879=EDGE_CURVE('',#1458,#1457,#867,.T.);
#1880=EDGE_CURVE('',#1455,#1458,#868,.T.);
#1881=EDGE_CURVE('',#1459,#1455,#177,.T.);
#1882=EDGE_CURVE('',#1460,#1458,#178,.T.);
#1883=EDGE_CURVE('',#1459,#1460,#869,.T.);
#1884=EDGE_CURVE('',#1461,#1459,#870,.T.);
#1885=EDGE_CURVE('',#1462,#1460,#871,.T.);
#1886=EDGE_CURVE('',#1461,#1462,#872,.T.);
#1887=EDGE_CURVE('',#1463,#1461,#179,.T.);
#1888=EDGE_CURVE('',#1464,#1462,#180,.T.);
#1889=EDGE_CURVE('',#1463,#1464,#873,.T.);
#1890=EDGE_CURVE('',#1465,#1463,#874,.T.);
#1891=EDGE_CURVE('',#1466,#1464,#875,.T.);
#1892=EDGE_CURVE('',#1465,#1466,#876,.T.);
#1893=EDGE_CURVE('',#1467,#1465,#181,.T.);
#1894=EDGE_CURVE('',#1468,#1466,#182,.T.);
#1895=EDGE_CURVE('',#1467,#1468,#877,.T.);
#1896=EDGE_CURVE('',#1469,#1467,#878,.T.);
#1897=EDGE_CURVE('',#1470,#1468,#879,.T.);
#1898=EDGE_CURVE('',#1469,#1470,#880,.T.);
#1899=EDGE_CURVE('',#1456,#1469,#183,.T.);
#1900=EDGE_CURVE('',#1457,#1470,#184,.T.);
#1901=EDGE_CURVE('',#1471,#1472,#881,.T.);
#1902=EDGE_CURVE('',#1472,#1473,#882,.T.);
#1903=EDGE_CURVE('',#1474,#1473,#883,.T.);
#1904=EDGE_CURVE('',#1471,#1474,#884,.T.);
#1905=EDGE_CURVE('',#1471,#1475,#185,.T.);
#1906=EDGE_CURVE('',#1476,#1474,#186,.T.);
#1907=EDGE_CURVE('',#1475,#1476,#885,.T.);
#1908=EDGE_CURVE('',#1477,#1475,#886,.T.);
#1909=EDGE_CURVE('',#1478,#1476,#887,.T.);
#1910=EDGE_CURVE('',#1477,#1478,#888,.T.);
#1911=EDGE_CURVE('',#1477,#1479,#187,.T.);
#1912=EDGE_CURVE('',#1480,#1478,#188,.T.);
#1913=EDGE_CURVE('',#1479,#1480,#889,.T.);
#1914=EDGE_CURVE('',#1481,#1479,#189,.T.);
#1915=EDGE_CURVE('',#1482,#1480,#190,.T.);
#1916=EDGE_CURVE('',#1481,#1482,#890,.T.);
#1917=EDGE_CURVE('',#1483,#1481,#891,.T.);
#1918=EDGE_CURVE('',#1484,#1482,#892,.T.);
#1919=EDGE_CURVE('',#1483,#1484,#893,.T.);
#1920=EDGE_CURVE('',#1485,#1483,#191,.T.);
#1921=EDGE_CURVE('',#1486,#1484,#192,.T.);
#1922=EDGE_CURVE('',#1485,#1486,#894,.T.);
#1923=EDGE_CURVE('',#1487,#1485,#895,.T.);
#1924=EDGE_CURVE('',#1488,#1486,#896,.T.);
#1925=EDGE_CURVE('',#1487,#1488,#897,.T.);
#1926=EDGE_CURVE('',#1489,#1487,#193,.T.);
#1927=EDGE_CURVE('',#1490,#1488,#194,.T.);
#1928=EDGE_CURVE('',#1489,#1490,#898,.T.);
#1929=EDGE_CURVE('',#1491,#1489,#899,.T.);
#1930=EDGE_CURVE('',#1492,#1490,#900,.T.);
#1931=EDGE_CURVE('',#1491,#1492,#901,.T.);
#1932=EDGE_CURVE('',#1472,#1491,#195,.T.);
#1933=EDGE_CURVE('',#1473,#1492,#196,.T.);
#1934=ORIENTED_EDGE('',*,*,#1493,.T.);
#1935=ORIENTED_EDGE('',*,*,#1494,.T.);
#1936=ORIENTED_EDGE('',*,*,#1495,.F.);
#1937=ORIENTED_EDGE('',*,*,#1496,.F.);
#1938=ORIENTED_EDGE('',*,*,#1497,.T.);
#1939=ORIENTED_EDGE('',*,*,#1496,.T.);
#1940=ORIENTED_EDGE('',*,*,#1498,.F.);
#1941=ORIENTED_EDGE('',*,*,#1499,.F.);
#1942=ORIENTED_EDGE('',*,*,#1500,.T.);
#1943=ORIENTED_EDGE('',*,*,#1499,.T.);
#1944=ORIENTED_EDGE('',*,*,#1501,.F.);
#1945=ORIENTED_EDGE('',*,*,#1502,.F.);
#1946=ORIENTED_EDGE('',*,*,#1503,.T.);
#1947=ORIENTED_EDGE('',*,*,#1502,.T.);
#1948=ORIENTED_EDGE('',*,*,#1504,.F.);
#1949=ORIENTED_EDGE('',*,*,#1505,.F.);
#1950=ORIENTED_EDGE('',*,*,#1506,.T.);
#1951=ORIENTED_EDGE('',*,*,#1505,.T.);
#1952=ORIENTED_EDGE('',*,*,#1507,.F.);
#1953=ORIENTED_EDGE('',*,*,#1508,.F.);
#1954=ORIENTED_EDGE('',*,*,#1509,.T.);
#1955=ORIENTED_EDGE('',*,*,#1508,.T.);
#1956=ORIENTED_EDGE('',*,*,#1510,.F.);
#1957=ORIENTED_EDGE('',*,*,#1511,.F.);
#1958=ORIENTED_EDGE('',*,*,#1512,.T.);
#1959=ORIENTED_EDGE('',*,*,#1511,.T.);
#1960=ORIENTED_EDGE('',*,*,#1513,.F.);
#1961=ORIENTED_EDGE('',*,*,#1514,.F.);
#1962=ORIENTED_EDGE('',*,*,#1515,.T.);
#1963=ORIENTED_EDGE('',*,*,#1514,.T.);
#1964=ORIENTED_EDGE('',*,*,#1516,.F.);
#1965=ORIENTED_EDGE('',*,*,#1494,.F.);
#1966=ORIENTED_EDGE('',*,*,#1517,.T.);
#1967=ORIENTED_EDGE('',*,*,#1518,.T.);
#1968=ORIENTED_EDGE('',*,*,#1519,.F.);
#1969=ORIENTED_EDGE('',*,*,#1520,.F.);
#1970=ORIENTED_EDGE('',*,*,#1521,.T.);
#1971=ORIENTED_EDGE('',*,*,#1520,.T.);
#1972=ORIENTED_EDGE('',*,*,#1522,.F.);
#1973=ORIENTED_EDGE('',*,*,#1523,.F.);
#1974=ORIENTED_EDGE('',*,*,#1524,.T.);
#1975=ORIENTED_EDGE('',*,*,#1523,.T.);
#1976=ORIENTED_EDGE('',*,*,#1525,.F.);
#1977=ORIENTED_EDGE('',*,*,#1526,.F.);
#1978=ORIENTED_EDGE('',*,*,#1527,.T.);
#1979=ORIENTED_EDGE('',*,*,#1526,.T.);
#1980=ORIENTED_EDGE('',*,*,#1528,.F.);
#1981=ORIENTED_EDGE('',*,*,#1529,.F.);
#1982=ORIENTED_EDGE('',*,*,#1530,.T.);
#1983=ORIENTED_EDGE('',*,*,#1529,.T.);
#1984=ORIENTED_EDGE('',*,*,#1531,.F.);
#1985=ORIENTED_EDGE('',*,*,#1532,.F.);
#1986=ORIENTED_EDGE('',*,*,#1533,.T.);
#1987=ORIENTED_EDGE('',*,*,#1532,.T.);
#1988=ORIENTED_EDGE('',*,*,#1534,.F.);
#1989=ORIENTED_EDGE('',*,*,#1535,.F.);
#1990=ORIENTED_EDGE('',*,*,#1536,.T.);
#1991=ORIENTED_EDGE('',*,*,#1535,.T.);
#1992=ORIENTED_EDGE('',*,*,#1537,.F.);
#1993=ORIENTED_EDGE('',*,*,#1538,.F.);
#1994=ORIENTED_EDGE('',*,*,#1539,.T.);
#1995=ORIENTED_EDGE('',*,*,#1538,.T.);
#1996=ORIENTED_EDGE('',*,*,#1540,.F.);
#1997=ORIENTED_EDGE('',*,*,#1518,.F.);
#1998=ORIENTED_EDGE('',*,*,#1541,.T.);
#1999=ORIENTED_EDGE('',*,*,#1542,.T.);
#2000=ORIENTED_EDGE('',*,*,#1543,.F.);
#2001=ORIENTED_EDGE('',*,*,#1544,.F.);
#2002=ORIENTED_EDGE('',*,*,#1545,.T.);
#2003=ORIENTED_EDGE('',*,*,#1544,.T.);
#2004=ORIENTED_EDGE('',*,*,#1546,.F.);
#2005=ORIENTED_EDGE('',*,*,#1547,.F.);
#2006=ORIENTED_EDGE('',*,*,#1548,.T.);
#2007=ORIENTED_EDGE('',*,*,#1547,.T.);
#2008=ORIENTED_EDGE('',*,*,#1549,.F.);
#2009=ORIENTED_EDGE('',*,*,#1550,.F.);
#2010=ORIENTED_EDGE('',*,*,#1551,.T.);
#2011=ORIENTED_EDGE('',*,*,#1550,.T.);
#2012=ORIENTED_EDGE('',*,*,#1552,.F.);
#2013=ORIENTED_EDGE('',*,*,#1553,.F.);
#2014=ORIENTED_EDGE('',*,*,#1554,.T.);
#2015=ORIENTED_EDGE('',*,*,#1553,.T.);
#2016=ORIENTED_EDGE('',*,*,#1555,.F.);
#2017=ORIENTED_EDGE('',*,*,#1556,.F.);
#2018=ORIENTED_EDGE('',*,*,#1557,.T.);
#2019=ORIENTED_EDGE('',*,*,#1556,.T.);
#2020=ORIENTED_EDGE('',*,*,#1558,.F.);
#2021=ORIENTED_EDGE('',*,*,#1559,.F.);
#2022=ORIENTED_EDGE('',*,*,#1560,.T.);
#2023=ORIENTED_EDGE('',*,*,#1559,.T.);
#2024=ORIENTED_EDGE('',*,*,#1561,.F.);
#2025=ORIENTED_EDGE('',*,*,#1562,.F.);
#2026=ORIENTED_EDGE('',*,*,#1563,.T.);
#2027=ORIENTED_EDGE('',*,*,#1562,.T.);
#2028=ORIENTED_EDGE('',*,*,#1564,.F.);
#2029=ORIENTED_EDGE('',*,*,#1542,.F.);
#2030=ORIENTED_EDGE('',*,*,#1565,.T.);
#2031=ORIENTED_EDGE('',*,*,#1566,.T.);
#2032=ORIENTED_EDGE('',*,*,#1567,.F.);
#2033=ORIENTED_EDGE('',*,*,#1568,.F.);
#2034=ORIENTED_EDGE('',*,*,#1569,.T.);
#2035=ORIENTED_EDGE('',*,*,#1568,.T.);
#2036=ORIENTED_EDGE('',*,*,#1570,.F.);
#2037=ORIENTED_EDGE('',*,*,#1571,.F.);
#2038=ORIENTED_EDGE('',*,*,#1572,.T.);
#2039=ORIENTED_EDGE('',*,*,#1571,.T.);
#2040=ORIENTED_EDGE('',*,*,#1573,.F.);
#2041=ORIENTED_EDGE('',*,*,#1574,.F.);
#2042=ORIENTED_EDGE('',*,*,#1575,.T.);
#2043=ORIENTED_EDGE('',*,*,#1574,.T.);
#2044=ORIENTED_EDGE('',*,*,#1576,.F.);
#2045=ORIENTED_EDGE('',*,*,#1577,.F.);
#2046=ORIENTED_EDGE('',*,*,#1578,.T.);
#2047=ORIENTED_EDGE('',*,*,#1577,.T.);
#2048=ORIENTED_EDGE('',*,*,#1579,.F.);
#2049=ORIENTED_EDGE('',*,*,#1580,.F.);
#2050=ORIENTED_EDGE('',*,*,#1581,.T.);
#2051=ORIENTED_EDGE('',*,*,#1580,.T.);
#2052=ORIENTED_EDGE('',*,*,#1582,.F.);
#2053=ORIENTED_EDGE('',*,*,#1583,.F.);
#2054=ORIENTED_EDGE('',*,*,#1584,.T.);
#2055=ORIENTED_EDGE('',*,*,#1583,.T.);
#2056=ORIENTED_EDGE('',*,*,#1585,.F.);
#2057=ORIENTED_EDGE('',*,*,#1586,.F.);
#2058=ORIENTED_EDGE('',*,*,#1587,.T.);
#2059=ORIENTED_EDGE('',*,*,#1586,.T.);
#2060=ORIENTED_EDGE('',*,*,#1588,.F.);
#2061=ORIENTED_EDGE('',*,*,#1566,.F.);
#2062=ORIENTED_EDGE('',*,*,#1589,.T.);
#2063=ORIENTED_EDGE('',*,*,#1590,.T.);
#2064=ORIENTED_EDGE('',*,*,#1591,.F.);
#2065=ORIENTED_EDGE('',*,*,#1592,.F.);
#2066=ORIENTED_EDGE('',*,*,#1593,.T.);
#2067=ORIENTED_EDGE('',*,*,#1592,.T.);
#2068=ORIENTED_EDGE('',*,*,#1594,.F.);
#2069=ORIENTED_EDGE('',*,*,#1595,.F.);
#2070=ORIENTED_EDGE('',*,*,#1596,.T.);
#2071=ORIENTED_EDGE('',*,*,#1595,.T.);
#2072=ORIENTED_EDGE('',*,*,#1597,.F.);
#2073=ORIENTED_EDGE('',*,*,#1598,.F.);
#2074=ORIENTED_EDGE('',*,*,#1599,.T.);
#2075=ORIENTED_EDGE('',*,*,#1598,.T.);
#2076=ORIENTED_EDGE('',*,*,#1600,.F.);
#2077=ORIENTED_EDGE('',*,*,#1601,.F.);
#2078=ORIENTED_EDGE('',*,*,#1602,.T.);
#2079=ORIENTED_EDGE('',*,*,#1601,.T.);
#2080=ORIENTED_EDGE('',*,*,#1603,.F.);
#2081=ORIENTED_EDGE('',*,*,#1604,.F.);
#2082=ORIENTED_EDGE('',*,*,#1605,.T.);
#2083=ORIENTED_EDGE('',*,*,#1604,.T.);
#2084=ORIENTED_EDGE('',*,*,#1606,.F.);
#2085=ORIENTED_EDGE('',*,*,#1607,.F.);
#2086=ORIENTED_EDGE('',*,*,#1608,.T.);
#2087=ORIENTED_EDGE('',*,*,#1607,.T.);
#2088=ORIENTED_EDGE('',*,*,#1609,.F.);
#2089=ORIENTED_EDGE('',*,*,#1610,.F.);
#2090=ORIENTED_EDGE('',*,*,#1611,.T.);
#2091=ORIENTED_EDGE('',*,*,#1610,.T.);
#2092=ORIENTED_EDGE('',*,*,#1612,.F.);
#2093=ORIENTED_EDGE('',*,*,#1590,.F.);
#2094=ORIENTED_EDGE('',*,*,#1613,.T.);
#2095=ORIENTED_EDGE('',*,*,#1614,.T.);
#2096=ORIENTED_EDGE('',*,*,#1615,.F.);
#2097=ORIENTED_EDGE('',*,*,#1616,.F.);
#2098=ORIENTED_EDGE('',*,*,#1617,.T.);
#2099=ORIENTED_EDGE('',*,*,#1616,.T.);
#2100=ORIENTED_EDGE('',*,*,#1618,.F.);
#2101=ORIENTED_EDGE('',*,*,#1619,.F.);
#2102=ORIENTED_EDGE('',*,*,#1620,.T.);
#2103=ORIENTED_EDGE('',*,*,#1619,.T.);
#2104=ORIENTED_EDGE('',*,*,#1621,.F.);
#2105=ORIENTED_EDGE('',*,*,#1622,.F.);
#2106=ORIENTED_EDGE('',*,*,#1623,.T.);
#2107=ORIENTED_EDGE('',*,*,#1622,.T.);
#2108=ORIENTED_EDGE('',*,*,#1624,.F.);
#2109=ORIENTED_EDGE('',*,*,#1625,.F.);
#2110=ORIENTED_EDGE('',*,*,#1626,.T.);
#2111=ORIENTED_EDGE('',*,*,#1625,.T.);
#2112=ORIENTED_EDGE('',*,*,#1627,.F.);
#2113=ORIENTED_EDGE('',*,*,#1628,.F.);
#2114=ORIENTED_EDGE('',*,*,#1629,.T.);
#2115=ORIENTED_EDGE('',*,*,#1628,.T.);
#2116=ORIENTED_EDGE('',*,*,#1630,.F.);
#2117=ORIENTED_EDGE('',*,*,#1631,.F.);
#2118=ORIENTED_EDGE('',*,*,#1632,.T.);
#2119=ORIENTED_EDGE('',*,*,#1631,.T.);
#2120=ORIENTED_EDGE('',*,*,#1633,.F.);
#2121=ORIENTED_EDGE('',*,*,#1634,.F.);
#2122=ORIENTED_EDGE('',*,*,#1635,.T.);
#2123=ORIENTED_EDGE('',*,*,#1634,.T.);
#2124=ORIENTED_EDGE('',*,*,#1636,.F.);
#2125=ORIENTED_EDGE('',*,*,#1614,.F.);
#2126=ORIENTED_EDGE('',*,*,#1637,.T.);
#2127=ORIENTED_EDGE('',*,*,#1638,.T.);
#2128=ORIENTED_EDGE('',*,*,#1639,.F.);
#2129=ORIENTED_EDGE('',*,*,#1640,.F.);
#2130=ORIENTED_EDGE('',*,*,#1641,.T.);
#2131=ORIENTED_EDGE('',*,*,#1640,.T.);
#2132=ORIENTED_EDGE('',*,*,#1642,.F.);
#2133=ORIENTED_EDGE('',*,*,#1643,.F.);
#2134=ORIENTED_EDGE('',*,*,#1644,.T.);
#2135=ORIENTED_EDGE('',*,*,#1643,.T.);
#2136=ORIENTED_EDGE('',*,*,#1645,.F.);
#2137=ORIENTED_EDGE('',*,*,#1646,.F.);
#2138=ORIENTED_EDGE('',*,*,#1647,.T.);
#2139=ORIENTED_EDGE('',*,*,#1646,.T.);
#2140=ORIENTED_EDGE('',*,*,#1648,.F.);
#2141=ORIENTED_EDGE('',*,*,#1649,.F.);
#2142=ORIENTED_EDGE('',*,*,#1650,.T.);
#2143=ORIENTED_EDGE('',*,*,#1649,.T.);
#2144=ORIENTED_EDGE('',*,*,#1651,.F.);
#2145=ORIENTED_EDGE('',*,*,#1652,.F.);
#2146=ORIENTED_EDGE('',*,*,#1653,.T.);
#2147=ORIENTED_EDGE('',*,*,#1652,.T.);
#2148=ORIENTED_EDGE('',*,*,#1654,.F.);
#2149=ORIENTED_EDGE('',*,*,#1655,.F.);
#2150=ORIENTED_EDGE('',*,*,#1656,.T.);
#2151=ORIENTED_EDGE('',*,*,#1655,.T.);
#2152=ORIENTED_EDGE('',*,*,#1657,.F.);
#2153=ORIENTED_EDGE('',*,*,#1658,.F.);
#2154=ORIENTED_EDGE('',*,*,#1659,.T.);
#2155=ORIENTED_EDGE('',*,*,#1658,.T.);
#2156=ORIENTED_EDGE('',*,*,#1660,.F.);
#2157=ORIENTED_EDGE('',*,*,#1638,.F.);
#2158=ORIENTED_EDGE('',*,*,#1661,.T.);
#2159=ORIENTED_EDGE('',*,*,#1662,.T.);
#2160=ORIENTED_EDGE('',*,*,#1663,.F.);
#2161=ORIENTED_EDGE('',*,*,#1664,.F.);
#2162=ORIENTED_EDGE('',*,*,#1665,.T.);
#2163=ORIENTED_EDGE('',*,*,#1664,.T.);
#2164=ORIENTED_EDGE('',*,*,#1666,.F.);
#2165=ORIENTED_EDGE('',*,*,#1667,.F.);
#2166=ORIENTED_EDGE('',*,*,#1668,.T.);
#2167=ORIENTED_EDGE('',*,*,#1667,.T.);
#2168=ORIENTED_EDGE('',*,*,#1669,.F.);
#2169=ORIENTED_EDGE('',*,*,#1670,.F.);
#2170=ORIENTED_EDGE('',*,*,#1671,.T.);
#2171=ORIENTED_EDGE('',*,*,#1670,.T.);
#2172=ORIENTED_EDGE('',*,*,#1672,.F.);
#2173=ORIENTED_EDGE('',*,*,#1673,.F.);
#2174=ORIENTED_EDGE('',*,*,#1674,.T.);
#2175=ORIENTED_EDGE('',*,*,#1673,.T.);
#2176=ORIENTED_EDGE('',*,*,#1675,.F.);
#2177=ORIENTED_EDGE('',*,*,#1676,.F.);
#2178=ORIENTED_EDGE('',*,*,#1677,.T.);
#2179=ORIENTED_EDGE('',*,*,#1676,.T.);
#2180=ORIENTED_EDGE('',*,*,#1678,.F.);
#2181=ORIENTED_EDGE('',*,*,#1679,.F.);
#2182=ORIENTED_EDGE('',*,*,#1680,.T.);
#2183=ORIENTED_EDGE('',*,*,#1679,.T.);
#2184=ORIENTED_EDGE('',*,*,#1681,.F.);
#2185=ORIENTED_EDGE('',*,*,#1682,.F.);
#2186=ORIENTED_EDGE('',*,*,#1683,.T.);
#2187=ORIENTED_EDGE('',*,*,#1682,.T.);
#2188=ORIENTED_EDGE('',*,*,#1684,.F.);
#2189=ORIENTED_EDGE('',*,*,#1662,.F.);
#2190=ORIENTED_EDGE('',*,*,#1685,.T.);
#2191=ORIENTED_EDGE('',*,*,#1686,.T.);
#2192=ORIENTED_EDGE('',*,*,#1687,.F.);
#2193=ORIENTED_EDGE('',*,*,#1688,.F.);
#2194=ORIENTED_EDGE('',*,*,#1689,.T.);
#2195=ORIENTED_EDGE('',*,*,#1688,.T.);
#2196=ORIENTED_EDGE('',*,*,#1690,.F.);
#2197=ORIENTED_EDGE('',*,*,#1691,.F.);
#2198=ORIENTED_EDGE('',*,*,#1692,.T.);
#2199=ORIENTED_EDGE('',*,*,#1691,.T.);
#2200=ORIENTED_EDGE('',*,*,#1693,.F.);
#2201=ORIENTED_EDGE('',*,*,#1694,.F.);
#2202=ORIENTED_EDGE('',*,*,#1695,.T.);
#2203=ORIENTED_EDGE('',*,*,#1694,.T.);
#2204=ORIENTED_EDGE('',*,*,#1696,.F.);
#2205=ORIENTED_EDGE('',*,*,#1697,.F.);
#2206=ORIENTED_EDGE('',*,*,#1698,.T.);
#2207=ORIENTED_EDGE('',*,*,#1697,.T.);
#2208=ORIENTED_EDGE('',*,*,#1699,.F.);
#2209=ORIENTED_EDGE('',*,*,#1700,.F.);
#2210=ORIENTED_EDGE('',*,*,#1701,.T.);
#2211=ORIENTED_EDGE('',*,*,#1700,.T.);
#2212=ORIENTED_EDGE('',*,*,#1702,.F.);
#2213=ORIENTED_EDGE('',*,*,#1703,.F.);
#2214=ORIENTED_EDGE('',*,*,#1704,.T.);
#2215=ORIENTED_EDGE('',*,*,#1703,.T.);
#2216=ORIENTED_EDGE('',*,*,#1705,.F.);
#2217=ORIENTED_EDGE('',*,*,#1706,.F.);
#2218=ORIENTED_EDGE('',*,*,#1707,.T.);
#2219=ORIENTED_EDGE('',*,*,#1706,.T.);
#2220=ORIENTED_EDGE('',*,*,#1708,.F.);
#2221=ORIENTED_EDGE('',*,*,#1686,.F.);
#2222=ORIENTED_EDGE('',*,*,#1709,.T.);
#2223=ORIENTED_EDGE('',*,*,#1710,.T.);
#2224=ORIENTED_EDGE('',*,*,#1711,.F.);
#2225=ORIENTED_EDGE('',*,*,#1712,.F.);
#2226=ORIENTED_EDGE('',*,*,#1713,.T.);
#2227=ORIENTED_EDGE('',*,*,#1712,.T.);
#2228=ORIENTED_EDGE('',*,*,#1714,.F.);
#2229=ORIENTED_EDGE('',*,*,#1715,.F.);
#2230=ORIENTED_EDGE('',*,*,#1716,.T.);
#2231=ORIENTED_EDGE('',*,*,#1715,.T.);
#2232=ORIENTED_EDGE('',*,*,#1717,.F.);
#2233=ORIENTED_EDGE('',*,*,#1718,.F.);
#2234=ORIENTED_EDGE('',*,*,#1719,.T.);
#2235=ORIENTED_EDGE('',*,*,#1718,.T.);
#2236=ORIENTED_EDGE('',*,*,#1720,.F.);
#2237=ORIENTED_EDGE('',*,*,#1721,.F.);
#2238=ORIENTED_EDGE('',*,*,#1722,.T.);
#2239=ORIENTED_EDGE('',*,*,#1721,.T.);
#2240=ORIENTED_EDGE('',*,*,#1723,.F.);
#2241=ORIENTED_EDGE('',*,*,#1724,.F.);
#2242=ORIENTED_EDGE('',*,*,#1725,.T.);
#2243=ORIENTED_EDGE('',*,*,#1724,.T.);
#2244=ORIENTED_EDGE('',*,*,#1726,.F.);
#2245=ORIENTED_EDGE('',*,*,#1727,.F.);
#2246=ORIENTED_EDGE('',*,*,#1728,.T.);
#2247=ORIENTED_EDGE('',*,*,#1727,.T.);
#2248=ORIENTED_EDGE('',*,*,#1729,.F.);
#2249=ORIENTED_EDGE('',*,*,#1730,.F.);
#2250=ORIENTED_EDGE('',*,*,#1731,.T.);
#2251=ORIENTED_EDGE('',*,*,#1730,.T.);
#2252=ORIENTED_EDGE('',*,*,#1732,.F.);
#2253=ORIENTED_EDGE('',*,*,#1710,.F.);
#2254=ORIENTED_EDGE('',*,*,#1733,.T.);
#2255=ORIENTED_EDGE('',*,*,#1734,.T.);
#2256=ORIENTED_EDGE('',*,*,#1735,.F.);
#2257=ORIENTED_EDGE('',*,*,#1736,.F.);
#2258=ORIENTED_EDGE('',*,*,#1737,.T.);
#2259=ORIENTED_EDGE('',*,*,#1736,.T.);
#2260=ORIENTED_EDGE('',*,*,#1738,.F.);
#2261=ORIENTED_EDGE('',*,*,#1739,.F.);
#2262=ORIENTED_EDGE('',*,*,#1740,.T.);
#2263=ORIENTED_EDGE('',*,*,#1739,.T.);
#2264=ORIENTED_EDGE('',*,*,#1741,.F.);
#2265=ORIENTED_EDGE('',*,*,#1742,.F.);
#2266=ORIENTED_EDGE('',*,*,#1743,.T.);
#2267=ORIENTED_EDGE('',*,*,#1742,.T.);
#2268=ORIENTED_EDGE('',*,*,#1744,.F.);
#2269=ORIENTED_EDGE('',*,*,#1745,.F.);
#2270=ORIENTED_EDGE('',*,*,#1746,.T.);
#2271=ORIENTED_EDGE('',*,*,#1745,.T.);
#2272=ORIENTED_EDGE('',*,*,#1747,.F.);
#2273=ORIENTED_EDGE('',*,*,#1748,.F.);
#2274=ORIENTED_EDGE('',*,*,#1749,.T.);
#2275=ORIENTED_EDGE('',*,*,#1748,.T.);
#2276=ORIENTED_EDGE('',*,*,#1750,.F.);
#2277=ORIENTED_EDGE('',*,*,#1751,.F.);
#2278=ORIENTED_EDGE('',*,*,#1752,.T.);
#2279=ORIENTED_EDGE('',*,*,#1751,.T.);
#2280=ORIENTED_EDGE('',*,*,#1753,.F.);
#2281=ORIENTED_EDGE('',*,*,#1754,.F.);
#2282=ORIENTED_EDGE('',*,*,#1755,.T.);
#2283=ORIENTED_EDGE('',*,*,#1754,.T.);
#2284=ORIENTED_EDGE('',*,*,#1756,.F.);
#2285=ORIENTED_EDGE('',*,*,#1734,.F.);
#2286=ORIENTED_EDGE('',*,*,#1757,.T.);
#2287=ORIENTED_EDGE('',*,*,#1758,.T.);
#2288=ORIENTED_EDGE('',*,*,#1759,.F.);
#2289=ORIENTED_EDGE('',*,*,#1760,.F.);
#2290=ORIENTED_EDGE('',*,*,#1761,.T.);
#2291=ORIENTED_EDGE('',*,*,#1760,.T.);
#2292=ORIENTED_EDGE('',*,*,#1762,.F.);
#2293=ORIENTED_EDGE('',*,*,#1763,.F.);
#2294=ORIENTED_EDGE('',*,*,#1764,.T.);
#2295=ORIENTED_EDGE('',*,*,#1763,.T.);
#2296=ORIENTED_EDGE('',*,*,#1765,.F.);
#2297=ORIENTED_EDGE('',*,*,#1766,.F.);
#2298=ORIENTED_EDGE('',*,*,#1767,.T.);
#2299=ORIENTED_EDGE('',*,*,#1766,.T.);
#2300=ORIENTED_EDGE('',*,*,#1768,.F.);
#2301=ORIENTED_EDGE('',*,*,#1769,.F.);
#2302=ORIENTED_EDGE('',*,*,#1770,.T.);
#2303=ORIENTED_EDGE('',*,*,#1769,.T.);
#2304=ORIENTED_EDGE('',*,*,#1771,.F.);
#2305=ORIENTED_EDGE('',*,*,#1772,.F.);
#2306=ORIENTED_EDGE('',*,*,#1773,.T.);
#2307=ORIENTED_EDGE('',*,*,#1772,.T.);
#2308=ORIENTED_EDGE('',*,*,#1774,.F.);
#2309=ORIENTED_EDGE('',*,*,#1758,.F.);
#2310=ORIENTED_EDGE('',*,*,#1775,.T.);
#2311=ORIENTED_EDGE('',*,*,#1776,.T.);
#2312=ORIENTED_EDGE('',*,*,#1777,.F.);
#2313=ORIENTED_EDGE('',*,*,#1778,.F.);
#2314=ORIENTED_EDGE('',*,*,#1779,.T.);
#2315=ORIENTED_EDGE('',*,*,#1778,.T.);
#2316=ORIENTED_EDGE('',*,*,#1780,.F.);
#2317=ORIENTED_EDGE('',*,*,#1781,.F.);
#2318=ORIENTED_EDGE('',*,*,#1782,.T.);
#2319=ORIENTED_EDGE('',*,*,#1781,.T.);
#2320=ORIENTED_EDGE('',*,*,#1783,.F.);
#2321=ORIENTED_EDGE('',*,*,#1784,.F.);
#2322=ORIENTED_EDGE('',*,*,#1785,.T.);
#2323=ORIENTED_EDGE('',*,*,#1784,.T.);
#2324=ORIENTED_EDGE('',*,*,#1786,.F.);
#2325=ORIENTED_EDGE('',*,*,#1787,.F.);
#2326=ORIENTED_EDGE('',*,*,#1788,.T.);
#2327=ORIENTED_EDGE('',*,*,#1787,.T.);
#2328=ORIENTED_EDGE('',*,*,#1789,.F.);
#2329=ORIENTED_EDGE('',*,*,#1790,.F.);
#2330=ORIENTED_EDGE('',*,*,#1791,.T.);
#2331=ORIENTED_EDGE('',*,*,#1790,.T.);
#2332=ORIENTED_EDGE('',*,*,#1792,.F.);
#2333=ORIENTED_EDGE('',*,*,#1793,.F.);
#2334=ORIENTED_EDGE('',*,*,#1794,.T.);
#2335=ORIENTED_EDGE('',*,*,#1793,.T.);
#2336=ORIENTED_EDGE('',*,*,#1795,.F.);
#2337=ORIENTED_EDGE('',*,*,#1796,.F.);
#2338=ORIENTED_EDGE('',*,*,#1797,.T.);
#2339=ORIENTED_EDGE('',*,*,#1796,.T.);
#2340=ORIENTED_EDGE('',*,*,#1798,.F.);
#2341=ORIENTED_EDGE('',*,*,#1776,.F.);
#2342=ORIENTED_EDGE('',*,*,#1799,.T.);
#2343=ORIENTED_EDGE('',*,*,#1800,.T.);
#2344=ORIENTED_EDGE('',*,*,#1801,.F.);
#2345=ORIENTED_EDGE('',*,*,#1802,.F.);
#2346=ORIENTED_EDGE('',*,*,#1803,.T.);
#2347=ORIENTED_EDGE('',*,*,#1802,.T.);
#2348=ORIENTED_EDGE('',*,*,#1804,.F.);
#2349=ORIENTED_EDGE('',*,*,#1805,.F.);
#2350=ORIENTED_EDGE('',*,*,#1806,.T.);
#2351=ORIENTED_EDGE('',*,*,#1805,.T.);
#2352=ORIENTED_EDGE('',*,*,#1807,.F.);
#2353=ORIENTED_EDGE('',*,*,#1808,.F.);
#2354=ORIENTED_EDGE('',*,*,#1809,.T.);
#2355=ORIENTED_EDGE('',*,*,#1808,.T.);
#2356=ORIENTED_EDGE('',*,*,#1810,.F.);
#2357=ORIENTED_EDGE('',*,*,#1811,.F.);
#2358=ORIENTED_EDGE('',*,*,#1812,.T.);
#2359=ORIENTED_EDGE('',*,*,#1811,.T.);
#2360=ORIENTED_EDGE('',*,*,#1813,.F.);
#2361=ORIENTED_EDGE('',*,*,#1814,.F.);
#2362=ORIENTED_EDGE('',*,*,#1815,.T.);
#2363=ORIENTED_EDGE('',*,*,#1814,.T.);
#2364=ORIENTED_EDGE('',*,*,#1816,.F.);
#2365=ORIENTED_EDGE('',*,*,#1817,.F.);
#2366=ORIENTED_EDGE('',*,*,#1818,.T.);
#2367=ORIENTED_EDGE('',*,*,#1817,.T.);
#2368=ORIENTED_EDGE('',*,*,#1819,.F.);
#2369=ORIENTED_EDGE('',*,*,#1820,.F.);
#2370=ORIENTED_EDGE('',*,*,#1821,.T.);
#2371=ORIENTED_EDGE('',*,*,#1820,.T.);
#2372=ORIENTED_EDGE('',*,*,#1822,.F.);
#2373=ORIENTED_EDGE('',*,*,#1800,.F.);
#2374=ORIENTED_EDGE('',*,*,#1823,.T.);
#2375=ORIENTED_EDGE('',*,*,#1824,.T.);
#2376=ORIENTED_EDGE('',*,*,#1825,.F.);
#2377=ORIENTED_EDGE('',*,*,#1826,.F.);
#2378=ORIENTED_EDGE('',*,*,#1827,.T.);
#2379=ORIENTED_EDGE('',*,*,#1826,.T.);
#2380=ORIENTED_EDGE('',*,*,#1828,.F.);
#2381=ORIENTED_EDGE('',*,*,#1829,.F.);
#2382=ORIENTED_EDGE('',*,*,#1830,.T.);
#2383=ORIENTED_EDGE('',*,*,#1829,.T.);
#2384=ORIENTED_EDGE('',*,*,#1831,.F.);
#2385=ORIENTED_EDGE('',*,*,#1832,.F.);
#2386=ORIENTED_EDGE('',*,*,#1833,.T.);
#2387=ORIENTED_EDGE('',*,*,#1832,.T.);
#2388=ORIENTED_EDGE('',*,*,#1834,.F.);
#2389=ORIENTED_EDGE('',*,*,#1835,.F.);
#2390=ORIENTED_EDGE('',*,*,#1836,.T.);
#2391=ORIENTED_EDGE('',*,*,#1835,.T.);
#2392=ORIENTED_EDGE('',*,*,#1837,.F.);
#2393=ORIENTED_EDGE('',*,*,#1838,.F.);
#2394=ORIENTED_EDGE('',*,*,#1839,.T.);
#2395=ORIENTED_EDGE('',*,*,#1838,.T.);
#2396=ORIENTED_EDGE('',*,*,#1840,.F.);
#2397=ORIENTED_EDGE('',*,*,#1841,.F.);
#2398=ORIENTED_EDGE('',*,*,#1842,.T.);
#2399=ORIENTED_EDGE('',*,*,#1841,.T.);
#2400=ORIENTED_EDGE('',*,*,#1843,.F.);
#2401=ORIENTED_EDGE('',*,*,#1844,.F.);
#2402=ORIENTED_EDGE('',*,*,#1845,.T.);
#2403=ORIENTED_EDGE('',*,*,#1844,.T.);
#2404=ORIENTED_EDGE('',*,*,#1846,.F.);
#2405=ORIENTED_EDGE('',*,*,#1824,.F.);
#2406=ORIENTED_EDGE('',*,*,#1847,.F.);
#2407=ORIENTED_EDGE('',*,*,#1848,.T.);
#2408=ORIENTED_EDGE('',*,*,#1849,.T.);
#2409=ORIENTED_EDGE('',*,*,#1848,.F.);
#2410=ORIENTED_EDGE('',*,*,#1850,.F.);
#2411=ORIENTED_EDGE('',*,*,#1851,.T.);
#2412=ORIENTED_EDGE('',*,*,#1852,.T.);
#2413=ORIENTED_EDGE('',*,*,#1851,.F.);
#2414=ORIENTED_EDGE('',*,*,#1853,.T.);
#2415=ORIENTED_EDGE('',*,*,#1854,.T.);
#2416=ORIENTED_EDGE('',*,*,#1855,.F.);
#2417=ORIENTED_EDGE('',*,*,#1856,.F.);
#2418=ORIENTED_EDGE('',*,*,#1857,.T.);
#2419=ORIENTED_EDGE('',*,*,#1856,.T.);
#2420=ORIENTED_EDGE('',*,*,#1858,.F.);
#2421=ORIENTED_EDGE('',*,*,#1859,.F.);
#2422=ORIENTED_EDGE('',*,*,#1860,.T.);
#2423=ORIENTED_EDGE('',*,*,#1859,.T.);
#2424=ORIENTED_EDGE('',*,*,#1861,.F.);
#2425=ORIENTED_EDGE('',*,*,#1862,.F.);
#2426=ORIENTED_EDGE('',*,*,#1863,.T.);
#2427=ORIENTED_EDGE('',*,*,#1862,.T.);
#2428=ORIENTED_EDGE('',*,*,#1864,.F.);
#2429=ORIENTED_EDGE('',*,*,#1865,.F.);
#2430=ORIENTED_EDGE('',*,*,#1866,.T.);
#2431=ORIENTED_EDGE('',*,*,#1865,.T.);
#2432=ORIENTED_EDGE('',*,*,#1867,.F.);
#2433=ORIENTED_EDGE('',*,*,#1868,.F.);
#2434=ORIENTED_EDGE('',*,*,#1869,.T.);
#2435=ORIENTED_EDGE('',*,*,#1868,.T.);
#2436=ORIENTED_EDGE('',*,*,#1870,.F.);
#2437=ORIENTED_EDGE('',*,*,#1871,.F.);
#2438=ORIENTED_EDGE('',*,*,#1872,.T.);
#2439=ORIENTED_EDGE('',*,*,#1871,.T.);
#2440=ORIENTED_EDGE('',*,*,#1873,.F.);
#2441=ORIENTED_EDGE('',*,*,#1874,.F.);
#2442=ORIENTED_EDGE('',*,*,#1875,.T.);
#2443=ORIENTED_EDGE('',*,*,#1874,.T.);
#2444=ORIENTED_EDGE('',*,*,#1876,.F.);
#2445=ORIENTED_EDGE('',*,*,#1854,.F.);
#2446=ORIENTED_EDGE('',*,*,#1877,.T.);
#2447=ORIENTED_EDGE('',*,*,#1878,.T.);
#2448=ORIENTED_EDGE('',*,*,#1879,.F.);
#2449=ORIENTED_EDGE('',*,*,#1880,.F.);
#2450=ORIENTED_EDGE('',*,*,#1881,.T.);
#2451=ORIENTED_EDGE('',*,*,#1880,.T.);
#2452=ORIENTED_EDGE('',*,*,#1882,.F.);
#2453=ORIENTED_EDGE('',*,*,#1883,.F.);
#2454=ORIENTED_EDGE('',*,*,#1884,.T.);
#2455=ORIENTED_EDGE('',*,*,#1883,.T.);
#2456=ORIENTED_EDGE('',*,*,#1885,.F.);
#2457=ORIENTED_EDGE('',*,*,#1886,.F.);
#2458=ORIENTED_EDGE('',*,*,#1887,.T.);
#2459=ORIENTED_EDGE('',*,*,#1886,.T.);
#2460=ORIENTED_EDGE('',*,*,#1888,.F.);
#2461=ORIENTED_EDGE('',*,*,#1889,.F.);
#2462=ORIENTED_EDGE('',*,*,#1890,.T.);
#2463=ORIENTED_EDGE('',*,*,#1889,.T.);
#2464=ORIENTED_EDGE('',*,*,#1891,.F.);
#2465=ORIENTED_EDGE('',*,*,#1892,.F.);
#2466=ORIENTED_EDGE('',*,*,#1893,.T.);
#2467=ORIENTED_EDGE('',*,*,#1892,.T.);
#2468=ORIENTED_EDGE('',*,*,#1894,.F.);
#2469=ORIENTED_EDGE('',*,*,#1895,.F.);
#2470=ORIENTED_EDGE('',*,*,#1896,.T.);
#2471=ORIENTED_EDGE('',*,*,#1895,.T.);
#2472=ORIENTED_EDGE('',*,*,#1897,.F.);
#2473=ORIENTED_EDGE('',*,*,#1898,.F.);
#2474=ORIENTED_EDGE('',*,*,#1899,.T.);
#2475=ORIENTED_EDGE('',*,*,#1898,.T.);
#2476=ORIENTED_EDGE('',*,*,#1900,.F.);
#2477=ORIENTED_EDGE('',*,*,#1878,.F.);
#2478=ORIENTED_EDGE('',*,*,#1901,.T.);
#2479=ORIENTED_EDGE('',*,*,#1902,.T.);
#2480=ORIENTED_EDGE('',*,*,#1903,.F.);
#2481=ORIENTED_EDGE('',*,*,#1904,.F.);
#2482=ORIENTED_EDGE('',*,*,#1905,.F.);
#2483=ORIENTED_EDGE('',*,*,#1904,.T.);
#2484=ORIENTED_EDGE('',*,*,#1906,.F.);
#2485=ORIENTED_EDGE('',*,*,#1907,.F.);
#2486=ORIENTED_EDGE('',*,*,#1908,.T.);
#2487=ORIENTED_EDGE('',*,*,#1907,.T.);
#2488=ORIENTED_EDGE('',*,*,#1909,.F.);
#2489=ORIENTED_EDGE('',*,*,#1910,.F.);
#2490=ORIENTED_EDGE('',*,*,#1911,.F.);
#2491=ORIENTED_EDGE('',*,*,#1910,.T.);
#2492=ORIENTED_EDGE('',*,*,#1912,.F.);
#2493=ORIENTED_EDGE('',*,*,#1913,.F.);
#2494=ORIENTED_EDGE('',*,*,#1914,.T.);
#2495=ORIENTED_EDGE('',*,*,#1913,.T.);
#2496=ORIENTED_EDGE('',*,*,#1915,.F.);
#2497=ORIENTED_EDGE('',*,*,#1916,.F.);
#2498=ORIENTED_EDGE('',*,*,#1917,.T.);
#2499=ORIENTED_EDGE('',*,*,#1916,.T.);
#2500=ORIENTED_EDGE('',*,*,#1918,.F.);
#2501=ORIENTED_EDGE('',*,*,#1919,.F.);
#2502=ORIENTED_EDGE('',*,*,#1920,.T.);
#2503=ORIENTED_EDGE('',*,*,#1919,.T.);
#2504=ORIENTED_EDGE('',*,*,#1921,.F.);
#2505=ORIENTED_EDGE('',*,*,#1922,.F.);
#2506=ORIENTED_EDGE('',*,*,#1923,.T.);
#2507=ORIENTED_EDGE('',*,*,#1922,.T.);
#2508=ORIENTED_EDGE('',*,*,#1924,.F.);
#2509=ORIENTED_EDGE('',*,*,#1925,.F.);
#2510=ORIENTED_EDGE('',*,*,#1926,.T.);
#2511=ORIENTED_EDGE('',*,*,#1925,.T.);
#2512=ORIENTED_EDGE('',*,*,#1927,.F.);
#2513=ORIENTED_EDGE('',*,*,#1928,.F.);
#2514=ORIENTED_EDGE('',*,*,#1929,.T.);
#2515=ORIENTED_EDGE('',*,*,#1928,.T.);
#2516=ORIENTED_EDGE('',*,*,#1930,.F.);
#2517=ORIENTED_EDGE('',*,*,#1931,.F.);
#2518=ORIENTED_EDGE('',*,*,#1932,.T.);
#2519=ORIENTED_EDGE('',*,*,#1931,.T.);
#2520=ORIENTED_EDGE('',*,*,#1933,.F.);
#2521=ORIENTED_EDGE('',*,*,#1902,.F.);
#2522=ORIENTED_EDGE('',*,*,#1933,.T.);
#2523=ORIENTED_EDGE('',*,*,#1930,.T.);
#2524=ORIENTED_EDGE('',*,*,#1927,.T.);
#2525=ORIENTED_EDGE('',*,*,#1924,.T.);
#2526=ORIENTED_EDGE('',*,*,#1921,.T.);
#2527=ORIENTED_EDGE('',*,*,#1918,.T.);
#2528=ORIENTED_EDGE('',*,*,#1915,.T.);
#2529=ORIENTED_EDGE('',*,*,#1912,.T.);
#2530=ORIENTED_EDGE('',*,*,#1909,.T.);
#2531=ORIENTED_EDGE('',*,*,#1906,.T.);
#2532=ORIENTED_EDGE('',*,*,#1903,.T.);
#2533=ORIENTED_EDGE('',*,*,#1900,.T.);
#2534=ORIENTED_EDGE('',*,*,#1897,.T.);
#2535=ORIENTED_EDGE('',*,*,#1894,.T.);
#2536=ORIENTED_EDGE('',*,*,#1891,.T.);
#2537=ORIENTED_EDGE('',*,*,#1888,.T.);
#2538=ORIENTED_EDGE('',*,*,#1885,.T.);
#2539=ORIENTED_EDGE('',*,*,#1882,.T.);
#2540=ORIENTED_EDGE('',*,*,#1879,.T.);
#2541=ORIENTED_EDGE('',*,*,#1876,.T.);
#2542=ORIENTED_EDGE('',*,*,#1873,.T.);
#2543=ORIENTED_EDGE('',*,*,#1870,.T.);
#2544=ORIENTED_EDGE('',*,*,#1867,.T.);
#2545=ORIENTED_EDGE('',*,*,#1864,.T.);
#2546=ORIENTED_EDGE('',*,*,#1861,.T.);
#2547=ORIENTED_EDGE('',*,*,#1858,.T.);
#2548=ORIENTED_EDGE('',*,*,#1855,.T.);
#2549=ORIENTED_EDGE('',*,*,#1850,.T.);
#2550=ORIENTED_EDGE('',*,*,#1847,.T.);
#2551=ORIENTED_EDGE('',*,*,#1846,.T.);
#2552=ORIENTED_EDGE('',*,*,#1843,.T.);
#2553=ORIENTED_EDGE('',*,*,#1840,.T.);
#2554=ORIENTED_EDGE('',*,*,#1837,.T.);
#2555=ORIENTED_EDGE('',*,*,#1834,.T.);
#2556=ORIENTED_EDGE('',*,*,#1831,.T.);
#2557=ORIENTED_EDGE('',*,*,#1828,.T.);
#2558=ORIENTED_EDGE('',*,*,#1825,.T.);
#2559=ORIENTED_EDGE('',*,*,#1822,.T.);
#2560=ORIENTED_EDGE('',*,*,#1819,.T.);
#2561=ORIENTED_EDGE('',*,*,#1816,.T.);
#2562=ORIENTED_EDGE('',*,*,#1813,.T.);
#2563=ORIENTED_EDGE('',*,*,#1810,.T.);
#2564=ORIENTED_EDGE('',*,*,#1807,.T.);
#2565=ORIENTED_EDGE('',*,*,#1804,.T.);
#2566=ORIENTED_EDGE('',*,*,#1801,.T.);
#2567=ORIENTED_EDGE('',*,*,#1798,.T.);
#2568=ORIENTED_EDGE('',*,*,#1795,.T.);
#2569=ORIENTED_EDGE('',*,*,#1792,.T.);
#2570=ORIENTED_EDGE('',*,*,#1789,.T.);
#2571=ORIENTED_EDGE('',*,*,#1786,.T.);
#2572=ORIENTED_EDGE('',*,*,#1783,.T.);
#2573=ORIENTED_EDGE('',*,*,#1780,.T.);
#2574=ORIENTED_EDGE('',*,*,#1777,.T.);
#2575=ORIENTED_EDGE('',*,*,#1774,.T.);
#2576=ORIENTED_EDGE('',*,*,#1771,.T.);
#2577=ORIENTED_EDGE('',*,*,#1768,.T.);
#2578=ORIENTED_EDGE('',*,*,#1765,.T.);
#2579=ORIENTED_EDGE('',*,*,#1762,.T.);
#2580=ORIENTED_EDGE('',*,*,#1759,.T.);
#2581=ORIENTED_EDGE('',*,*,#1756,.T.);
#2582=ORIENTED_EDGE('',*,*,#1753,.T.);
#2583=ORIENTED_EDGE('',*,*,#1750,.T.);
#2584=ORIENTED_EDGE('',*,*,#1747,.T.);
#2585=ORIENTED_EDGE('',*,*,#1744,.T.);
#2586=ORIENTED_EDGE('',*,*,#1741,.T.);
#2587=ORIENTED_EDGE('',*,*,#1738,.T.);
#2588=ORIENTED_EDGE('',*,*,#1735,.T.);
#2589=ORIENTED_EDGE('',*,*,#1732,.T.);
#2590=ORIENTED_EDGE('',*,*,#1729,.T.);
#2591=ORIENTED_EDGE('',*,*,#1726,.T.);
#2592=ORIENTED_EDGE('',*,*,#1723,.T.);
#2593=ORIENTED_EDGE('',*,*,#1720,.T.);
#2594=ORIENTED_EDGE('',*,*,#1717,.T.);
#2595=ORIENTED_EDGE('',*,*,#1714,.T.);
#2596=ORIENTED_EDGE('',*,*,#1711,.T.);
#2597=ORIENTED_EDGE('',*,*,#1708,.T.);
#2598=ORIENTED_EDGE('',*,*,#1705,.T.);
#2599=ORIENTED_EDGE('',*,*,#1702,.T.);
#2600=ORIENTED_EDGE('',*,*,#1699,.T.);
#2601=ORIENTED_EDGE('',*,*,#1696,.T.);
#2602=ORIENTED_EDGE('',*,*,#1693,.T.);
#2603=ORIENTED_EDGE('',*,*,#1690,.T.);
#2604=ORIENTED_EDGE('',*,*,#1687,.T.);
#2605=ORIENTED_EDGE('',*,*,#1684,.T.);
#2606=ORIENTED_EDGE('',*,*,#1681,.T.);
#2607=ORIENTED_EDGE('',*,*,#1678,.T.);
#2608=ORIENTED_EDGE('',*,*,#1675,.T.);
#2609=ORIENTED_EDGE('',*,*,#1672,.T.);
#2610=ORIENTED_EDGE('',*,*,#1669,.T.);
#2611=ORIENTED_EDGE('',*,*,#1666,.T.);
#2612=ORIENTED_EDGE('',*,*,#1663,.T.);
#2613=ORIENTED_EDGE('',*,*,#1660,.T.);
#2614=ORIENTED_EDGE('',*,*,#1657,.T.);
#2615=ORIENTED_EDGE('',*,*,#1654,.T.);
#2616=ORIENTED_EDGE('',*,*,#1651,.T.);
#2617=ORIENTED_EDGE('',*,*,#1648,.T.);
#2618=ORIENTED_EDGE('',*,*,#1645,.T.);
#2619=ORIENTED_EDGE('',*,*,#1642,.T.);
#2620=ORIENTED_EDGE('',*,*,#1639,.T.);
#2621=ORIENTED_EDGE('',*,*,#1636,.T.);
#2622=ORIENTED_EDGE('',*,*,#1633,.T.);
#2623=ORIENTED_EDGE('',*,*,#1630,.T.);
#2624=ORIENTED_EDGE('',*,*,#1627,.T.);
#2625=ORIENTED_EDGE('',*,*,#1624,.T.);
#2626=ORIENTED_EDGE('',*,*,#1621,.T.);
#2627=ORIENTED_EDGE('',*,*,#1618,.T.);
#2628=ORIENTED_EDGE('',*,*,#1615,.T.);
#2629=ORIENTED_EDGE('',*,*,#1612,.T.);
#2630=ORIENTED_EDGE('',*,*,#1609,.T.);
#2631=ORIENTED_EDGE('',*,*,#1606,.T.);
#2632=ORIENTED_EDGE('',*,*,#1603,.T.);
#2633=ORIENTED_EDGE('',*,*,#1600,.T.);
#2634=ORIENTED_EDGE('',*,*,#1597,.T.);
#2635=ORIENTED_EDGE('',*,*,#1594,.T.);
#2636=ORIENTED_EDGE('',*,*,#1591,.T.);
#2637=ORIENTED_EDGE('',*,*,#1588,.T.);
#2638=ORIENTED_EDGE('',*,*,#1585,.T.);
#2639=ORIENTED_EDGE('',*,*,#1582,.T.);
#2640=ORIENTED_EDGE('',*,*,#1579,.T.);
#2641=ORIENTED_EDGE('',*,*,#1576,.T.);
#2642=ORIENTED_EDGE('',*,*,#1573,.T.);
#2643=ORIENTED_EDGE('',*,*,#1570,.T.);
#2644=ORIENTED_EDGE('',*,*,#1567,.T.);
#2645=ORIENTED_EDGE('',*,*,#1564,.T.);
#2646=ORIENTED_EDGE('',*,*,#1561,.T.);
#2647=ORIENTED_EDGE('',*,*,#1558,.T.);
#2648=ORIENTED_EDGE('',*,*,#1555,.T.);
#2649=ORIENTED_EDGE('',*,*,#1552,.T.);
#2650=ORIENTED_EDGE('',*,*,#1549,.T.);
#2651=ORIENTED_EDGE('',*,*,#1546,.T.);
#2652=ORIENTED_EDGE('',*,*,#1543,.T.);
#2653=ORIENTED_EDGE('',*,*,#1540,.T.);
#2654=ORIENTED_EDGE('',*,*,#1537,.T.);
#2655=ORIENTED_EDGE('',*,*,#1534,.T.);
#2656=ORIENTED_EDGE('',*,*,#1531,.T.);
#2657=ORIENTED_EDGE('',*,*,#1528,.T.);
#2658=ORIENTED_EDGE('',*,*,#1525,.T.);
#2659=ORIENTED_EDGE('',*,*,#1522,.T.);
#2660=ORIENTED_EDGE('',*,*,#1519,.T.);
#2661=ORIENTED_EDGE('',*,*,#1516,.T.);
#2662=ORIENTED_EDGE('',*,*,#1513,.T.);
#2663=ORIENTED_EDGE('',*,*,#1510,.T.);
#2664=ORIENTED_EDGE('',*,*,#1507,.T.);
#2665=ORIENTED_EDGE('',*,*,#1504,.T.);
#2666=ORIENTED_EDGE('',*,*,#1501,.T.);
#2667=ORIENTED_EDGE('',*,*,#1498,.T.);
#2668=ORIENTED_EDGE('',*,*,#1495,.T.);
#2669=ORIENTED_EDGE('',*,*,#1932,.F.);
#2670=ORIENTED_EDGE('',*,*,#1901,.F.);
#2671=ORIENTED_EDGE('',*,*,#1905,.T.);
#2672=ORIENTED_EDGE('',*,*,#1908,.F.);
#2673=ORIENTED_EDGE('',*,*,#1911,.T.);
#2674=ORIENTED_EDGE('',*,*,#1914,.F.);
#2675=ORIENTED_EDGE('',*,*,#1917,.F.);
#2676=ORIENTED_EDGE('',*,*,#1920,.F.);
#2677=ORIENTED_EDGE('',*,*,#1923,.F.);
#2678=ORIENTED_EDGE('',*,*,#1926,.F.);
#2679=ORIENTED_EDGE('',*,*,#1929,.F.);
#2680=ORIENTED_EDGE('',*,*,#1899,.F.);
#2681=ORIENTED_EDGE('',*,*,#1877,.F.);
#2682=ORIENTED_EDGE('',*,*,#1881,.F.);
#2683=ORIENTED_EDGE('',*,*,#1884,.F.);
#2684=ORIENTED_EDGE('',*,*,#1887,.F.);
#2685=ORIENTED_EDGE('',*,*,#1890,.F.);
#2686=ORIENTED_EDGE('',*,*,#1893,.F.);
#2687=ORIENTED_EDGE('',*,*,#1896,.F.);
#2688=ORIENTED_EDGE('',*,*,#1875,.F.);
#2689=ORIENTED_EDGE('',*,*,#1853,.F.);
#2690=ORIENTED_EDGE('',*,*,#1857,.F.);
#2691=ORIENTED_EDGE('',*,*,#1860,.F.);
#2692=ORIENTED_EDGE('',*,*,#1863,.F.);
#2693=ORIENTED_EDGE('',*,*,#1866,.F.);
#2694=ORIENTED_EDGE('',*,*,#1869,.F.);
#2695=ORIENTED_EDGE('',*,*,#1872,.F.);
#2696=ORIENTED_EDGE('',*,*,#1852,.F.);
#2697=ORIENTED_EDGE('',*,*,#1849,.F.);
#2698=ORIENTED_EDGE('',*,*,#1845,.F.);
#2699=ORIENTED_EDGE('',*,*,#1823,.F.);
#2700=ORIENTED_EDGE('',*,*,#1827,.F.);
#2701=ORIENTED_EDGE('',*,*,#1830,.F.);
#2702=ORIENTED_EDGE('',*,*,#1833,.F.);
#2703=ORIENTED_EDGE('',*,*,#1836,.F.);
#2704=ORIENTED_EDGE('',*,*,#1839,.F.);
#2705=ORIENTED_EDGE('',*,*,#1842,.F.);
#2706=ORIENTED_EDGE('',*,*,#1821,.F.);
#2707=ORIENTED_EDGE('',*,*,#1799,.F.);
#2708=ORIENTED_EDGE('',*,*,#1803,.F.);
#2709=ORIENTED_EDGE('',*,*,#1806,.F.);
#2710=ORIENTED_EDGE('',*,*,#1809,.F.);
#2711=ORIENTED_EDGE('',*,*,#1812,.F.);
#2712=ORIENTED_EDGE('',*,*,#1815,.F.);
#2713=ORIENTED_EDGE('',*,*,#1818,.F.);
#2714=ORIENTED_EDGE('',*,*,#1797,.F.);
#2715=ORIENTED_EDGE('',*,*,#1775,.F.);
#2716=ORIENTED_EDGE('',*,*,#1779,.F.);
#2717=ORIENTED_EDGE('',*,*,#1782,.F.);
#2718=ORIENTED_EDGE('',*,*,#1785,.F.);
#2719=ORIENTED_EDGE('',*,*,#1788,.F.);
#2720=ORIENTED_EDGE('',*,*,#1791,.F.);
#2721=ORIENTED_EDGE('',*,*,#1794,.F.);
#2722=ORIENTED_EDGE('',*,*,#1773,.F.);
#2723=ORIENTED_EDGE('',*,*,#1757,.F.);
#2724=ORIENTED_EDGE('',*,*,#1761,.F.);
#2725=ORIENTED_EDGE('',*,*,#1764,.F.);
#2726=ORIENTED_EDGE('',*,*,#1767,.F.);
#2727=ORIENTED_EDGE('',*,*,#1770,.F.);
#2728=ORIENTED_EDGE('',*,*,#1755,.F.);
#2729=ORIENTED_EDGE('',*,*,#1733,.F.);
#2730=ORIENTED_EDGE('',*,*,#1737,.F.);
#2731=ORIENTED_EDGE('',*,*,#1740,.F.);
#2732=ORIENTED_EDGE('',*,*,#1743,.F.);
#2733=ORIENTED_EDGE('',*,*,#1746,.F.);
#2734=ORIENTED_EDGE('',*,*,#1749,.F.);
#2735=ORIENTED_EDGE('',*,*,#1752,.F.);
#2736=ORIENTED_EDGE('',*,*,#1731,.F.);
#2737=ORIENTED_EDGE('',*,*,#1709,.F.);
#2738=ORIENTED_EDGE('',*,*,#1713,.F.);
#2739=ORIENTED_EDGE('',*,*,#1716,.F.);
#2740=ORIENTED_EDGE('',*,*,#1719,.F.);
#2741=ORIENTED_EDGE('',*,*,#1722,.F.);
#2742=ORIENTED_EDGE('',*,*,#1725,.F.);
#2743=ORIENTED_EDGE('',*,*,#1728,.F.);
#2744=ORIENTED_EDGE('',*,*,#1707,.F.);
#2745=ORIENTED_EDGE('',*,*,#1685,.F.);
#2746=ORIENTED_EDGE('',*,*,#1689,.F.);
#2747=ORIENTED_EDGE('',*,*,#1692,.F.);
#2748=ORIENTED_EDGE('',*,*,#1695,.F.);
#2749=ORIENTED_EDGE('',*,*,#1698,.F.);
#2750=ORIENTED_EDGE('',*,*,#1701,.F.);
#2751=ORIENTED_EDGE('',*,*,#1704,.F.);
#2752=ORIENTED_EDGE('',*,*,#1683,.F.);
#2753=ORIENTED_EDGE('',*,*,#1661,.F.);
#2754=ORIENTED_EDGE('',*,*,#1665,.F.);
#2755=ORIENTED_EDGE('',*,*,#1668,.F.);
#2756=ORIENTED_EDGE('',*,*,#1671,.F.);
#2757=ORIENTED_EDGE('',*,*,#1674,.F.);
#2758=ORIENTED_EDGE('',*,*,#1677,.F.);
#2759=ORIENTED_EDGE('',*,*,#1680,.F.);
#2760=ORIENTED_EDGE('',*,*,#1659,.F.);
#2761=ORIENTED_EDGE('',*,*,#1637,.F.);
#2762=ORIENTED_EDGE('',*,*,#1641,.F.);
#2763=ORIENTED_EDGE('',*,*,#1644,.F.);
#2764=ORIENTED_EDGE('',*,*,#1647,.F.);
#2765=ORIENTED_EDGE('',*,*,#1650,.F.);
#2766=ORIENTED_EDGE('',*,*,#1653,.F.);
#2767=ORIENTED_EDGE('',*,*,#1656,.F.);
#2768=ORIENTED_EDGE('',*,*,#1635,.F.);
#2769=ORIENTED_EDGE('',*,*,#1613,.F.);
#2770=ORIENTED_EDGE('',*,*,#1617,.F.);
#2771=ORIENTED_EDGE('',*,*,#1620,.F.);
#2772=ORIENTED_EDGE('',*,*,#1623,.F.);
#2773=ORIENTED_EDGE('',*,*,#1626,.F.);
#2774=ORIENTED_EDGE('',*,*,#1629,.F.);
#2775=ORIENTED_EDGE('',*,*,#1632,.F.);
#2776=ORIENTED_EDGE('',*,*,#1611,.F.);
#2777=ORIENTED_EDGE('',*,*,#1589,.F.);
#2778=ORIENTED_EDGE('',*,*,#1593,.F.);
#2779=ORIENTED_EDGE('',*,*,#1596,.F.);
#2780=ORIENTED_EDGE('',*,*,#1599,.F.);
#2781=ORIENTED_EDGE('',*,*,#1602,.F.);
#2782=ORIENTED_EDGE('',*,*,#1605,.F.);
#2783=ORIENTED_EDGE('',*,*,#1608,.F.);
#2784=ORIENTED_EDGE('',*,*,#1587,.F.);
#2785=ORIENTED_EDGE('',*,*,#1565,.F.);
#2786=ORIENTED_EDGE('',*,*,#1569,.F.);
#2787=ORIENTED_EDGE('',*,*,#1572,.F.);
#2788=ORIENTED_EDGE('',*,*,#1575,.F.);
#2789=ORIENTED_EDGE('',*,*,#1578,.F.);
#2790=ORIENTED_EDGE('',*,*,#1581,.F.);
#2791=ORIENTED_EDGE('',*,*,#1584,.F.);
#2792=ORIENTED_EDGE('',*,*,#1563,.F.);
#2793=ORIENTED_EDGE('',*,*,#1541,.F.);
#2794=ORIENTED_EDGE('',*,*,#1545,.F.);
#2795=ORIENTED_EDGE('',*,*,#1548,.F.);
#2796=ORIENTED_EDGE('',*,*,#1551,.F.);
#2797=ORIENTED_EDGE('',*,*,#1554,.F.);
#2798=ORIENTED_EDGE('',*,*,#1557,.F.);
#2799=ORIENTED_EDGE('',*,*,#1560,.F.);
#2800=ORIENTED_EDGE('',*,*,#1539,.F.);
#2801=ORIENTED_EDGE('',*,*,#1517,.F.);
#2802=ORIENTED_EDGE('',*,*,#1521,.F.);
#2803=ORIENTED_EDGE('',*,*,#1524,.F.);
#2804=ORIENTED_EDGE('',*,*,#1527,.F.);
#2805=ORIENTED_EDGE('',*,*,#1530,.F.);
#2806=ORIENTED_EDGE('',*,*,#1533,.F.);
#2807=ORIENTED_EDGE('',*,*,#1536,.F.);
#2808=ORIENTED_EDGE('',*,*,#1515,.F.);
#2809=ORIENTED_EDGE('',*,*,#1493,.F.);
#2810=ORIENTED_EDGE('',*,*,#1497,.F.);
#2811=ORIENTED_EDGE('',*,*,#1500,.F.);
#2812=ORIENTED_EDGE('',*,*,#1503,.F.);
#2813=ORIENTED_EDGE('',*,*,#1506,.F.);
#2814=ORIENTED_EDGE('',*,*,#1509,.F.);
#2815=ORIENTED_EDGE('',*,*,#1512,.F.);
#2816=PLANE('',#3056);
#2817=PLANE('',#3060);
#2818=PLANE('',#3064);
#2819=PLANE('',#3068);
#2820=PLANE('',#3072);
#2821=PLANE('',#3076);
#2822=PLANE('',#3080);
#2823=PLANE('',#3084);
#2824=PLANE('',#3088);
#2825=PLANE('',#3092);
#2826=PLANE('',#3096);
#2827=PLANE('',#3100);
#2828=PLANE('',#3104);
#2829=PLANE('',#3108);
#2830=PLANE('',#3112);
#2831=PLANE('',#3116);
#2832=PLANE('',#3120);
#2833=PLANE('',#3124);
#2834=PLANE('',#3128);
#2835=PLANE('',#3132);
#2836=PLANE('',#3136);
#2837=PLANE('',#3140);
#2838=PLANE('',#3144);
#2839=PLANE('',#3148);
#2840=PLANE('',#3152);
#2841=PLANE('',#3156);
#2842=PLANE('',#3160);
#2843=PLANE('',#3164);
#2844=PLANE('',#3168);
#2845=PLANE('',#3172);
#2846=PLANE('',#3176);
#2847=PLANE('',#3180);
#2848=PLANE('',#3184);
#2849=PLANE('',#3188);
#2850=PLANE('',#3192);
#2851=PLANE('',#3196);
#2852=PLANE('',#3200);
#2853=PLANE('',#3204);
#2854=PLANE('',#3208);
#2855=PLANE('',#3212);
#2856=PLANE('',#3216);
#2857=PLANE('',#3220);
#2858=PLANE('',#3224);
#2859=PLANE('',#3228);
#2860=PLANE('',#3232);
#2861=PLANE('',#3233);
#2862=PLANE('',#3234);
#2863=PLANE('',#3235);
#2864=PLANE('',#3236);
#2865=PLANE('',#3237);
#2866=PLANE('',#3238);
#2867=PLANE('',#3242);
#2868=PLANE('',#3246);
#2869=PLANE('',#3250);
#2870=PLANE('',#3254);
#2871=PLANE('',#3258);
#2872=PLANE('',#3262);
#2873=PLANE('',#3266);
#2874=PLANE('',#3270);
#2875=PLANE('',#3274);
#2876=PLANE('',#3278);
#2877=PLANE('',#3282);
#2878=PLANE('',#3292);
#2879=PLANE('',#3296);
#2880=PLANE('',#3300);
#2881=PLANE('',#3304);
#2882=PLANE('',#3308);
#2883=PLANE('',#3312);
#2884=PLANE('',#3316);
#2885=PLANE('',#3320);
#2886=PLANE('',#3324);
#2887=PLANE('',#3328);
#2888=PLANE('',#3335);
#2889=PLANE('',#3339);
#2890=PLANE('',#3343);
#2891=PLANE('',#3347);
#2892=PLANE('',#3348);
#2893=ADVANCED_FACE('',(#269),#2816,.T.);
#2894=ADVANCED_FACE('',(#270),#197,.F.);
#2895=ADVANCED_FACE('',(#271),#2817,.T.);
#2896=ADVANCED_FACE('',(#272),#198,.F.);
#2897=ADVANCED_FACE('',(#273),#2818,.T.);
#2898=ADVANCED_FACE('',(#274),#199,.F.);
#2899=ADVANCED_FACE('',(#275),#2819,.T.);
#2900=ADVANCED_FACE('',(#276),#200,.F.);
#2901=ADVANCED_FACE('',(#277),#2820,.T.);
#2902=ADVANCED_FACE('',(#278),#201,.F.);
#2903=ADVANCED_FACE('',(#279),#2821,.T.);
#2904=ADVANCED_FACE('',(#280),#202,.F.);
#2905=ADVANCED_FACE('',(#281),#2822,.T.);
#2906=ADVANCED_FACE('',(#282),#203,.F.);
#2907=ADVANCED_FACE('',(#283),#2823,.T.);
#2908=ADVANCED_FACE('',(#284),#204,.F.);
#2909=ADVANCED_FACE('',(#285),#2824,.T.);
#2910=ADVANCED_FACE('',(#286),#205,.F.);
#2911=ADVANCED_FACE('',(#287),#2825,.T.);
#2912=ADVANCED_FACE('',(#288),#206,.F.);
#2913=ADVANCED_FACE('',(#289),#2826,.T.);
#2914=ADVANCED_FACE('',(#290),#207,.F.);
#2915=ADVANCED_FACE('',(#291),#2827,.T.);
#2916=ADVANCED_FACE('',(#292),#208,.F.);
#2917=ADVANCED_FACE('',(#293),#2828,.T.);
#2918=ADVANCED_FACE('',(#294),#209,.F.);
#2919=ADVANCED_FACE('',(#295),#2829,.T.);
#2920=ADVANCED_FACE('',(#296),#210,.F.);
#2921=ADVANCED_FACE('',(#297),#2830,.T.);
#2922=ADVANCED_FACE('',(#298),#211,.F.);
#2923=ADVANCED_FACE('',(#299),#2831,.T.);
#2924=ADVANCED_FACE('',(#300),#212,.F.);
#2925=ADVANCED_FACE('',(#301),#2832,.T.);
#2926=ADVANCED_FACE('',(#302),#213,.F.);
#2927=ADVANCED_FACE('',(#303),#2833,.T.);
#2928=ADVANCED_FACE('',(#304),#214,.F.);
#2929=ADVANCED_FACE('',(#305),#2834,.T.);
#2930=ADVANCED_FACE('',(#306),#215,.F.);
#2931=ADVANCED_FACE('',(#307),#2835,.T.);
#2932=ADVANCED_FACE('',(#308),#216,.F.);
#2933=ADVANCED_FACE('',(#309),#2836,.T.);
#2934=ADVANCED_FACE('',(#310),#217,.F.);
#2935=ADVANCED_FACE('',(#311),#2837,.T.);
#2936=ADVANCED_FACE('',(#312),#218,.F.);
#2937=ADVANCED_FACE('',(#313),#2838,.T.);
#2938=ADVANCED_FACE('',(#314),#219,.F.);
#2939=ADVANCED_FACE('',(#315),#2839,.T.);
#2940=ADVANCED_FACE('',(#316),#220,.F.);
#2941=ADVANCED_FACE('',(#317),#2840,.T.);
#2942=ADVANCED_FACE('',(#318),#221,.F.);
#2943=ADVANCED_FACE('',(#319),#2841,.T.);
#2944=ADVANCED_FACE('',(#320),#222,.F.);
#2945=ADVANCED_FACE('',(#321),#2842,.T.);
#2946=ADVANCED_FACE('',(#322),#223,.F.);
#2947=ADVANCED_FACE('',(#323),#2843,.T.);
#2948=ADVANCED_FACE('',(#324),#224,.F.);
#2949=ADVANCED_FACE('',(#325),#2844,.T.);
#2950=ADVANCED_FACE('',(#326),#225,.F.);
#2951=ADVANCED_FACE('',(#327),#2845,.T.);
#2952=ADVANCED_FACE('',(#328),#226,.F.);
#2953=ADVANCED_FACE('',(#329),#2846,.T.);
#2954=ADVANCED_FACE('',(#330),#227,.F.);
#2955=ADVANCED_FACE('',(#331),#2847,.T.);
#2956=ADVANCED_FACE('',(#332),#228,.F.);
#2957=ADVANCED_FACE('',(#333),#2848,.T.);
#2958=ADVANCED_FACE('',(#334),#229,.F.);
#2959=ADVANCED_FACE('',(#335),#2849,.T.);
#2960=ADVANCED_FACE('',(#336),#230,.F.);
#2961=ADVANCED_FACE('',(#337),#2850,.T.);
#2962=ADVANCED_FACE('',(#338),#231,.F.);
#2963=ADVANCED_FACE('',(#339),#2851,.T.);
#2964=ADVANCED_FACE('',(#340),#232,.F.);
#2965=ADVANCED_FACE('',(#341),#2852,.T.);
#2966=ADVANCED_FACE('',(#342),#233,.F.);
#2967=ADVANCED_FACE('',(#343),#2853,.T.);
#2968=ADVANCED_FACE('',(#344),#234,.F.);
#2969=ADVANCED_FACE('',(#345),#2854,.T.);
#2970=ADVANCED_FACE('',(#346),#235,.F.);
#2971=ADVANCED_FACE('',(#347),#2855,.T.);
#2972=ADVANCED_FACE('',(#348),#236,.F.);
#2973=ADVANCED_FACE('',(#349),#2856,.T.);
#2974=ADVANCED_FACE('',(#350),#237,.F.);
#2975=ADVANCED_FACE('',(#351),#2857,.T.);
#2976=ADVANCED_FACE('',(#352),#238,.F.);
#2977=ADVANCED_FACE('',(#353),#2858,.T.);
#2978=ADVANCED_FACE('',(#354),#239,.F.);
#2979=ADVANCED_FACE('',(#355),#2859,.T.);
#2980=ADVANCED_FACE('',(#356),#240,.F.);
#2981=ADVANCED_FACE('',(#357),#2860,.T.);
#2982=ADVANCED_FACE('',(#358),#2861,.T.);
#2983=ADVANCED_FACE('',(#359),#2862,.T.);
#2984=ADVANCED_FACE('',(#360),#2863,.T.);
#2985=ADVANCED_FACE('',(#361),#2864,.T.);
#2986=ADVANCED_FACE('',(#362),#2865,.T.);
#2987=ADVANCED_FACE('',(#363),#2866,.T.);
#2988=ADVANCED_FACE('',(#364),#241,.F.);
#2989=ADVANCED_FACE('',(#365),#2867,.T.);
#2990=ADVANCED_FACE('',(#366),#242,.F.);
#2991=ADVANCED_FACE('',(#367),#2868,.T.);
#2992=ADVANCED_FACE('',(#368),#243,.F.);
#2993=ADVANCED_FACE('',(#369),#2869,.T.);
#2994=ADVANCED_FACE('',(#370),#244,.F.);
#2995=ADVANCED_FACE('',(#371),#2870,.T.);
#2996=ADVANCED_FACE('',(#372),#245,.F.);
#2997=ADVANCED_FACE('',(#373),#2871,.T.);
#2998=ADVANCED_FACE('',(#374),#246,.F.);
#2999=ADVANCED_FACE('',(#375),#2872,.T.);
#3000=ADVANCED_FACE('',(#376),#247,.F.);
#3001=ADVANCED_FACE('',(#377),#2873,.T.);
#3002=ADVANCED_FACE('',(#378),#248,.F.);
#3003=ADVANCED_FACE('',(#379),#2874,.T.);
#3004=ADVANCED_FACE('',(#380),#249,.F.);
#3005=ADVANCED_FACE('',(#381),#2875,.T.);
#3006=ADVANCED_FACE('',(#382),#250,.F.);
#3007=ADVANCED_FACE('',(#383),#2876,.T.);
#3008=ADVANCED_FACE('',(#384),#251,.F.);
#3009=ADVANCED_FACE('',(#385),#2877,.T.);
#3010=ADVANCED_FACE('',(#386),#252,.F.);
#3011=ADVANCED_FACE('',(#387),#253,.F.);
#3012=ADVANCED_FACE('',(#388),#254,.F.);
#3013=ADVANCED_FACE('',(#389),#2878,.T.);
#3014=ADVANCED_FACE('',(#390),#255,.F.);
#3015=ADVANCED_FACE('',(#391),#2879,.T.);
#3016=ADVANCED_FACE('',(#392),#256,.F.);
#3017=ADVANCED_FACE('',(#393),#2880,.T.);
#3018=ADVANCED_FACE('',(#394),#257,.F.);
#3019=ADVANCED_FACE('',(#395),#2881,.T.);
#3020=ADVANCED_FACE('',(#396),#258,.F.);
#3021=ADVANCED_FACE('',(#397),#2882,.T.);
#3022=ADVANCED_FACE('',(#398),#259,.F.);
#3023=ADVANCED_FACE('',(#399),#2883,.T.);
#3024=ADVANCED_FACE('',(#400),#260,.F.);
#3025=ADVANCED_FACE('',(#401),#2884,.T.);
#3026=ADVANCED_FACE('',(#402),#261,.F.);
#3027=ADVANCED_FACE('',(#403),#2885,.T.);
#3028=ADVANCED_FACE('',(#404),#262,.F.);
#3029=ADVANCED_FACE('',(#405),#2886,.T.);
#3030=ADVANCED_FACE('',(#406),#263,.F.);
#3031=ADVANCED_FACE('',(#407),#2887,.T.);
#3032=ADVANCED_FACE('',(#408),#264,.F.);
#3033=ADVANCED_FACE('',(#409),#265,.T.);
#3034=ADVANCED_FACE('',(#410),#2888,.T.);
#3035=ADVANCED_FACE('',(#411),#266,.T.);
#3036=ADVANCED_FACE('',(#412),#2889,.T.);
#3037=ADVANCED_FACE('',(#413),#267,.T.);
#3038=ADVANCED_FACE('',(#414),#2890,.T.);
#3039=ADVANCED_FACE('',(#415),#268,.T.);
#3040=ADVANCED_FACE('',(#416,#15,#16,#17,#18,#19,#20,#21,#22,#23,#24,#25,
#26,#27,#28,#29,#30,#31,#32,#33),#2891,.T.);
#3041=ADVANCED_FACE('',(#417,#34,#35,#36,#37,#38,#39,#40,#41,#42,#43,#44,
#45,#46,#47,#48,#49,#50,#51,#52),#2892,.F.);
#3042=CLOSED_SHELL('',(#2893,#2894,#2895,#2896,#2897,#2898,#2899,#2900,
#2901,#2902,#2903,#2904,#2905,#2906,#2907,#2908,#2909,#2910,#2911,#2912,
#2913,#2914,#2915,#2916,#2917,#2918,#2919,#2920,#2921,#2922,#2923,#2924,
#2925,#2926,#2927,#2928,#2929,#2930,#2931,#2932,#2933,#2934,#2935,#2936,
#2937,#2938,#2939,#2940,#2941,#2942,#2943,#2944,#2945,#2946,#2947,#2948,
#2949,#2950,#2951,#2952,#2953,#2954,#2955,#2956,#2957,#2958,#2959,#2960,
#2961,#2962,#2963,#2964,#2965,#2966,#2967,#2968,#2969,#2970,#2971,#2972,
#2973,#2974,#2975,#2976,#2977,#2978,#2979,#2980,#2981,#2982,#2983,#2984,
#2985,#2986,#2987,#2988,#2989,#2990,#2991,#2992,#2993,#2994,#2995,#2996,
#2997,#2998,#2999,#3000,#3001,#3002,#3003,#3004,#3005,#3006,#3007,#3008,
#3009,#3010,#3011,#3012,#3013,#3014,#3015,#3016,#3017,#3018,#3019,#3020,
#3021,#3022,#3023,#3024,#3025,#3026,#3027,#3028,#3029,#3030,#3031,#3032,
#3033,#3034,#3035,#3036,#3037,#3038,#3039,#3040,#3041));
#3043=DERIVED_UNIT_ELEMENT(#3045,1.);
#3044=DERIVED_UNIT_ELEMENT(#5124,-3.);
#3045=(
MASS_UNIT()
NAMED_UNIT(*)
SI_UNIT(.KILO.,.GRAM.)
);
#3046=DERIVED_UNIT((#3043,#3044));
#3047=MEASURE_REPRESENTATION_ITEM('density measure',
POSITIVE_RATIO_MEASURE(7850.),#3046);
#3048=PROPERTY_DEFINITION_REPRESENTATION(#3053,#3050);
#3049=PROPERTY_DEFINITION_REPRESENTATION(#3054,#3051);
#3050=REPRESENTATION('material name',(#3052),#5121);
#3051=REPRESENTATION('density',(#3047),#5121);
#3052=DESCRIPTIVE_REPRESENTATION_ITEM('Steel','Steel');
#3053=PROPERTY_DEFINITION('material property','material name',#5131);
#3054=PROPERTY_DEFINITION('material property','density of part',#5131);
#3055=AXIS2_PLACEMENT_3D('',#4234,#3349,#3350);
#3056=AXIS2_PLACEMENT_3D('',#4235,#3351,#3352);
#3057=AXIS2_PLACEMENT_3D('',#4244,#3357,#3358);
#3058=AXIS2_PLACEMENT_3D('',#4246,#3359,#3360);
#3059=AXIS2_PLACEMENT_3D('',#4248,#3361,#3362);
#3060=AXIS2_PLACEMENT_3D('',#4250,#3364,#3365);
#3061=AXIS2_PLACEMENT_3D('',#4256,#3369,#3370);
#3062=AXIS2_PLACEMENT_3D('',#4258,#3371,#3372);
#3063=AXIS2_PLACEMENT_3D('',#4260,#3373,#3374);
#3064=AXIS2_PLACEMENT_3D('',#4262,#3376,#3377);
#3065=AXIS2_PLACEMENT_3D('',#4268,#3381,#3382);
#3066=AXIS2_PLACEMENT_3D('',#4270,#3383,#3384);
#3067=AXIS2_PLACEMENT_3D('',#4272,#3385,#3386);
#3068=AXIS2_PLACEMENT_3D('',#4274,#3388,#3389);
#3069=AXIS2_PLACEMENT_3D('',#4280,#3393,#3394);
#3070=AXIS2_PLACEMENT_3D('',#4281,#3395,#3396);
#3071=AXIS2_PLACEMENT_3D('',#4282,#3397,#3398);
#3072=AXIS2_PLACEMENT_3D('',#4283,#3399,#3400);
#3073=AXIS2_PLACEMENT_3D('',#4292,#3405,#3406);
#3074=AXIS2_PLACEMENT_3D('',#4294,#3407,#3408);
#3075=AXIS2_PLACEMENT_3D('',#4296,#3409,#3410);
#3076=AXIS2_PLACEMENT_3D('',#4298,#3412,#3413);
#3077=AXIS2_PLACEMENT_3D('',#4304,#3417,#3418);
#3078=AXIS2_PLACEMENT_3D('',#4306,#3419,#3420);
#3079=AXIS2_PLACEMENT_3D('',#4308,#3421,#3422);
#3080=AXIS2_PLACEMENT_3D('',#4310,#3424,#3425);
#3081=AXIS2_PLACEMENT_3D('',#4316,#3429,#3430);
#3082=AXIS2_PLACEMENT_3D('',#4318,#3431,#3432);
#3083=AXIS2_PLACEMENT_3D('',#4320,#3433,#3434);
#3084=AXIS2_PLACEMENT_3D('',#4322,#3436,#3437);
#3085=AXIS2_PLACEMENT_3D('',#4328,#3441,#3442);
#3086=AXIS2_PLACEMENT_3D('',#4329,#3443,#3444);
#3087=AXIS2_PLACEMENT_3D('',#4330,#3445,#3446);
#3088=AXIS2_PLACEMENT_3D('',#4331,#3447,#3448);
#3089=AXIS2_PLACEMENT_3D('',#4340,#3453,#3454);
#3090=AXIS2_PLACEMENT_3D('',#4342,#3455,#3456);
#3091=AXIS2_PLACEMENT_3D('',#4344,#3457,#3458);
#3092=AXIS2_PLACEMENT_3D('',#4346,#3460,#3461);
#3093=AXIS2_PLACEMENT_3D('',#4352,#3465,#3466);
#3094=AXIS2_PLACEMENT_3D('',#4354,#3467,#3468);
#3095=AXIS2_PLACEMENT_3D('',#4356,#3469,#3470);
#3096=AXIS2_PLACEMENT_3D('',#4358,#3472,#3473);
#3097=AXIS2_PLACEMENT_3D('',#4364,#3477,#3478);
#3098=AXIS2_PLACEMENT_3D('',#4366,#3479,#3480);
#3099=AXIS2_PLACEMENT_3D('',#4368,#3481,#3482);
#3100=AXIS2_PLACEMENT_3D('',#4370,#3484,#3485);
#3101=AXIS2_PLACEMENT_3D('',#4376,#3489,#3490);
#3102=AXIS2_PLACEMENT_3D('',#4377,#3491,#3492);
#3103=AXIS2_PLACEMENT_3D('',#4378,#3493,#3494);
#3104=AXIS2_PLACEMENT_3D('',#4379,#3495,#3496);
#3105=AXIS2_PLACEMENT_3D('',#4388,#3501,#3502);
#3106=AXIS2_PLACEMENT_3D('',#4390,#3503,#3504);
#3107=AXIS2_PLACEMENT_3D('',#4392,#3505,#3506);
#3108=AXIS2_PLACEMENT_3D('',#4394,#3508,#3509);
#3109=AXIS2_PLACEMENT_3D('',#4400,#3513,#3514);
#3110=AXIS2_PLACEMENT_3D('',#4402,#3515,#3516);
#3111=AXIS2_PLACEMENT_3D('',#4404,#3517,#3518);
#3112=AXIS2_PLACEMENT_3D('',#4406,#3520,#3521);
#3113=AXIS2_PLACEMENT_3D('',#4412,#3525,#3526);
#3114=AXIS2_PLACEMENT_3D('',#4414,#3527,#3528);
#3115=AXIS2_PLACEMENT_3D('',#4416,#3529,#3530);
#3116=AXIS2_PLACEMENT_3D('',#4418,#3532,#3533);
#3117=AXIS2_PLACEMENT_3D('',#4424,#3537,#3538);
#3118=AXIS2_PLACEMENT_3D('',#4425,#3539,#3540);
#3119=AXIS2_PLACEMENT_3D('',#4426,#3541,#3542);
#3120=AXIS2_PLACEMENT_3D('',#4427,#3543,#3544);
#3121=AXIS2_PLACEMENT_3D('',#4436,#3549,#3550);
#3122=AXIS2_PLACEMENT_3D('',#4438,#3551,#3552);
#3123=AXIS2_PLACEMENT_3D('',#4440,#3553,#3554);
#3124=AXIS2_PLACEMENT_3D('',#4442,#3556,#3557);
#3125=AXIS2_PLACEMENT_3D('',#4448,#3561,#3562);
#3126=AXIS2_PLACEMENT_3D('',#4450,#3563,#3564);
#3127=AXIS2_PLACEMENT_3D('',#4452,#3565,#3566);
#3128=AXIS2_PLACEMENT_3D('',#4454,#3568,#3569);
#3129=AXIS2_PLACEMENT_3D('',#4460,#3573,#3574);
#3130=AXIS2_PLACEMENT_3D('',#4462,#3575,#3576);
#3131=AXIS2_PLACEMENT_3D('',#4464,#3577,#3578);
#3132=AXIS2_PLACEMENT_3D('',#4466,#3580,#3581);
#3133=AXIS2_PLACEMENT_3D('',#4472,#3585,#3586);
#3134=AXIS2_PLACEMENT_3D('',#4473,#3587,#3588);
#3135=AXIS2_PLACEMENT_3D('',#4474,#3589,#3590);
#3136=AXIS2_PLACEMENT_3D('',#4475,#3591,#3592);
#3137=AXIS2_PLACEMENT_3D('',#4484,#3597,#3598);
#3138=AXIS2_PLACEMENT_3D('',#4486,#3599,#3600);
#3139=AXIS2_PLACEMENT_3D('',#4488,#3601,#3602);
#3140=AXIS2_PLACEMENT_3D('',#4490,#3604,#3605);
#3141=AXIS2_PLACEMENT_3D('',#4496,#3609,#3610);
#3142=AXIS2_PLACEMENT_3D('',#4498,#3611,#3612);
#3143=AXIS2_PLACEMENT_3D('',#4500,#3613,#3614);
#3144=AXIS2_PLACEMENT_3D('',#4502,#3616,#3617);
#3145=AXIS2_PLACEMENT_3D('',#4508,#3621,#3622);
#3146=AXIS2_PLACEMENT_3D('',#4510,#3623,#3624);
#3147=AXIS2_PLACEMENT_3D('',#4512,#3625,#3626);
#3148=AXIS2_PLACEMENT_3D('',#4514,#3628,#3629);
#3149=AXIS2_PLACEMENT_3D('',#4520,#3633,#3634);
#3150=AXIS2_PLACEMENT_3D('',#4521,#3635,#3636);
#3151=AXIS2_PLACEMENT_3D('',#4522,#3637,#3638);
#3152=AXIS2_PLACEMENT_3D('',#4523,#3639,#3640);
#3153=AXIS2_PLACEMENT_3D('',#4532,#3645,#3646);
#3154=AXIS2_PLACEMENT_3D('',#4534,#3647,#3648);
#3155=AXIS2_PLACEMENT_3D('',#4536,#3649,#3650);
#3156=AXIS2_PLACEMENT_3D('',#4538,#3652,#3653);
#3157=AXIS2_PLACEMENT_3D('',#4544,#3657,#3658);
#3158=AXIS2_PLACEMENT_3D('',#4546,#3659,#3660);
#3159=AXIS2_PLACEMENT_3D('',#4548,#3661,#3662);
#3160=AXIS2_PLACEMENT_3D('',#4550,#3664,#3665);
#3161=AXIS2_PLACEMENT_3D('',#4556,#3669,#3670);
#3162=AXIS2_PLACEMENT_3D('',#4558,#3671,#3672);
#3163=AXIS2_PLACEMENT_3D('',#4560,#3673,#3674);
#3164=AXIS2_PLACEMENT_3D('',#4562,#3676,#3677);
#3165=AXIS2_PLACEMENT_3D('',#4568,#3681,#3682);
#3166=AXIS2_PLACEMENT_3D('',#4569,#3683,#3684);
#3167=AXIS2_PLACEMENT_3D('',#4570,#3685,#3686);
#3168=AXIS2_PLACEMENT_3D('',#4571,#3687,#3688);
#3169=AXIS2_PLACEMENT_3D('',#4580,#3693,#3694);
#3170=AXIS2_PLACEMENT_3D('',#4582,#3695,#3696);
#3171=AXIS2_PLACEMENT_3D('',#4584,#3697,#3698);
#3172=AXIS2_PLACEMENT_3D('',#4586,#3700,#3701);
#3173=AXIS2_PLACEMENT_3D('',#4592,#3705,#3706);
#3174=AXIS2_PLACEMENT_3D('',#4594,#3707,#3708);
#3175=AXIS2_PLACEMENT_3D('',#4596,#3709,#3710);
#3176=AXIS2_PLACEMENT_3D('',#4598,#3712,#3713);
#3177=AXIS2_PLACEMENT_3D('',#4604,#3717,#3718);
#3178=AXIS2_PLACEMENT_3D('',#4606,#3719,#3720);
#3179=AXIS2_PLACEMENT_3D('',#4608,#3721,#3722);
#3180=AXIS2_PLACEMENT_3D('',#4610,#3724,#3725);
#3181=AXIS2_PLACEMENT_3D('',#4616,#3729,#3730);
#3182=AXIS2_PLACEMENT_3D('',#4617,#3731,#3732);
#3183=AXIS2_PLACEMENT_3D('',#4618,#3733,#3734);
#3184=AXIS2_PLACEMENT_3D('',#4619,#3735,#3736);
#3185=AXIS2_PLACEMENT_3D('',#4628,#3741,#3742);
#3186=AXIS2_PLACEMENT_3D('',#4630,#3743,#3744);
#3187=AXIS2_PLACEMENT_3D('',#4632,#3745,#3746);
#3188=AXIS2_PLACEMENT_3D('',#4634,#3748,#3749);
#3189=AXIS2_PLACEMENT_3D('',#4640,#3753,#3754);
#3190=AXIS2_PLACEMENT_3D('',#4642,#3755,#3756);
#3191=AXIS2_PLACEMENT_3D('',#4644,#3757,#3758);
#3192=AXIS2_PLACEMENT_3D('',#4646,#3760,#3761);
#3193=AXIS2_PLACEMENT_3D('',#4652,#3765,#3766);
#3194=AXIS2_PLACEMENT_3D('',#4654,#3767,#3768);
#3195=AXIS2_PLACEMENT_3D('',#4656,#3769,#3770);
#3196=AXIS2_PLACEMENT_3D('',#4658,#3772,#3773);
#3197=AXIS2_PLACEMENT_3D('',#4664,#3777,#3778);
#3198=AXIS2_PLACEMENT_3D('',#4665,#3779,#3780);
#3199=AXIS2_PLACEMENT_3D('',#4666,#3781,#3782);
#3200=AXIS2_PLACEMENT_3D('',#4667,#3783,#3784);
#3201=AXIS2_PLACEMENT_3D('',#4676,#3789,#3790);
#3202=AXIS2_PLACEMENT_3D('',#4678,#3791,#3792);
#3203=AXIS2_PLACEMENT_3D('',#4680,#3793,#3794);
#3204=AXIS2_PLACEMENT_3D('',#4682,#3796,#3797);
#3205=AXIS2_PLACEMENT_3D('',#4688,#3801,#3802);
#3206=AXIS2_PLACEMENT_3D('',#4690,#3803,#3804);
#3207=AXIS2_PLACEMENT_3D('',#4692,#3805,#3806);
#3208=AXIS2_PLACEMENT_3D('',#4694,#3808,#3809);
#3209=AXIS2_PLACEMENT_3D('',#4700,#3813,#3814);
#3210=AXIS2_PLACEMENT_3D('',#4702,#3815,#3816);
#3211=AXIS2_PLACEMENT_3D('',#4704,#3817,#3818);
#3212=AXIS2_PLACEMENT_3D('',#4706,#3820,#3821);
#3213=AXIS2_PLACEMENT_3D('',#4712,#3825,#3826);
#3214=AXIS2_PLACEMENT_3D('',#4713,#3827,#3828);
#3215=AXIS2_PLACEMENT_3D('',#4714,#3829,#3830);
#3216=AXIS2_PLACEMENT_3D('',#4715,#3831,#3832);
#3217=AXIS2_PLACEMENT_3D('',#4724,#3837,#3838);
#3218=AXIS2_PLACEMENT_3D('',#4726,#3839,#3840);
#3219=AXIS2_PLACEMENT_3D('',#4728,#3841,#3842);
#3220=AXIS2_PLACEMENT_3D('',#4730,#3844,#3845);
#3221=AXIS2_PLACEMENT_3D('',#4736,#3849,#3850);
#3222=AXIS2_PLACEMENT_3D('',#4738,#3851,#3852);
#3223=AXIS2_PLACEMENT_3D('',#4740,#3853,#3854);
#3224=AXIS2_PLACEMENT_3D('',#4742,#3856,#3857);
#3225=AXIS2_PLACEMENT_3D('',#4748,#3861,#3862);
#3226=AXIS2_PLACEMENT_3D('',#4750,#3863,#3864);
#3227=AXIS2_PLACEMENT_3D('',#4752,#3865,#3866);
#3228=AXIS2_PLACEMENT_3D('',#4754,#3868,#3869);
#3229=AXIS2_PLACEMENT_3D('',#4760,#3873,#3874);
#3230=AXIS2_PLACEMENT_3D('',#4761,#3875,#3876);
#3231=AXIS2_PLACEMENT_3D('',#4762,#3877,#3878);
#3232=AXIS2_PLACEMENT_3D('',#4763,#3879,#3880);
#3233=AXIS2_PLACEMENT_3D('',#4772,#3885,#3886);
#3234=AXIS2_PLACEMENT_3D('',#4778,#3890,#3891);
#3235=AXIS2_PLACEMENT_3D('',#4784,#3895,#3896);
#3236=AXIS2_PLACEMENT_3D('',#4790,#3900,#3901);
#3237=AXIS2_PLACEMENT_3D('',#4796,#3905,#3906);
#3238=AXIS2_PLACEMENT_3D('',#4799,#3909,#3910);
#3239=AXIS2_PLACEMENT_3D('',#4808,#3915,#3916);
#3240=AXIS2_PLACEMENT_3D('',#4810,#3917,#3918);
#3241=AXIS2_PLACEMENT_3D('',#4812,#3919,#3920);
#3242=AXIS2_PLACEMENT_3D('',#4814,#3922,#3923);
#3243=AXIS2_PLACEMENT_3D('',#4820,#3927,#3928);
#3244=AXIS2_PLACEMENT_3D('',#4822,#3929,#3930);
#3245=AXIS2_PLACEMENT_3D('',#4824,#3931,#3932);
#3246=AXIS2_PLACEMENT_3D('',#4826,#3934,#3935);
#3247=AXIS2_PLACEMENT_3D('',#4832,#3939,#3940);
#3248=AXIS2_PLACEMENT_3D('',#4834,#3941,#3942);
#3249=AXIS2_PLACEMENT_3D('',#4836,#3943,#3944);
#3250=AXIS2_PLACEMENT_3D('',#4838,#3946,#3947);
#3251=AXIS2_PLACEMENT_3D('',#4844,#3951,#3952);
#3252=AXIS2_PLACEMENT_3D('',#4845,#3953,#3954);
#3253=AXIS2_PLACEMENT_3D('',#4846,#3955,#3956);
#3254=AXIS2_PLACEMENT_3D('',#4847,#3957,#3958);
#3255=AXIS2_PLACEMENT_3D('',#4856,#3963,#3964);
#3256=AXIS2_PLACEMENT_3D('',#4858,#3965,#3966);
#3257=AXIS2_PLACEMENT_3D('',#4860,#3967,#3968);
#3258=AXIS2_PLACEMENT_3D('',#4862,#3970,#3971);
#3259=AXIS2_PLACEMENT_3D('',#4868,#3975,#3976);
#3260=AXIS2_PLACEMENT_3D('',#4870,#3977,#3978);
#3261=AXIS2_PLACEMENT_3D('',#4872,#3979,#3980);
#3262=AXIS2_PLACEMENT_3D('',#4874,#3982,#3983);
#3263=AXIS2_PLACEMENT_3D('',#4880,#3987,#3988);
#3264=AXIS2_PLACEMENT_3D('',#4882,#3989,#3990);
#3265=AXIS2_PLACEMENT_3D('',#4884,#3991,#3992);
#3266=AXIS2_PLACEMENT_3D('',#4886,#3994,#3995);
#3267=AXIS2_PLACEMENT_3D('',#4892,#3999,#4000);
#3268=AXIS2_PLACEMENT_3D('',#4893,#4001,#4002);
#3269=AXIS2_PLACEMENT_3D('',#4894,#4003,#4004);
#3270=AXIS2_PLACEMENT_3D('',#4895,#4005,#4006);
#3271=AXIS2_PLACEMENT_3D('',#4904,#4011,#4012);
#3272=AXIS2_PLACEMENT_3D('',#4906,#4013,#4014);
#3273=AXIS2_PLACEMENT_3D('',#4908,#4015,#4016);
#3274=AXIS2_PLACEMENT_3D('',#4910,#4018,#4019);
#3275=AXIS2_PLACEMENT_3D('',#4916,#4023,#4024);
#3276=AXIS2_PLACEMENT_3D('',#4918,#4025,#4026);
#3277=AXIS2_PLACEMENT_3D('',#4920,#4027,#4028);
#3278=AXIS2_PLACEMENT_3D('',#4922,#4030,#4031);
#3279=AXIS2_PLACEMENT_3D('',#4928,#4035,#4036);
#3280=AXIS2_PLACEMENT_3D('',#4930,#4037,#4038);
#3281=AXIS2_PLACEMENT_3D('',#4932,#4039,#4040);
#3282=AXIS2_PLACEMENT_3D('',#4934,#4042,#4043);
#3283=AXIS2_PLACEMENT_3D('',#4940,#4047,#4048);
#3284=AXIS2_PLACEMENT_3D('',#4941,#4049,#4050);
#3285=AXIS2_PLACEMENT_3D('',#4942,#4051,#4052);
#3286=AXIS2_PLACEMENT_3D('',#4943,#4053,#4054);
#3287=AXIS2_PLACEMENT_3D('',#4945,#4055,#4056);
#3288=AXIS2_PLACEMENT_3D('',#4948,#4058,#4059);
#3289=AXIS2_PLACEMENT_3D('',#4949,#4060,#4061);
#3290=AXIS2_PLACEMENT_3D('',#4951,#4062,#4063);
#3291=AXIS2_PLACEMENT_3D('',#4954,#4065,#4066);
#3292=AXIS2_PLACEMENT_3D('',#4955,#4067,#4068);
#3293=AXIS2_PLACEMENT_3D('',#4964,#4073,#4074);
#3294=AXIS2_PLACEMENT_3D('',#4966,#4075,#4076);
#3295=AXIS2_PLACEMENT_3D('',#4968,#4077,#4078);
#3296=AXIS2_PLACEMENT_3D('',#4970,#4080,#4081);
#3297=AXIS2_PLACEMENT_3D('',#4976,#4085,#4086);
#3298=AXIS2_PLACEMENT_3D('',#4978,#4087,#4088);
#3299=AXIS2_PLACEMENT_3D('',#4980,#4089,#4090);
#3300=AXIS2_PLACEMENT_3D('',#4982,#4092,#4093);
#3301=AXIS2_PLACEMENT_3D('',#4988,#4097,#4098);
#3302=AXIS2_PLACEMENT_3D('',#4990,#4099,#4100);
#3303=AXIS2_PLACEMENT_3D('',#4992,#4101,#4102);
#3304=AXIS2_PLACEMENT_3D('',#4994,#4104,#4105);
#3305=AXIS2_PLACEMENT_3D('',#5000,#4109,#4110);
#3306=AXIS2_PLACEMENT_3D('',#5001,#4111,#4112);
#3307=AXIS2_PLACEMENT_3D('',#5002,#4113,#4114);
#3308=AXIS2_PLACEMENT_3D('',#5003,#4115,#4116);
#3309=AXIS2_PLACEMENT_3D('',#5012,#4121,#4122);
#3310=AXIS2_PLACEMENT_3D('',#5014,#4123,#4124);
#3311=AXIS2_PLACEMENT_3D('',#5016,#4125,#4126);
#3312=AXIS2_PLACEMENT_3D('',#5018,#4128,#4129);
#3313=AXIS2_PLACEMENT_3D('',#5024,#4133,#4134);
#3314=AXIS2_PLACEMENT_3D('',#5026,#4135,#4136);
#3315=AXIS2_PLACEMENT_3D('',#5028,#4137,#4138);
#3316=AXIS2_PLACEMENT_3D('',#5030,#4140,#4141);
#3317=AXIS2_PLACEMENT_3D('',#5036,#4145,#4146);
#3318=AXIS2_PLACEMENT_3D('',#5038,#4147,#4148);
#3319=AXIS2_PLACEMENT_3D('',#5040,#4149,#4150);
#3320=AXIS2_PLACEMENT_3D('',#5042,#4152,#4153);
#3321=AXIS2_PLACEMENT_3D('',#5048,#4157,#4158);
#3322=AXIS2_PLACEMENT_3D('',#5049,#4159,#4160);
#3323=AXIS2_PLACEMENT_3D('',#5050,#4161,#4162);
#3324=AXIS2_PLACEMENT_3D('',#5051,#4163,#4164);
#3325=AXIS2_PLACEMENT_3D('',#5060,#4169,#4170);
#3326=AXIS2_PLACEMENT_3D('',#5062,#4171,#4172);
#3327=AXIS2_PLACEMENT_3D('',#5064,#4173,#4174);
#3328=AXIS2_PLACEMENT_3D('',#5066,#4176,#4177);
#3329=AXIS2_PLACEMENT_3D('',#5072,#4181,#4182);
#3330=AXIS2_PLACEMENT_3D('',#5074,#4183,#4184);
#3331=AXIS2_PLACEMENT_3D('',#5076,#4185,#4186);
#3332=AXIS2_PLACEMENT_3D('',#5078,#4188,#4189);
#3333=AXIS2_PLACEMENT_3D('',#5080,#4190,#4191);
#3334=AXIS2_PLACEMENT_3D('',#5082,#4192,#4193);
#3335=AXIS2_PLACEMENT_3D('',#5084,#4195,#4196);
#3336=AXIS2_PLACEMENT_3D('',#5090,#4200,#4201);
#3337=AXIS2_PLACEMENT_3D('',#5092,#4202,#4203);
#3338=AXIS2_PLACEMENT_3D('',#5094,#4204,#4205);
#3339=AXIS2_PLACEMENT_3D('',#5096,#4207,#4208);
#3340=AXIS2_PLACEMENT_3D('',#5102,#4212,#4213);
#3341=AXIS2_PLACEMENT_3D('',#5104,#4214,#4215);
#3342=AXIS2_PLACEMENT_3D('',#5106,#4216,#4217);
#3343=AXIS2_PLACEMENT_3D('',#5108,#4219,#4220);
#3344=AXIS2_PLACEMENT_3D('',#5114,#4224,#4225);
#3345=AXIS2_PLACEMENT_3D('',#5115,#4226,#4227);
#3346=AXIS2_PLACEMENT_3D('',#5116,#4228,#4229);
#3347=AXIS2_PLACEMENT_3D('',#5117,#4230,#4231);
#3348=AXIS2_PLACEMENT_3D('',#5118,#4232,#4233);
#3349=DIRECTION('axis',(0.,0.,1.));
#3350=DIRECTION('refdir',(1.,0.,0.));
#3351=DIRECTION('center_axis',(-1.,0.,0.));
#3352=DIRECTION('ref_axis',(0.,-1.,0.));
#3353=DIRECTION('',(0.,-1.,0.));
#3354=DIRECTION('',(0.,0.,1.));
#3355=DIRECTION('',(0.,-1.,0.));
#3356=DIRECTION('',(0.,0.,1.));
#3357=DIRECTION('center_axis',(0.,0.,1.));
#3358=DIRECTION('ref_axis',(1.,0.,0.));
#3359=DIRECTION('center_axis',(0.,0.,-1.));
#3360=DIRECTION('ref_axis',(1.,0.,0.));
#3361=DIRECTION('center_axis',(0.,0.,-1.));
#3362=DIRECTION('ref_axis',(1.,0.,0.));
#3363=DIRECTION('',(0.,0.,1.));
#3364=DIRECTION('center_axis',(0.,-1.,0.));
#3365=DIRECTION('ref_axis',(1.,0.,0.));
#3366=DIRECTION('',(1.,0.,0.));
#3367=DIRECTION('',(1.,0.,0.));
#3368=DIRECTION('',(0.,0.,1.));
#3369=DIRECTION('center_axis',(0.,0.,1.));
#3370=DIRECTION('ref_axis',(0.,1.,0.));
#3371=DIRECTION('center_axis',(0.,0.,-1.));
#3372=DIRECTION('ref_axis',(0.,1.,0.));
#3373=DIRECTION('center_axis',(0.,0.,-1.));
#3374=DIRECTION('ref_axis',(0.,1.,0.));
#3375=DIRECTION('',(0.,0.,1.));
#3376=DIRECTION('center_axis',(1.,0.,0.));
#3377=DIRECTION('ref_axis',(0.,1.,0.));
#3378=DIRECTION('',(0.,1.,0.));
#3379=DIRECTION('',(0.,1.,0.));
#3380=DIRECTION('',(0.,0.,1.));
#3381=DIRECTION('center_axis',(0.,0.,1.));
#3382=DIRECTION('ref_axis',(-1.,0.,0.));
#3383=DIRECTION('center_axis',(0.,0.,-1.));
#3384=DIRECTION('ref_axis',(-1.,0.,0.));
#3385=DIRECTION('center_axis',(0.,0.,-1.));
#3386=DIRECTION('ref_axis',(-1.,0.,0.));
#3387=DIRECTION('',(0.,0.,1.));
#3388=DIRECTION('center_axis',(0.,1.,0.));
#3389=DIRECTION('ref_axis',(-1.,0.,0.));
#3390=DIRECTION('',(-1.,0.,0.));
#3391=DIRECTION('',(-1.,0.,0.));
#3392=DIRECTION('',(0.,0.,1.));
#3393=DIRECTION('center_axis',(0.,0.,1.));
#3394=DIRECTION('ref_axis',(0.,-1.,0.));
#3395=DIRECTION('center_axis',(0.,0.,-1.));
#3396=DIRECTION('ref_axis',(0.,-1.,0.));
#3397=DIRECTION('center_axis',(0.,0.,-1.));
#3398=DIRECTION('ref_axis',(0.,-1.,0.));
#3399=DIRECTION('center_axis',(-1.,0.,0.));
#3400=DIRECTION('ref_axis',(0.,-1.,0.));
#3401=DIRECTION('',(0.,-1.,0.));
#3402=DIRECTION('',(0.,0.,1.));
#3403=DIRECTION('',(0.,-1.,0.));
#3404=DIRECTION('',(0.,0.,1.));
#3405=DIRECTION('center_axis',(0.,0.,1.));
#3406=DIRECTION('ref_axis',(1.,0.,0.));
#3407=DIRECTION('center_axis',(0.,0.,-1.));
#3408=DIRECTION('ref_axis',(1.,0.,0.));
#3409=DIRECTION('center_axis',(0.,0.,-1.));
#3410=DIRECTION('ref_axis',(1.,0.,0.));
#3411=DIRECTION('',(0.,0.,1.));
#3412=DIRECTION('center_axis',(0.,-1.,0.));
#3413=DIRECTION('ref_axis',(1.,0.,0.));
#3414=DIRECTION('',(1.,0.,0.));
#3415=DIRECTION('',(1.,0.,0.));
#3416=DIRECTION('',(0.,0.,1.));
#3417=DIRECTION('center_axis',(0.,0.,1.));
#3418=DIRECTION('ref_axis',(-4.44089209850064E-15,1.,0.));
#3419=DIRECTION('center_axis',(0.,0.,-1.));
#3420=DIRECTION('ref_axis',(-4.44089209850064E-15,1.,0.));
#3421=DIRECTION('center_axis',(0.,0.,-1.));
#3422=DIRECTION('ref_axis',(-4.44089209850064E-15,1.,0.));
#3423=DIRECTION('',(0.,0.,1.));
#3424=DIRECTION('center_axis',(1.,0.,0.));
#3425=DIRECTION('ref_axis',(0.,1.,0.));
#3426=DIRECTION('',(0.,1.,0.));
#3427=DIRECTION('',(0.,1.,0.));
#3428=DIRECTION('',(0.,0.,1.));
#3429=DIRECTION('center_axis',(0.,0.,1.));
#3430=DIRECTION('ref_axis',(-1.,0.,0.));
#3431=DIRECTION('center_axis',(0.,0.,-1.));
#3432=DIRECTION('ref_axis',(-1.,0.,0.));
#3433=DIRECTION('center_axis',(0.,0.,-1.));
#3434=DIRECTION('ref_axis',(-1.,0.,0.));
#3435=DIRECTION('',(0.,0.,1.));
#3436=DIRECTION('center_axis',(0.,1.,0.));
#3437=DIRECTION('ref_axis',(-1.,0.,0.));
#3438=DIRECTION('',(-1.,0.,0.));
#3439=DIRECTION('',(-1.,0.,0.));
#3440=DIRECTION('',(0.,0.,1.));
#3441=DIRECTION('center_axis',(0.,0.,1.));
#3442=DIRECTION('ref_axis',(0.,-1.,0.));
#3443=DIRECTION('center_axis',(0.,0.,-1.));
#3444=DIRECTION('ref_axis',(0.,-1.,0.));
#3445=DIRECTION('center_axis',(0.,0.,-1.));
#3446=DIRECTION('ref_axis',(0.,-1.,0.));
#3447=DIRECTION('center_axis',(-1.,0.,0.));
#3448=DIRECTION('ref_axis',(0.,-1.,0.));
#3449=DIRECTION('',(0.,-1.,0.));
#3450=DIRECTION('',(0.,0.,1.));
#3451=DIRECTION('',(0.,-1.,0.));
#3452=DIRECTION('',(0.,0.,1.));
#3453=DIRECTION('center_axis',(0.,0.,1.));
#3454=DIRECTION('ref_axis',(1.,0.,0.));
#3455=DIRECTION('center_axis',(0.,0.,-1.));
#3456=DIRECTION('ref_axis',(1.,0.,0.));
#3457=DIRECTION('center_axis',(0.,0.,-1.));
#3458=DIRECTION('ref_axis',(1.,0.,0.));
#3459=DIRECTION('',(0.,0.,1.));
#3460=DIRECTION('center_axis',(0.,-1.,0.));
#3461=DIRECTION('ref_axis',(1.,0.,0.));
#3462=DIRECTION('',(1.,0.,0.));
#3463=DIRECTION('',(1.,0.,0.));
#3464=DIRECTION('',(0.,0.,1.));
#3465=DIRECTION('center_axis',(0.,0.,1.));
#3466=DIRECTION('ref_axis',(0.,1.,0.));
#3467=DIRECTION('center_axis',(0.,0.,-1.));
#3468=DIRECTION('ref_axis',(0.,1.,0.));
#3469=DIRECTION('center_axis',(0.,0.,-1.));
#3470=DIRECTION('ref_axis',(0.,1.,0.));
#3471=DIRECTION('',(0.,0.,1.));
#3472=DIRECTION('center_axis',(1.,0.,0.));
#3473=DIRECTION('ref_axis',(0.,1.,0.));
#3474=DIRECTION('',(0.,1.,0.));
#3475=DIRECTION('',(0.,1.,0.));
#3476=DIRECTION('',(0.,0.,1.));
#3477=DIRECTION('center_axis',(0.,0.,1.));
#3478=DIRECTION('ref_axis',(-1.,0.,0.));
#3479=DIRECTION('center_axis',(0.,0.,-1.));
#3480=DIRECTION('ref_axis',(-1.,0.,0.));
#3481=DIRECTION('center_axis',(0.,0.,-1.));
#3482=DIRECTION('ref_axis',(-1.,0.,0.));
#3483=DIRECTION('',(0.,0.,1.));
#3484=DIRECTION('center_axis',(0.,1.,0.));
#3485=DIRECTION('ref_axis',(-1.,0.,0.));
#3486=DIRECTION('',(-1.,0.,0.));
#3487=DIRECTION('',(-1.,0.,0.));
#3488=DIRECTION('',(0.,0.,1.));
#3489=DIRECTION('center_axis',(0.,0.,1.));
#3490=DIRECTION('ref_axis',(0.,-1.,0.));
#3491=DIRECTION('center_axis',(0.,0.,-1.));
#3492=DIRECTION('ref_axis',(0.,-1.,0.));
#3493=DIRECTION('center_axis',(0.,0.,-1.));
#3494=DIRECTION('ref_axis',(0.,-1.,0.));
#3495=DIRECTION('center_axis',(-1.,0.,0.));
#3496=DIRECTION('ref_axis',(0.,-1.,0.));
#3497=DIRECTION('',(0.,-1.,0.));
#3498=DIRECTION('',(0.,0.,1.));
#3499=DIRECTION('',(0.,-1.,0.));
#3500=DIRECTION('',(0.,0.,1.));
#3501=DIRECTION('center_axis',(0.,0.,1.));
#3502=DIRECTION('ref_axis',(1.,0.,0.));
#3503=DIRECTION('center_axis',(0.,0.,-1.));
#3504=DIRECTION('ref_axis',(1.,0.,0.));
#3505=DIRECTION('center_axis',(0.,0.,-1.));
#3506=DIRECTION('ref_axis',(1.,0.,0.));
#3507=DIRECTION('',(0.,0.,1.));
#3508=DIRECTION('center_axis',(0.,-1.,0.));
#3509=DIRECTION('ref_axis',(1.,0.,0.));
#3510=DIRECTION('',(1.,0.,0.));
#3511=DIRECTION('',(1.,0.,0.));
#3512=DIRECTION('',(0.,0.,1.));
#3513=DIRECTION('center_axis',(0.,0.,1.));
#3514=DIRECTION('ref_axis',(-4.44089209850064E-15,1.,0.));
#3515=DIRECTION('center_axis',(0.,0.,-1.));
#3516=DIRECTION('ref_axis',(-4.44089209850064E-15,1.,0.));
#3517=DIRECTION('center_axis',(0.,0.,-1.));
#3518=DIRECTION('ref_axis',(-4.44089209850064E-15,1.,0.));
#3519=DIRECTION('',(0.,0.,1.));
#3520=DIRECTION('center_axis',(1.,0.,0.));
#3521=DIRECTION('ref_axis',(0.,1.,0.));
#3522=DIRECTION('',(0.,1.,0.));
#3523=DIRECTION('',(0.,1.,0.));
#3524=DIRECTION('',(0.,0.,1.));
#3525=DIRECTION('center_axis',(0.,0.,1.));
#3526=DIRECTION('ref_axis',(-1.,0.,0.));
#3527=DIRECTION('center_axis',(0.,0.,-1.));
#3528=DIRECTION('ref_axis',(-1.,0.,0.));
#3529=DIRECTION('center_axis',(0.,0.,-1.));
#3530=DIRECTION('ref_axis',(-1.,0.,0.));
#3531=DIRECTION('',(0.,0.,1.));
#3532=DIRECTION('center_axis',(0.,1.,0.));
#3533=DIRECTION('ref_axis',(-1.,0.,0.));
#3534=DIRECTION('',(-1.,0.,0.));
#3535=DIRECTION('',(-1.,0.,0.));
#3536=DIRECTION('',(0.,0.,1.));
#3537=DIRECTION('center_axis',(0.,0.,1.));
#3538=DIRECTION('ref_axis',(0.,-1.,0.));
#3539=DIRECTION('center_axis',(0.,0.,-1.));
#3540=DIRECTION('ref_axis',(0.,-1.,0.));
#3541=DIRECTION('center_axis',(0.,0.,-1.));
#3542=DIRECTION('ref_axis',(0.,-1.,0.));
#3543=DIRECTION('center_axis',(-1.,0.,0.));
#3544=DIRECTION('ref_axis',(0.,-1.,0.));
#3545=DIRECTION('',(0.,-1.,0.));
#3546=DIRECTION('',(0.,0.,1.));
#3547=DIRECTION('',(0.,-1.,0.));
#3548=DIRECTION('',(0.,0.,1.));
#3549=DIRECTION('center_axis',(0.,0.,1.));
#3550=DIRECTION('ref_axis',(1.,0.,0.));
#3551=DIRECTION('center_axis',(0.,0.,-1.));
#3552=DIRECTION('ref_axis',(1.,0.,0.));
#3553=DIRECTION('center_axis',(0.,0.,-1.));
#3554=DIRECTION('ref_axis',(1.,0.,0.));
#3555=DIRECTION('',(0.,0.,1.));
#3556=DIRECTION('center_axis',(0.,-1.,0.));
#3557=DIRECTION('ref_axis',(1.,0.,0.));
#3558=DIRECTION('',(1.,0.,0.));
#3559=DIRECTION('',(1.,0.,0.));
#3560=DIRECTION('',(0.,0.,1.));
#3561=DIRECTION('center_axis',(0.,0.,1.));
#3562=DIRECTION('ref_axis',(0.,1.,0.));
#3563=DIRECTION('center_axis',(0.,0.,-1.));
#3564=DIRECTION('ref_axis',(0.,1.,0.));
#3565=DIRECTION('center_axis',(0.,0.,-1.));
#3566=DIRECTION('ref_axis',(0.,1.,0.));
#3567=DIRECTION('',(0.,0.,1.));
#3568=DIRECTION('center_axis',(1.,0.,0.));
#3569=DIRECTION('ref_axis',(0.,1.,0.));
#3570=DIRECTION('',(0.,1.,0.));
#3571=DIRECTION('',(0.,1.,0.));
#3572=DIRECTION('',(0.,0.,1.));
#3573=DIRECTION('center_axis',(0.,0.,1.));
#3574=DIRECTION('ref_axis',(-1.,0.,0.));
#3575=DIRECTION('center_axis',(0.,0.,-1.));
#3576=DIRECTION('ref_axis',(-1.,0.,0.));
#3577=DIRECTION('center_axis',(0.,0.,-1.));
#3578=DIRECTION('ref_axis',(-1.,0.,0.));
#3579=DIRECTION('',(0.,0.,1.));
#3580=DIRECTION('center_axis',(0.,1.,0.));
#3581=DIRECTION('ref_axis',(-1.,0.,0.));
#3582=DIRECTION('',(-1.,0.,0.));
#3583=DIRECTION('',(-1.,0.,0.));
#3584=DIRECTION('',(0.,0.,1.));
#3585=DIRECTION('center_axis',(0.,0.,1.));
#3586=DIRECTION('ref_axis',(0.,-1.,0.));
#3587=DIRECTION('center_axis',(0.,0.,-1.));
#3588=DIRECTION('ref_axis',(0.,-1.,0.));
#3589=DIRECTION('center_axis',(0.,0.,-1.));
#3590=DIRECTION('ref_axis',(0.,-1.,0.));
#3591=DIRECTION('center_axis',(-1.,0.,0.));
#3592=DIRECTION('ref_axis',(0.,-1.,0.));
#3593=DIRECTION('',(0.,-1.,0.));
#3594=DIRECTION('',(0.,0.,1.));
#3595=DIRECTION('',(0.,-1.,0.));
#3596=DIRECTION('',(0.,0.,1.));
#3597=DIRECTION('center_axis',(0.,0.,1.));
#3598=DIRECTION('ref_axis',(1.,0.,0.));
#3599=DIRECTION('center_axis',(0.,0.,-1.));
#3600=DIRECTION('ref_axis',(1.,0.,0.));
#3601=DIRECTION('center_axis',(0.,0.,-1.));
#3602=DIRECTION('ref_axis',(1.,0.,0.));
#3603=DIRECTION('',(0.,0.,1.));
#3604=DIRECTION('center_axis',(0.,-1.,0.));
#3605=DIRECTION('ref_axis',(1.,0.,0.));
#3606=DIRECTION('',(1.,0.,0.));
#3607=DIRECTION('',(1.,0.,0.));
#3608=DIRECTION('',(0.,0.,1.));
#3609=DIRECTION('center_axis',(0.,0.,1.));
#3610=DIRECTION('ref_axis',(0.,1.,0.));
#3611=DIRECTION('center_axis',(0.,0.,-1.));
#3612=DIRECTION('ref_axis',(0.,1.,0.));
#3613=DIRECTION('center_axis',(0.,0.,-1.));
#3614=DIRECTION('ref_axis',(0.,1.,0.));
#3615=DIRECTION('',(0.,0.,1.));
#3616=DIRECTION('center_axis',(1.,0.,0.));
#3617=DIRECTION('ref_axis',(0.,1.,0.));
#3618=DIRECTION('',(0.,1.,0.));
#3619=DIRECTION('',(0.,1.,0.));
#3620=DIRECTION('',(0.,0.,1.));
#3621=DIRECTION('center_axis',(0.,0.,1.));
#3622=DIRECTION('ref_axis',(-1.,0.,0.));
#3623=DIRECTION('center_axis',(0.,0.,-1.));
#3624=DIRECTION('ref_axis',(-1.,0.,0.));
#3625=DIRECTION('center_axis',(0.,0.,-1.));
#3626=DIRECTION('ref_axis',(-1.,0.,0.));
#3627=DIRECTION('',(0.,0.,1.));
#3628=DIRECTION('center_axis',(0.,1.,0.));
#3629=DIRECTION('ref_axis',(-1.,0.,0.));
#3630=DIRECTION('',(-1.,0.,0.));
#3631=DIRECTION('',(-1.,0.,0.));
#3632=DIRECTION('',(0.,0.,1.));
#3633=DIRECTION('center_axis',(0.,0.,1.));
#3634=DIRECTION('ref_axis',(0.,-1.,0.));
#3635=DIRECTION('center_axis',(0.,0.,-1.));
#3636=DIRECTION('ref_axis',(0.,-1.,0.));
#3637=DIRECTION('center_axis',(0.,0.,-1.));
#3638=DIRECTION('ref_axis',(0.,-1.,0.));
#3639=DIRECTION('center_axis',(-1.,0.,0.));
#3640=DIRECTION('ref_axis',(0.,-1.,0.));
#3641=DIRECTION('',(0.,-1.,0.));
#3642=DIRECTION('',(0.,0.,1.));
#3643=DIRECTION('',(0.,-1.,0.));
#3644=DIRECTION('',(0.,0.,1.));
#3645=DIRECTION('center_axis',(0.,0.,1.));
#3646=DIRECTION('ref_axis',(1.,0.,0.));
#3647=DIRECTION('center_axis',(0.,0.,-1.));
#3648=DIRECTION('ref_axis',(1.,0.,0.));
#3649=DIRECTION('center_axis',(0.,0.,-1.));
#3650=DIRECTION('ref_axis',(1.,0.,0.));
#3651=DIRECTION('',(0.,0.,1.));
#3652=DIRECTION('center_axis',(0.,-1.,0.));
#3653=DIRECTION('ref_axis',(1.,0.,0.));
#3654=DIRECTION('',(1.,0.,0.));
#3655=DIRECTION('',(1.,0.,0.));
#3656=DIRECTION('',(0.,0.,1.));
#3657=DIRECTION('center_axis',(0.,0.,1.));
#3658=DIRECTION('ref_axis',(-4.4408920985006E-15,1.,0.));
#3659=DIRECTION('center_axis',(0.,0.,-1.));
#3660=DIRECTION('ref_axis',(-4.4408920985006E-15,1.,0.));
#3661=DIRECTION('center_axis',(0.,0.,-1.));
#3662=DIRECTION('ref_axis',(-4.4408920985006E-15,1.,0.));
#3663=DIRECTION('',(0.,0.,1.));
#3664=DIRECTION('center_axis',(1.,0.,0.));
#3665=DIRECTION('ref_axis',(0.,1.,0.));
#3666=DIRECTION('',(0.,1.,0.));
#3667=DIRECTION('',(0.,1.,0.));
#3668=DIRECTION('',(0.,0.,1.));
#3669=DIRECTION('center_axis',(0.,0.,1.));
#3670=DIRECTION('ref_axis',(-1.,0.,0.));
#3671=DIRECTION('center_axis',(0.,0.,-1.));
#3672=DIRECTION('ref_axis',(-1.,0.,0.));
#3673=DIRECTION('center_axis',(0.,0.,-1.));
#3674=DIRECTION('ref_axis',(-1.,0.,0.));
#3675=DIRECTION('',(0.,0.,1.));
#3676=DIRECTION('center_axis',(0.,1.,0.));
#3677=DIRECTION('ref_axis',(-1.,0.,0.));
#3678=DIRECTION('',(-1.,0.,0.));
#3679=DIRECTION('',(-1.,0.,0.));
#3680=DIRECTION('',(0.,0.,1.));
#3681=DIRECTION('center_axis',(0.,0.,1.));
#3682=DIRECTION('ref_axis',(0.,-1.,0.));
#3683=DIRECTION('center_axis',(0.,0.,-1.));
#3684=DIRECTION('ref_axis',(0.,-1.,0.));
#3685=DIRECTION('center_axis',(0.,0.,-1.));
#3686=DIRECTION('ref_axis',(0.,-1.,0.));
#3687=DIRECTION('center_axis',(-1.,0.,0.));
#3688=DIRECTION('ref_axis',(0.,-1.,0.));
#3689=DIRECTION('',(0.,-1.,0.));
#3690=DIRECTION('',(0.,0.,1.));
#3691=DIRECTION('',(0.,-1.,0.));
#3692=DIRECTION('',(0.,0.,1.));
#3693=DIRECTION('center_axis',(0.,0.,1.));
#3694=DIRECTION('ref_axis',(1.,0.,0.));
#3695=DIRECTION('center_axis',(0.,0.,-1.));
#3696=DIRECTION('ref_axis',(1.,0.,0.));
#3697=DIRECTION('center_axis',(0.,0.,-1.));
#3698=DIRECTION('ref_axis',(1.,0.,0.));
#3699=DIRECTION('',(0.,0.,1.));
#3700=DIRECTION('center_axis',(0.,-1.,0.));
#3701=DIRECTION('ref_axis',(1.,0.,0.));
#3702=DIRECTION('',(1.,0.,0.));
#3703=DIRECTION('',(1.,0.,0.));
#3704=DIRECTION('',(0.,0.,1.));
#3705=DIRECTION('center_axis',(0.,0.,1.));
#3706=DIRECTION('ref_axis',(0.,1.,0.));
#3707=DIRECTION('center_axis',(0.,0.,-1.));
#3708=DIRECTION('ref_axis',(0.,1.,0.));
#3709=DIRECTION('center_axis',(0.,0.,-1.));
#3710=DIRECTION('ref_axis',(0.,1.,0.));
#3711=DIRECTION('',(0.,0.,1.));
#3712=DIRECTION('center_axis',(1.,0.,0.));
#3713=DIRECTION('ref_axis',(0.,1.,0.));
#3714=DIRECTION('',(0.,1.,0.));
#3715=DIRECTION('',(0.,1.,0.));
#3716=DIRECTION('',(0.,0.,1.));
#3717=DIRECTION('center_axis',(0.,0.,1.));
#3718=DIRECTION('ref_axis',(-1.,0.,0.));
#3719=DIRECTION('center_axis',(0.,0.,-1.));
#3720=DIRECTION('ref_axis',(-1.,0.,0.));
#3721=DIRECTION('center_axis',(0.,0.,-1.));
#3722=DIRECTION('ref_axis',(-1.,0.,0.));
#3723=DIRECTION('',(0.,0.,1.));
#3724=DIRECTION('center_axis',(0.,1.,0.));
#3725=DIRECTION('ref_axis',(-1.,0.,0.));
#3726=DIRECTION('',(-1.,0.,0.));
#3727=DIRECTION('',(-1.,0.,0.));
#3728=DIRECTION('',(0.,0.,1.));
#3729=DIRECTION('center_axis',(0.,0.,1.));
#3730=DIRECTION('ref_axis',(0.,-1.,0.));
#3731=DIRECTION('center_axis',(0.,0.,-1.));
#3732=DIRECTION('ref_axis',(0.,-1.,0.));
#3733=DIRECTION('center_axis',(0.,0.,-1.));
#3734=DIRECTION('ref_axis',(0.,-1.,0.));
#3735=DIRECTION('center_axis',(-1.,0.,0.));
#3736=DIRECTION('ref_axis',(0.,-1.,0.));
#3737=DIRECTION('',(0.,-1.,0.));
#3738=DIRECTION('',(0.,0.,1.));
#3739=DIRECTION('',(0.,-1.,0.));
#3740=DIRECTION('',(0.,0.,1.));
#3741=DIRECTION('center_axis',(0.,0.,1.));
#3742=DIRECTION('ref_axis',(1.,0.,0.));
#3743=DIRECTION('center_axis',(0.,0.,-1.));
#3744=DIRECTION('ref_axis',(1.,0.,0.));
#3745=DIRECTION('center_axis',(0.,0.,-1.));
#3746=DIRECTION('ref_axis',(1.,0.,0.));
#3747=DIRECTION('',(0.,0.,1.));
#3748=DIRECTION('center_axis',(0.,-1.,0.));
#3749=DIRECTION('ref_axis',(1.,0.,0.));
#3750=DIRECTION('',(1.,0.,0.));
#3751=DIRECTION('',(1.,0.,0.));
#3752=DIRECTION('',(0.,0.,1.));
#3753=DIRECTION('center_axis',(0.,0.,1.));
#3754=DIRECTION('ref_axis',(0.,1.,0.));
#3755=DIRECTION('center_axis',(0.,0.,-1.));
#3756=DIRECTION('ref_axis',(0.,1.,0.));
#3757=DIRECTION('center_axis',(0.,0.,-1.));
#3758=DIRECTION('ref_axis',(0.,1.,0.));
#3759=DIRECTION('',(0.,0.,1.));
#3760=DIRECTION('center_axis',(1.,0.,0.));
#3761=DIRECTION('ref_axis',(0.,1.,0.));
#3762=DIRECTION('',(0.,1.,0.));
#3763=DIRECTION('',(0.,1.,0.));
#3764=DIRECTION('',(0.,0.,1.));
#3765=DIRECTION('center_axis',(0.,0.,1.));
#3766=DIRECTION('ref_axis',(-1.,0.,0.));
#3767=DIRECTION('center_axis',(0.,0.,-1.));
#3768=DIRECTION('ref_axis',(-1.,0.,0.));
#3769=DIRECTION('center_axis',(0.,0.,-1.));
#3770=DIRECTION('ref_axis',(-1.,0.,0.));
#3771=DIRECTION('',(0.,0.,1.));
#3772=DIRECTION('center_axis',(0.,1.,0.));
#3773=DIRECTION('ref_axis',(-1.,0.,0.));
#3774=DIRECTION('',(-1.,0.,0.));
#3775=DIRECTION('',(-1.,0.,0.));
#3776=DIRECTION('',(0.,0.,1.));
#3777=DIRECTION('center_axis',(0.,0.,1.));
#3778=DIRECTION('ref_axis',(0.,-1.,0.));
#3779=DIRECTION('center_axis',(0.,0.,-1.));
#3780=DIRECTION('ref_axis',(0.,-1.,0.));
#3781=DIRECTION('center_axis',(0.,0.,-1.));
#3782=DIRECTION('ref_axis',(0.,-1.,0.));
#3783=DIRECTION('center_axis',(-1.,0.,0.));
#3784=DIRECTION('ref_axis',(0.,-1.,0.));
#3785=DIRECTION('',(0.,-1.,0.));
#3786=DIRECTION('',(0.,0.,1.));
#3787=DIRECTION('',(0.,-1.,0.));
#3788=DIRECTION('',(0.,0.,1.));
#3789=DIRECTION('center_axis',(0.,0.,1.));
#3790=DIRECTION('ref_axis',(1.,0.,0.));
#3791=DIRECTION('center_axis',(0.,0.,-1.));
#3792=DIRECTION('ref_axis',(1.,0.,0.));
#3793=DIRECTION('center_axis',(0.,0.,-1.));
#3794=DIRECTION('ref_axis',(1.,0.,0.));
#3795=DIRECTION('',(0.,0.,1.));
#3796=DIRECTION('center_axis',(0.,-1.,0.));
#3797=DIRECTION('ref_axis',(1.,0.,0.));
#3798=DIRECTION('',(1.,0.,0.));
#3799=DIRECTION('',(1.,0.,0.));
#3800=DIRECTION('',(0.,0.,1.));
#3801=DIRECTION('center_axis',(0.,0.,1.));
#3802=DIRECTION('ref_axis',(0.,1.,0.));
#3803=DIRECTION('center_axis',(0.,0.,-1.));
#3804=DIRECTION('ref_axis',(0.,1.,0.));
#3805=DIRECTION('center_axis',(0.,0.,-1.));
#3806=DIRECTION('ref_axis',(0.,1.,0.));
#3807=DIRECTION('',(0.,0.,1.));
#3808=DIRECTION('center_axis',(1.,0.,0.));
#3809=DIRECTION('ref_axis',(0.,1.,0.));
#3810=DIRECTION('',(0.,1.,0.));
#3811=DIRECTION('',(0.,1.,0.));
#3812=DIRECTION('',(0.,0.,1.));
#3813=DIRECTION('center_axis',(0.,0.,1.));
#3814=DIRECTION('ref_axis',(-1.,0.,0.));
#3815=DIRECTION('center_axis',(0.,0.,-1.));
#3816=DIRECTION('ref_axis',(-1.,0.,0.));
#3817=DIRECTION('center_axis',(0.,0.,-1.));
#3818=DIRECTION('ref_axis',(-1.,0.,0.));
#3819=DIRECTION('',(0.,0.,1.));
#3820=DIRECTION('center_axis',(0.,1.,0.));
#3821=DIRECTION('ref_axis',(-1.,0.,0.));
#3822=DIRECTION('',(-1.,0.,0.));
#3823=DIRECTION('',(-1.,0.,0.));
#3824=DIRECTION('',(0.,0.,1.));
#3825=DIRECTION('center_axis',(0.,0.,1.));
#3826=DIRECTION('ref_axis',(0.,-1.,0.));
#3827=DIRECTION('center_axis',(0.,0.,-1.));
#3828=DIRECTION('ref_axis',(0.,-1.,0.));
#3829=DIRECTION('center_axis',(0.,0.,-1.));
#3830=DIRECTION('ref_axis',(0.,-1.,0.));
#3831=DIRECTION('center_axis',(-1.,0.,0.));
#3832=DIRECTION('ref_axis',(0.,-1.,0.));
#3833=DIRECTION('',(0.,-1.,0.));
#3834=DIRECTION('',(0.,0.,1.));
#3835=DIRECTION('',(0.,-1.,0.));
#3836=DIRECTION('',(0.,0.,1.));
#3837=DIRECTION('center_axis',(0.,0.,1.));
#3838=DIRECTION('ref_axis',(1.,0.,0.));
#3839=DIRECTION('center_axis',(0.,0.,-1.));
#3840=DIRECTION('ref_axis',(1.,0.,0.));
#3841=DIRECTION('center_axis',(0.,0.,-1.));
#3842=DIRECTION('ref_axis',(1.,0.,0.));
#3843=DIRECTION('',(0.,0.,1.));
#3844=DIRECTION('center_axis',(0.,-1.,0.));
#3845=DIRECTION('ref_axis',(1.,0.,0.));
#3846=DIRECTION('',(1.,0.,0.));
#3847=DIRECTION('',(1.,0.,0.));
#3848=DIRECTION('',(0.,0.,1.));
#3849=DIRECTION('center_axis',(0.,0.,1.));
#3850=DIRECTION('ref_axis',(0.,1.,0.));
#3851=DIRECTION('center_axis',(0.,0.,-1.));
#3852=DIRECTION('ref_axis',(0.,1.,0.));
#3853=DIRECTION('center_axis',(0.,0.,-1.));
#3854=DIRECTION('ref_axis',(0.,1.,0.));
#3855=DIRECTION('',(0.,0.,1.));
#3856=DIRECTION('center_axis',(1.,0.,0.));
#3857=DIRECTION('ref_axis',(0.,1.,0.));
#3858=DIRECTION('',(0.,1.,0.));
#3859=DIRECTION('',(0.,1.,0.));
#3860=DIRECTION('',(0.,0.,1.));
#3861=DIRECTION('center_axis',(0.,0.,1.));
#3862=DIRECTION('ref_axis',(-1.,0.,0.));
#3863=DIRECTION('center_axis',(0.,0.,-1.));
#3864=DIRECTION('ref_axis',(-1.,0.,0.));
#3865=DIRECTION('center_axis',(0.,0.,-1.));
#3866=DIRECTION('ref_axis',(-1.,0.,0.));
#3867=DIRECTION('',(0.,0.,1.));
#3868=DIRECTION('center_axis',(0.,1.,0.));
#3869=DIRECTION('ref_axis',(-1.,0.,0.));
#3870=DIRECTION('',(-1.,0.,0.));
#3871=DIRECTION('',(-1.,0.,0.));
#3872=DIRECTION('',(0.,0.,1.));
#3873=DIRECTION('center_axis',(0.,0.,1.));
#3874=DIRECTION('ref_axis',(0.,-1.,0.));
#3875=DIRECTION('center_axis',(0.,0.,-1.));
#3876=DIRECTION('ref_axis',(0.,-1.,0.));
#3877=DIRECTION('center_axis',(0.,0.,-1.));
#3878=DIRECTION('ref_axis',(0.,-1.,0.));
#3879=DIRECTION('center_axis',(1.,0.,0.));
#3880=DIRECTION('ref_axis',(0.,1.,0.));
#3881=DIRECTION('',(0.,1.,0.));
#3882=DIRECTION('',(0.,0.,1.));
#3883=DIRECTION('',(0.,1.,0.));
#3884=DIRECTION('',(0.,0.,1.));
#3885=DIRECTION('center_axis',(0.,1.,0.));
#3886=DIRECTION('ref_axis',(-1.,0.,0.));
#3887=DIRECTION('',(-1.,0.,0.));
#3888=DIRECTION('',(-1.,0.,0.));
#3889=DIRECTION('',(0.,0.,1.));
#3890=DIRECTION('center_axis',(1.,0.,0.));
#3891=DIRECTION('ref_axis',(0.,1.,0.));
#3892=DIRECTION('',(0.,1.,0.));
#3893=DIRECTION('',(0.,1.,0.));
#3894=DIRECTION('',(0.,0.,1.));
#3895=DIRECTION('center_axis',(0.,1.,0.));
#3896=DIRECTION('ref_axis',(-1.,0.,0.));
#3897=DIRECTION('',(-1.,0.,0.));
#3898=DIRECTION('',(-1.,0.,0.));
#3899=DIRECTION('',(0.,0.,1.));
#3900=DIRECTION('center_axis',(-1.,0.,0.));
#3901=DIRECTION('ref_axis',(0.,-1.,0.));
#3902=DIRECTION('',(0.,-1.,0.));
#3903=DIRECTION('',(0.,-1.,0.));
#3904=DIRECTION('',(0.,0.,1.));
#3905=DIRECTION('center_axis',(0.,-1.,0.));
#3906=DIRECTION('ref_axis',(1.,0.,0.));
#3907=DIRECTION('',(1.,0.,0.));
#3908=DIRECTION('',(1.,0.,0.));
#3909=DIRECTION('center_axis',(-1.,0.,0.));
#3910=DIRECTION('ref_axis',(0.,-1.,0.));
#3911=DIRECTION('',(0.,-1.,0.));
#3912=DIRECTION('',(0.,0.,1.));
#3913=DIRECTION('',(0.,-1.,0.));
#3914=DIRECTION('',(0.,0.,1.));
#3915=DIRECTION('center_axis',(0.,0.,1.));
#3916=DIRECTION('ref_axis',(1.,0.,0.));
#3917=DIRECTION('center_axis',(0.,0.,-1.));
#3918=DIRECTION('ref_axis',(1.,0.,0.));
#3919=DIRECTION('center_axis',(0.,0.,-1.));
#3920=DIRECTION('ref_axis',(1.,0.,0.));
#3921=DIRECTION('',(0.,0.,1.));
#3922=DIRECTION('center_axis',(0.,-1.,0.));
#3923=DIRECTION('ref_axis',(1.,0.,0.));
#3924=DIRECTION('',(1.,0.,0.));
#3925=DIRECTION('',(1.,0.,0.));
#3926=DIRECTION('',(0.,0.,1.));
#3927=DIRECTION('center_axis',(0.,0.,1.));
#3928=DIRECTION('ref_axis',(0.,1.,0.));
#3929=DIRECTION('center_axis',(0.,0.,-1.));
#3930=DIRECTION('ref_axis',(0.,1.,0.));
#3931=DIRECTION('center_axis',(0.,0.,-1.));
#3932=DIRECTION('ref_axis',(0.,1.,0.));
#3933=DIRECTION('',(0.,0.,1.));
#3934=DIRECTION('center_axis',(1.,0.,0.));
#3935=DIRECTION('ref_axis',(0.,1.,0.));
#3936=DIRECTION('',(0.,1.,0.));
#3937=DIRECTION('',(0.,1.,0.));
#3938=DIRECTION('',(0.,0.,1.));
#3939=DIRECTION('center_axis',(0.,0.,1.));
#3940=DIRECTION('ref_axis',(-1.,0.,0.));
#3941=DIRECTION('center_axis',(0.,0.,-1.));
#3942=DIRECTION('ref_axis',(-1.,0.,0.));
#3943=DIRECTION('center_axis',(0.,0.,-1.));
#3944=DIRECTION('ref_axis',(-1.,0.,0.));
#3945=DIRECTION('',(0.,0.,1.));
#3946=DIRECTION('center_axis',(0.,1.,0.));
#3947=DIRECTION('ref_axis',(-1.,0.,0.));
#3948=DIRECTION('',(-1.,0.,0.));
#3949=DIRECTION('',(-1.,0.,0.));
#3950=DIRECTION('',(0.,0.,1.));
#3951=DIRECTION('center_axis',(0.,0.,1.));
#3952=DIRECTION('ref_axis',(0.,-1.,0.));
#3953=DIRECTION('center_axis',(0.,0.,-1.));
#3954=DIRECTION('ref_axis',(0.,-1.,0.));
#3955=DIRECTION('center_axis',(0.,0.,-1.));
#3956=DIRECTION('ref_axis',(0.,-1.,0.));
#3957=DIRECTION('center_axis',(-1.,0.,0.));
#3958=DIRECTION('ref_axis',(0.,-1.,0.));
#3959=DIRECTION('',(0.,-1.,0.));
#3960=DIRECTION('',(0.,0.,1.));
#3961=DIRECTION('',(0.,-1.,0.));
#3962=DIRECTION('',(0.,0.,1.));
#3963=DIRECTION('center_axis',(0.,0.,1.));
#3964=DIRECTION('ref_axis',(1.,0.,0.));
#3965=DIRECTION('center_axis',(0.,0.,-1.));
#3966=DIRECTION('ref_axis',(1.,0.,0.));
#3967=DIRECTION('center_axis',(0.,0.,-1.));
#3968=DIRECTION('ref_axis',(1.,0.,0.));
#3969=DIRECTION('',(0.,0.,1.));
#3970=DIRECTION('center_axis',(0.,-1.,0.));
#3971=DIRECTION('ref_axis',(1.,0.,0.));
#3972=DIRECTION('',(1.,0.,0.));
#3973=DIRECTION('',(1.,0.,0.));
#3974=DIRECTION('',(0.,0.,1.));
#3975=DIRECTION('center_axis',(0.,0.,1.));
#3976=DIRECTION('ref_axis',(0.,1.,0.));
#3977=DIRECTION('center_axis',(0.,0.,-1.));
#3978=DIRECTION('ref_axis',(0.,1.,0.));
#3979=DIRECTION('center_axis',(0.,0.,-1.));
#3980=DIRECTION('ref_axis',(0.,1.,0.));
#3981=DIRECTION('',(0.,0.,1.));
#3982=DIRECTION('center_axis',(1.,0.,0.));
#3983=DIRECTION('ref_axis',(0.,1.,0.));
#3984=DIRECTION('',(0.,1.,0.));
#3985=DIRECTION('',(0.,1.,0.));
#3986=DIRECTION('',(0.,0.,1.));
#3987=DIRECTION('center_axis',(0.,0.,1.));
#3988=DIRECTION('ref_axis',(-1.,0.,0.));
#3989=DIRECTION('center_axis',(0.,0.,-1.));
#3990=DIRECTION('ref_axis',(-1.,0.,0.));
#3991=DIRECTION('center_axis',(0.,0.,-1.));
#3992=DIRECTION('ref_axis',(-1.,0.,0.));
#3993=DIRECTION('',(0.,0.,1.));
#3994=DIRECTION('center_axis',(0.,1.,0.));
#3995=DIRECTION('ref_axis',(-1.,0.,0.));
#3996=DIRECTION('',(-1.,0.,0.));
#3997=DIRECTION('',(-1.,0.,0.));
#3998=DIRECTION('',(0.,0.,1.));
#3999=DIRECTION('center_axis',(0.,0.,1.));
#4000=DIRECTION('ref_axis',(0.,-1.,0.));
#4001=DIRECTION('center_axis',(0.,0.,-1.));
#4002=DIRECTION('ref_axis',(0.,-1.,0.));
#4003=DIRECTION('center_axis',(0.,0.,-1.));
#4004=DIRECTION('ref_axis',(0.,-1.,0.));
#4005=DIRECTION('center_axis',(-1.,0.,0.));
#4006=DIRECTION('ref_axis',(0.,-1.,0.));
#4007=DIRECTION('',(0.,-1.,0.));
#4008=DIRECTION('',(0.,0.,1.));
#4009=DIRECTION('',(0.,-1.,0.));
#4010=DIRECTION('',(0.,0.,1.));
#4011=DIRECTION('center_axis',(0.,0.,1.));
#4012=DIRECTION('ref_axis',(1.,0.,0.));
#4013=DIRECTION('center_axis',(0.,0.,-1.));
#4014=DIRECTION('ref_axis',(1.,0.,0.));
#4015=DIRECTION('center_axis',(0.,0.,-1.));
#4016=DIRECTION('ref_axis',(1.,0.,0.));
#4017=DIRECTION('',(0.,0.,1.));
#4018=DIRECTION('center_axis',(0.,-1.,0.));
#4019=DIRECTION('ref_axis',(1.,0.,0.));
#4020=DIRECTION('',(1.,0.,0.));
#4021=DIRECTION('',(1.,0.,0.));
#4022=DIRECTION('',(0.,0.,1.));
#4023=DIRECTION('center_axis',(0.,0.,1.));
#4024=DIRECTION('ref_axis',(-4.44089209850064E-15,1.,0.));
#4025=DIRECTION('center_axis',(0.,0.,-1.));
#4026=DIRECTION('ref_axis',(-4.44089209850064E-15,1.,0.));
#4027=DIRECTION('center_axis',(0.,0.,-1.));
#4028=DIRECTION('ref_axis',(-4.44089209850064E-15,1.,0.));
#4029=DIRECTION('',(0.,0.,1.));
#4030=DIRECTION('center_axis',(1.,0.,0.));
#4031=DIRECTION('ref_axis',(0.,1.,0.));
#4032=DIRECTION('',(0.,1.,0.));
#4033=DIRECTION('',(0.,1.,0.));
#4034=DIRECTION('',(0.,0.,1.));
#4035=DIRECTION('center_axis',(0.,0.,1.));
#4036=DIRECTION('ref_axis',(-1.,0.,0.));
#4037=DIRECTION('center_axis',(0.,0.,-1.));
#4038=DIRECTION('ref_axis',(-1.,0.,0.));
#4039=DIRECTION('center_axis',(0.,0.,-1.));
#4040=DIRECTION('ref_axis',(-1.,0.,0.));
#4041=DIRECTION('',(0.,0.,1.));
#4042=DIRECTION('center_axis',(0.,1.,0.));
#4043=DIRECTION('ref_axis',(-1.,0.,0.));
#4044=DIRECTION('',(-1.,0.,0.));
#4045=DIRECTION('',(-1.,0.,0.));
#4046=DIRECTION('',(0.,0.,1.));
#4047=DIRECTION('center_axis',(0.,0.,1.));
#4048=DIRECTION('ref_axis',(0.,-1.,0.));
#4049=DIRECTION('center_axis',(0.,0.,-1.));
#4050=DIRECTION('ref_axis',(0.,-1.,0.));
#4051=DIRECTION('center_axis',(0.,0.,-1.));
#4052=DIRECTION('ref_axis',(0.,-1.,0.));
#4053=DIRECTION('center_axis',(0.,0.,1.));
#4054=DIRECTION('ref_axis',(-1.,0.,0.));
#4055=DIRECTION('center_axis',(0.,0.,-1.));
#4056=DIRECTION('ref_axis',(-1.,0.,0.));
#4057=DIRECTION('',(0.,0.,-1.));
#4058=DIRECTION('center_axis',(0.,0.,-1.));
#4059=DIRECTION('ref_axis',(-1.,0.,0.));
#4060=DIRECTION('center_axis',(0.,0.,1.));
#4061=DIRECTION('ref_axis',(-1.,0.,0.));
#4062=DIRECTION('center_axis',(0.,0.,-1.));
#4063=DIRECTION('ref_axis',(-1.,0.,0.));
#4064=DIRECTION('',(0.,0.,-1.));
#4065=DIRECTION('center_axis',(0.,0.,-1.));
#4066=DIRECTION('ref_axis',(-1.,0.,0.));
#4067=DIRECTION('center_axis',(-1.,0.,0.));
#4068=DIRECTION('ref_axis',(0.,-1.,0.));
#4069=DIRECTION('',(0.,-1.,0.));
#4070=DIRECTION('',(0.,0.,1.));
#4071=DIRECTION('',(0.,-1.,0.));
#4072=DIRECTION('',(0.,0.,1.));
#4073=DIRECTION('center_axis',(0.,0.,1.));
#4074=DIRECTION('ref_axis',(1.,0.,0.));
#4075=DIRECTION('center_axis',(0.,0.,-1.));
#4076=DIRECTION('ref_axis',(1.,0.,0.));
#4077=DIRECTION('center_axis',(0.,0.,-1.));
#4078=DIRECTION('ref_axis',(1.,0.,0.));
#4079=DIRECTION('',(0.,0.,1.));
#4080=DIRECTION('center_axis',(0.,-1.,0.));
#4081=DIRECTION('ref_axis',(1.,0.,0.));
#4082=DIRECTION('',(1.,0.,0.));
#4083=DIRECTION('',(1.,0.,0.));
#4084=DIRECTION('',(0.,0.,1.));
#4085=DIRECTION('center_axis',(0.,0.,1.));
#4086=DIRECTION('ref_axis',(0.,1.,0.));
#4087=DIRECTION('center_axis',(0.,0.,-1.));
#4088=DIRECTION('ref_axis',(0.,1.,0.));
#4089=DIRECTION('center_axis',(0.,0.,-1.));
#4090=DIRECTION('ref_axis',(0.,1.,0.));
#4091=DIRECTION('',(0.,0.,1.));
#4092=DIRECTION('center_axis',(1.,0.,0.));
#4093=DIRECTION('ref_axis',(0.,1.,0.));
#4094=DIRECTION('',(0.,1.,0.));
#4095=DIRECTION('',(0.,1.,0.));
#4096=DIRECTION('',(0.,0.,1.));
#4097=DIRECTION('center_axis',(0.,0.,1.));
#4098=DIRECTION('ref_axis',(-1.,0.,0.));
#4099=DIRECTION('center_axis',(0.,0.,-1.));
#4100=DIRECTION('ref_axis',(-1.,0.,0.));
#4101=DIRECTION('center_axis',(0.,0.,-1.));
#4102=DIRECTION('ref_axis',(-1.,0.,0.));
#4103=DIRECTION('',(0.,0.,1.));
#4104=DIRECTION('center_axis',(0.,1.,0.));
#4105=DIRECTION('ref_axis',(-1.,0.,0.));
#4106=DIRECTION('',(-1.,0.,0.));
#4107=DIRECTION('',(-1.,0.,0.));
#4108=DIRECTION('',(0.,0.,1.));
#4109=DIRECTION('center_axis',(0.,0.,1.));
#4110=DIRECTION('ref_axis',(0.,-1.,0.));
#4111=DIRECTION('center_axis',(0.,0.,-1.));
#4112=DIRECTION('ref_axis',(0.,-1.,0.));
#4113=DIRECTION('center_axis',(0.,0.,-1.));
#4114=DIRECTION('ref_axis',(0.,-1.,0.));
#4115=DIRECTION('center_axis',(-1.,0.,0.));
#4116=DIRECTION('ref_axis',(0.,-1.,0.));
#4117=DIRECTION('',(0.,-1.,0.));
#4118=DIRECTION('',(0.,0.,1.));
#4119=DIRECTION('',(0.,-1.,0.));
#4120=DIRECTION('',(0.,0.,1.));
#4121=DIRECTION('center_axis',(0.,0.,1.));
#4122=DIRECTION('ref_axis',(1.,0.,0.));
#4123=DIRECTION('center_axis',(0.,0.,-1.));
#4124=DIRECTION('ref_axis',(1.,0.,0.));
#4125=DIRECTION('center_axis',(0.,0.,-1.));
#4126=DIRECTION('ref_axis',(1.,0.,0.));
#4127=DIRECTION('',(0.,0.,1.));
#4128=DIRECTION('center_axis',(0.,-1.,0.));
#4129=DIRECTION('ref_axis',(1.,0.,0.));
#4130=DIRECTION('',(1.,0.,0.));
#4131=DIRECTION('',(1.,0.,0.));
#4132=DIRECTION('',(0.,0.,1.));
#4133=DIRECTION('center_axis',(0.,0.,1.));
#4134=DIRECTION('ref_axis',(0.,1.,0.));
#4135=DIRECTION('center_axis',(0.,0.,-1.));
#4136=DIRECTION('ref_axis',(0.,1.,0.));
#4137=DIRECTION('center_axis',(0.,0.,-1.));
#4138=DIRECTION('ref_axis',(0.,1.,0.));
#4139=DIRECTION('',(0.,0.,1.));
#4140=DIRECTION('center_axis',(1.,0.,0.));
#4141=DIRECTION('ref_axis',(0.,1.,0.));
#4142=DIRECTION('',(0.,1.,0.));
#4143=DIRECTION('',(0.,1.,0.));
#4144=DIRECTION('',(0.,0.,1.));
#4145=DIRECTION('center_axis',(0.,0.,1.));
#4146=DIRECTION('ref_axis',(-1.,0.,0.));
#4147=DIRECTION('center_axis',(0.,0.,-1.));
#4148=DIRECTION('ref_axis',(-1.,0.,0.));
#4149=DIRECTION('center_axis',(0.,0.,-1.));
#4150=DIRECTION('ref_axis',(-1.,0.,0.));
#4151=DIRECTION('',(0.,0.,1.));
#4152=DIRECTION('center_axis',(0.,1.,0.));
#4153=DIRECTION('ref_axis',(-1.,0.,0.));
#4154=DIRECTION('',(-1.,0.,0.));
#4155=DIRECTION('',(-1.,0.,0.));
#4156=DIRECTION('',(0.,0.,1.));
#4157=DIRECTION('center_axis',(0.,0.,1.));
#4158=DIRECTION('ref_axis',(0.,-1.,0.));
#4159=DIRECTION('center_axis',(0.,0.,-1.));
#4160=DIRECTION('ref_axis',(0.,-1.,0.));
#4161=DIRECTION('center_axis',(0.,0.,-1.));
#4162=DIRECTION('ref_axis',(0.,-1.,0.));
#4163=DIRECTION('center_axis',(-1.,-2.03710646720212E-16,0.));
#4164=DIRECTION('ref_axis',(2.03710646720212E-16,-1.,0.));
#4165=DIRECTION('',(2.03710646720212E-16,-1.,0.));
#4166=DIRECTION('',(0.,0.,1.));
#4167=DIRECTION('',(2.03710646720212E-16,-1.,0.));
#4168=DIRECTION('',(0.,0.,1.));
#4169=DIRECTION('center_axis',(0.,0.,1.));
#4170=DIRECTION('ref_axis',(-2.96059473233375E-15,-1.,0.));
#4171=DIRECTION('center_axis',(0.,0.,1.));
#4172=DIRECTION('ref_axis',(-2.96059473233375E-15,-1.,0.));
#4173=DIRECTION('center_axis',(0.,0.,-1.));
#4174=DIRECTION('ref_axis',(-2.96059473233375E-15,-1.,0.));
#4175=DIRECTION('',(0.,0.,1.));
#4176=DIRECTION('center_axis',(-1.,0.,0.));
#4177=DIRECTION('ref_axis',(0.,-1.,0.));
#4178=DIRECTION('',(0.,-1.,0.));
#4179=DIRECTION('',(0.,-1.,0.));
#4180=DIRECTION('',(0.,0.,1.));
#4181=DIRECTION('center_axis',(0.,0.,1.));
#4182=DIRECTION('ref_axis',(1.,-1.18423789293352E-14,0.));
#4183=DIRECTION('center_axis',(0.,0.,1.));
#4184=DIRECTION('ref_axis',(1.,-1.18423789293352E-14,0.));
#4185=DIRECTION('center_axis',(0.,0.,-1.));
#4186=DIRECTION('ref_axis',(1.,-1.18423789293352E-14,0.));
#4187=DIRECTION('',(0.,0.,1.));
#4188=DIRECTION('center_axis',(0.,0.,1.));
#4189=DIRECTION('ref_axis',(1.61486985400023E-15,1.,0.));
#4190=DIRECTION('center_axis',(0.,0.,1.));
#4191=DIRECTION('ref_axis',(1.61486985400023E-15,1.,0.));
#4192=DIRECTION('center_axis',(0.,0.,1.));
#4193=DIRECTION('ref_axis',(1.61486985400023E-15,1.,0.));
#4194=DIRECTION('',(0.,0.,1.));
#4195=DIRECTION('center_axis',(0.,1.,0.));
#4196=DIRECTION('ref_axis',(-1.,0.,0.));
#4197=DIRECTION('',(-1.,0.,0.));
#4198=DIRECTION('',(-1.,0.,0.));
#4199=DIRECTION('',(0.,0.,1.));
#4200=DIRECTION('center_axis',(0.,0.,1.));
#4201=DIRECTION('ref_axis',(1.,-1.61486985400023E-15,0.));
#4202=DIRECTION('center_axis',(0.,0.,1.));
#4203=DIRECTION('ref_axis',(1.,-1.61486985400023E-15,0.));
#4204=DIRECTION('center_axis',(0.,0.,1.));
#4205=DIRECTION('ref_axis',(1.,-1.61486985400023E-15,0.));
#4206=DIRECTION('',(0.,0.,1.));
#4207=DIRECTION('center_axis',(1.,0.,0.));
#4208=DIRECTION('ref_axis',(0.,1.,0.));
#4209=DIRECTION('',(0.,1.,0.));
#4210=DIRECTION('',(0.,1.,0.));
#4211=DIRECTION('',(0.,0.,1.));
#4212=DIRECTION('center_axis',(0.,0.,1.));
#4213=DIRECTION('ref_axis',(-1.61486985400023E-15,-1.,0.));
#4214=DIRECTION('center_axis',(0.,0.,1.));
#4215=DIRECTION('ref_axis',(-1.61486985400023E-15,-1.,0.));
#4216=DIRECTION('center_axis',(0.,0.,1.));
#4217=DIRECTION('ref_axis',(-1.61486985400023E-15,-1.,0.));
#4218=DIRECTION('',(0.,0.,1.));
#4219=DIRECTION('center_axis',(-2.07034596666696E-16,-1.,0.));
#4220=DIRECTION('ref_axis',(1.,-2.07034596666696E-16,0.));
#4221=DIRECTION('',(1.,-2.07034596666696E-16,0.));
#4222=DIRECTION('',(1.,-2.07034596666696E-16,0.));
#4223=DIRECTION('',(0.,0.,1.));
#4224=DIRECTION('center_axis',(0.,0.,1.));
#4225=DIRECTION('ref_axis',(-1.,8.07434927000114E-16,0.));
#4226=DIRECTION('center_axis',(0.,0.,1.));
#4227=DIRECTION('ref_axis',(-1.,8.07434927000114E-16,0.));
#4228=DIRECTION('center_axis',(0.,0.,1.));
#4229=DIRECTION('ref_axis',(-1.,8.07434927000114E-16,0.));
#4230=DIRECTION('center_axis',(0.,0.,1.));
#4231=DIRECTION('ref_axis',(-1.,0.,0.));
#4232=DIRECTION('center_axis',(0.,0.,1.));
#4233=DIRECTION('ref_axis',(-1.,0.,0.));
#4234=CARTESIAN_POINT('',(0.,0.,0.));
#4235=CARTESIAN_POINT('Origin',(13.5821,16.075,11.2949999999968));
#4236=CARTESIAN_POINT('',(13.5821,16.075,11.2949999999968));
#4237=CARTESIAN_POINT('',(13.5821,3.075,11.2949999999968));
#4238=CARTESIAN_POINT('',(13.5821,3.075,11.2949999999968));
#4239=CARTESIAN_POINT('',(13.5821,3.075,12.4449999999968));
#4240=CARTESIAN_POINT('',(13.5821,3.075,11.2949999999968));
#4241=CARTESIAN_POINT('',(13.5821,16.075,12.4449999999968));
#4242=CARTESIAN_POINT('',(13.5821,3.075,12.4449999999968));
#4243=CARTESIAN_POINT('',(13.5821,16.075,11.2949999999968));
#4244=CARTESIAN_POINT('Origin',(13.0821,16.075,11.2949999999968));
#4245=CARTESIAN_POINT('',(13.0821,16.575,11.2949999999968));
#4246=CARTESIAN_POINT('Origin',(13.0821,16.075,11.2949999999968));
#4247=CARTESIAN_POINT('',(13.0821,16.575,12.4449999999968));
#4248=CARTESIAN_POINT('Origin',(13.0821,16.075,12.4449999999968));
#4249=CARTESIAN_POINT('',(13.0821,16.575,11.2949999999968));
#4250=CARTESIAN_POINT('Origin',(0.0820999999999916,16.575,11.2949999999968));
#4251=CARTESIAN_POINT('',(0.0820999999999916,16.575,11.2949999999968));
#4252=CARTESIAN_POINT('',(13.0821,16.575,11.2949999999968));
#4253=CARTESIAN_POINT('',(0.0820999999999916,16.575,12.4449999999968));
#4254=CARTESIAN_POINT('',(13.0821,16.575,12.4449999999968));
#4255=CARTESIAN_POINT('',(0.0820999999999916,16.575,11.2949999999968));
#4256=CARTESIAN_POINT('Origin',(0.0820999999999916,16.075,11.2949999999968));
#4257=CARTESIAN_POINT('',(-0.417900000000007,16.075,11.2949999999968));
#4258=CARTESIAN_POINT('Origin',(0.0820999999999916,16.075,11.2949999999968));
#4259=CARTESIAN_POINT('',(-0.417900000000007,16.075,12.4449999999968));
#4260=CARTESIAN_POINT('Origin',(0.0820999999999916,16.075,12.4449999999968));
#4261=CARTESIAN_POINT('',(-0.417900000000007,16.075,11.2949999999968));
#4262=CARTESIAN_POINT('Origin',(-0.417900000000007,3.075,11.2949999999968));
#4263=CARTESIAN_POINT('',(-0.417900000000007,3.075,11.2949999999968));
#4264=CARTESIAN_POINT('',(-0.417900000000007,3.075,11.2949999999968));
#4265=CARTESIAN_POINT('',(-0.417900000000007,3.075,12.4449999999968));
#4266=CARTESIAN_POINT('',(-0.417900000000007,3.075,12.4449999999968));
#4267=CARTESIAN_POINT('',(-0.417900000000007,3.075,11.2949999999968));
#4268=CARTESIAN_POINT('Origin',(0.0820999999999916,3.075,11.2949999999968));
#4269=CARTESIAN_POINT('',(0.0820999999999916,2.575,11.2949999999968));
#4270=CARTESIAN_POINT('Origin',(0.0820999999999916,3.075,11.2949999999968));
#4271=CARTESIAN_POINT('',(0.0820999999999916,2.575,12.4449999999968));
#4272=CARTESIAN_POINT('Origin',(0.0820999999999916,3.075,12.4449999999968));
#4273=CARTESIAN_POINT('',(0.0820999999999916,2.575,11.2949999999968));
#4274=CARTESIAN_POINT('Origin',(13.0821,2.575,11.2949999999968));
#4275=CARTESIAN_POINT('',(13.0821,2.575,11.2949999999968));
#4276=CARTESIAN_POINT('',(13.0821,2.575,11.2949999999968));
#4277=CARTESIAN_POINT('',(13.0821,2.575,12.4449999999968));
#4278=CARTESIAN_POINT('',(13.0821,2.575,12.4449999999968));
#4279=CARTESIAN_POINT('',(13.0821,2.575,11.2949999999968));
#4280=CARTESIAN_POINT('Origin',(13.0821,3.075,11.2949999999968));
#4281=CARTESIAN_POINT('Origin',(13.0821,3.075,11.2949999999968));
#4282=CARTESIAN_POINT('Origin',(13.0821,3.075,12.4449999999968));
#4283=CARTESIAN_POINT('Origin',(32.975,-41.075,11.2949999999968));
#4284=CARTESIAN_POINT('',(32.975,-41.075,11.2949999999968));
#4285=CARTESIAN_POINT('',(32.975,-54.075,11.2949999999968));
#4286=CARTESIAN_POINT('',(32.975,-54.075,11.2949999999968));
#4287=CARTESIAN_POINT('',(32.975,-54.075,12.4449999999968));
#4288=CARTESIAN_POINT('',(32.975,-54.075,11.2949999999968));
#4289=CARTESIAN_POINT('',(32.975,-41.075,12.4449999999968));
#4290=CARTESIAN_POINT('',(32.975,-54.075,12.4449999999968));
#4291=CARTESIAN_POINT('',(32.975,-41.075,11.2949999999968));
#4292=CARTESIAN_POINT('Origin',(32.475,-41.075,11.2949999999968));
#4293=CARTESIAN_POINT('',(32.475,-40.575,11.2949999999968));
#4294=CARTESIAN_POINT('Origin',(32.475,-41.075,11.2949999999968));
#4295=CARTESIAN_POINT('',(32.475,-40.575,12.4449999999968));
#4296=CARTESIAN_POINT('Origin',(32.475,-41.075,12.4449999999968));
#4297=CARTESIAN_POINT('',(32.475,-40.575,11.2949999999968));
#4298=CARTESIAN_POINT('Origin',(19.475,-40.575,11.2949999999968));
#4299=CARTESIAN_POINT('',(19.475,-40.575,11.2949999999968));
#4300=CARTESIAN_POINT('',(32.475,-40.575,11.2949999999968));
#4301=CARTESIAN_POINT('',(19.475,-40.575,12.4449999999968));
#4302=CARTESIAN_POINT('',(32.475,-40.575,12.4449999999968));
#4303=CARTESIAN_POINT('',(19.475,-40.575,11.2949999999968));
#4304=CARTESIAN_POINT('Origin',(19.475,-41.075,11.2949999999968));
#4305=CARTESIAN_POINT('',(18.975,-41.075,11.2949999999968));
#4306=CARTESIAN_POINT('Origin',(19.475,-41.075,11.2949999999968));
#4307=CARTESIAN_POINT('',(18.975,-41.075,12.4449999999968));
#4308=CARTESIAN_POINT('Origin',(19.475,-41.075,12.4449999999968));
#4309=CARTESIAN_POINT('',(18.975,-41.075,11.2949999999968));
#4310=CARTESIAN_POINT('Origin',(18.975,-54.075,11.2949999999968));
#4311=CARTESIAN_POINT('',(18.975,-54.075,11.2949999999968));
#4312=CARTESIAN_POINT('',(18.975,-54.075,11.2949999999968));
#4313=CARTESIAN_POINT('',(18.975,-54.075,12.4449999999968));
#4314=CARTESIAN_POINT('',(18.975,-54.075,12.4449999999968));
#4315=CARTESIAN_POINT('',(18.975,-54.075,11.2949999999968));
#4316=CARTESIAN_POINT('Origin',(19.475,-54.075,11.2949999999968));
#4317=CARTESIAN_POINT('',(19.475,-54.575,11.2949999999968));
#4318=CARTESIAN_POINT('Origin',(19.475,-54.075,11.2949999999968));
#4319=CARTESIAN_POINT('',(19.475,-54.575,12.4449999999968));
#4320=CARTESIAN_POINT('Origin',(19.475,-54.075,12.4449999999968));
#4321=CARTESIAN_POINT('',(19.475,-54.575,11.2949999999968));
#4322=CARTESIAN_POINT('Origin',(32.475,-54.575,11.2949999999968));
#4323=CARTESIAN_POINT('',(32.475,-54.575,11.2949999999968));
#4324=CARTESIAN_POINT('',(32.475,-54.575,11.2949999999968));
#4325=CARTESIAN_POINT('',(32.475,-54.575,12.4449999999968));
#4326=CARTESIAN_POINT('',(32.475,-54.575,12.4449999999968));
#4327=CARTESIAN_POINT('',(32.475,-54.575,11.2949999999968));
#4328=CARTESIAN_POINT('Origin',(32.475,-54.075,11.2949999999968));
#4329=CARTESIAN_POINT('Origin',(32.475,-54.075,11.2949999999968));
#4330=CARTESIAN_POINT('Origin',(32.475,-54.075,12.4449999999968));
#4331=CARTESIAN_POINT('Origin',(-5.8108,16.075,11.2949999999968));
#4332=CARTESIAN_POINT('',(-5.8108,16.075,11.2949999999968));
#4333=CARTESIAN_POINT('',(-5.81080000000001,3.075,11.2949999999968));
#4334=CARTESIAN_POINT('',(-5.8108,3.075,11.2949999999968));
#4335=CARTESIAN_POINT('',(-5.81080000000001,3.075,12.4449999999968));
#4336=CARTESIAN_POINT('',(-5.81080000000001,3.075,11.2949999999968));
#4337=CARTESIAN_POINT('',(-5.8108,16.075,12.4449999999968));
#4338=CARTESIAN_POINT('',(-5.8108,3.075,12.4449999999968));
#4339=CARTESIAN_POINT('',(-5.8108,16.075,11.2949999999968));
#4340=CARTESIAN_POINT('Origin',(-6.31080000000001,16.075,11.2949999999968));
#4341=CARTESIAN_POINT('',(-6.31080000000001,16.575,11.2949999999968));
#4342=CARTESIAN_POINT('Origin',(-6.31080000000001,16.075,11.2949999999968));
#4343=CARTESIAN_POINT('',(-6.31080000000001,16.575,12.4449999999968));
#4344=CARTESIAN_POINT('Origin',(-6.31080000000001,16.075,12.4449999999968));
#4345=CARTESIAN_POINT('',(-6.31080000000001,16.575,11.2949999999968));
#4346=CARTESIAN_POINT('Origin',(-19.3108,16.575,11.2949999999968));
#4347=CARTESIAN_POINT('',(-19.3108,16.575,11.2949999999968));
#4348=CARTESIAN_POINT('',(-6.31080000000001,16.575,11.2949999999968));
#4349=CARTESIAN_POINT('',(-19.3108,16.575,12.4449999999968));
#4350=CARTESIAN_POINT('',(-6.31080000000001,16.575,12.4449999999968));
#4351=CARTESIAN_POINT('',(-19.3108,16.575,11.2949999999968));
#4352=CARTESIAN_POINT('Origin',(-19.3108,16.075,11.2949999999968));
#4353=CARTESIAN_POINT('',(-19.8108,16.075,11.2949999999968));
#4354=CARTESIAN_POINT('Origin',(-19.3108,16.075,11.2949999999968));
#4355=CARTESIAN_POINT('',(-19.8108,16.075,12.4449999999968));
#4356=CARTESIAN_POINT('Origin',(-19.3108,16.075,12.4449999999968));
#4357=CARTESIAN_POINT('',(-19.8108,16.075,11.2949999999968));
#4358=CARTESIAN_POINT('Origin',(-19.8108,3.075,11.2949999999968));
#4359=CARTESIAN_POINT('',(-19.8108,3.075,11.2949999999968));
#4360=CARTESIAN_POINT('',(-19.8108,3.075,11.2949999999968));
#4361=CARTESIAN_POINT('',(-19.8108,3.075,12.4449999999968));
#4362=CARTESIAN_POINT('',(-19.8108,3.075,12.4449999999968));
#4363=CARTESIAN_POINT('',(-19.8108,3.075,11.2949999999968));
#4364=CARTESIAN_POINT('Origin',(-19.3108,3.075,11.2949999999968));
#4365=CARTESIAN_POINT('',(-19.3108,2.575,11.2949999999968));
#4366=CARTESIAN_POINT('Origin',(-19.3108,3.075,11.2949999999968));
#4367=CARTESIAN_POINT('',(-19.3108,2.575,12.4449999999968));
#4368=CARTESIAN_POINT('Origin',(-19.3108,3.075,12.4449999999968));
#4369=CARTESIAN_POINT('',(-19.3108,2.575,11.2949999999968));
#4370=CARTESIAN_POINT('Origin',(-6.31080000000001,2.575,11.2949999999968));
#4371=CARTESIAN_POINT('',(-6.31080000000001,2.575,11.2949999999968));
#4372=CARTESIAN_POINT('',(-6.31080000000001,2.575,11.2949999999968));
#4373=CARTESIAN_POINT('',(-6.31080000000001,2.575,12.4449999999968));
#4374=CARTESIAN_POINT('',(-6.31080000000001,2.575,12.4449999999968));
#4375=CARTESIAN_POINT('',(-6.31080000000001,2.575,11.2949999999968));
#4376=CARTESIAN_POINT('Origin',(-6.31080000000001,3.075,11.2949999999968));
#4377=CARTESIAN_POINT('Origin',(-6.31080000000001,3.075,11.2949999999968));
#4378=CARTESIAN_POINT('Origin',(-6.31080000000001,3.075,12.4449999999968));
#4379=CARTESIAN_POINT('Origin',(32.975,-2.97499999999999,11.2949999999968));
#4380=CARTESIAN_POINT('',(32.975,-2.97499999999999,11.2949999999968));
#4381=CARTESIAN_POINT('',(32.975,-15.975,11.2949999999968));
#4382=CARTESIAN_POINT('',(32.975,-15.975,11.2949999999968));
#4383=CARTESIAN_POINT('',(32.975,-15.975,12.4449999999968));
#4384=CARTESIAN_POINT('',(32.975,-15.975,11.2949999999968));
#4385=CARTESIAN_POINT('',(32.975,-2.97499999999999,12.4449999999968));
#4386=CARTESIAN_POINT('',(32.975,-15.975,12.4449999999968));
#4387=CARTESIAN_POINT('',(32.975,-2.97499999999999,11.2949999999968));
#4388=CARTESIAN_POINT('Origin',(32.475,-2.97499999999999,11.2949999999968));
#4389=CARTESIAN_POINT('',(32.475,-2.47499999999999,11.2949999999968));
#4390=CARTESIAN_POINT('Origin',(32.475,-2.97499999999999,11.2949999999968));
#4391=CARTESIAN_POINT('',(32.475,-2.47499999999999,12.4449999999968));
#4392=CARTESIAN_POINT('Origin',(32.475,-2.97499999999999,12.4449999999968));
#4393=CARTESIAN_POINT('',(32.475,-2.47499999999999,11.2949999999968));
#4394=CARTESIAN_POINT('Origin',(19.475,-2.475,11.2949999999968));
#4395=CARTESIAN_POINT('',(19.475,-2.475,11.2949999999968));
#4396=CARTESIAN_POINT('',(32.475,-2.475,11.2949999999968));
#4397=CARTESIAN_POINT('',(19.475,-2.475,12.4449999999968));
#4398=CARTESIAN_POINT('',(32.475,-2.475,12.4449999999968));
#4399=CARTESIAN_POINT('',(19.475,-2.475,11.2949999999968));
#4400=CARTESIAN_POINT('Origin',(19.475,-2.97499999999999,11.2949999999968));
#4401=CARTESIAN_POINT('',(18.975,-2.97499999999999,11.2949999999968));
#4402=CARTESIAN_POINT('Origin',(19.475,-2.97499999999999,11.2949999999968));
#4403=CARTESIAN_POINT('',(18.975,-2.97499999999999,12.4449999999968));
#4404=CARTESIAN_POINT('Origin',(19.475,-2.97499999999999,12.4449999999968));
#4405=CARTESIAN_POINT('',(18.975,-2.97499999999999,11.2949999999968));
#4406=CARTESIAN_POINT('Origin',(18.975,-15.975,11.2949999999968));
#4407=CARTESIAN_POINT('',(18.975,-15.975,11.2949999999968));
#4408=CARTESIAN_POINT('',(18.975,-15.975,11.2949999999968));
#4409=CARTESIAN_POINT('',(18.975,-15.975,12.4449999999968));
#4410=CARTESIAN_POINT('',(18.975,-15.975,12.4449999999968));
#4411=CARTESIAN_POINT('',(18.975,-15.975,11.2949999999968));
#4412=CARTESIAN_POINT('Origin',(19.475,-15.975,11.2949999999968));
#4413=CARTESIAN_POINT('',(19.475,-16.475,11.2949999999968));
#4414=CARTESIAN_POINT('Origin',(19.475,-15.975,11.2949999999968));
#4415=CARTESIAN_POINT('',(19.475,-16.475,12.4449999999968));
#4416=CARTESIAN_POINT('Origin',(19.475,-15.975,12.4449999999968));
#4417=CARTESIAN_POINT('',(19.475,-16.475,11.2949999999968));
#4418=CARTESIAN_POINT('Origin',(32.475,-16.475,11.2949999999968));
#4419=CARTESIAN_POINT('',(32.475,-16.475,11.2949999999968));
#4420=CARTESIAN_POINT('',(32.475,-16.475,11.2949999999968));
#4421=CARTESIAN_POINT('',(32.475,-16.475,12.4449999999968));
#4422=CARTESIAN_POINT('',(32.475,-16.475,12.4449999999968));
#4423=CARTESIAN_POINT('',(32.475,-16.475,11.2949999999968));
#4424=CARTESIAN_POINT('Origin',(32.475,-15.975,11.2949999999968));
#4425=CARTESIAN_POINT('Origin',(32.475,-15.975,11.2949999999968));
#4426=CARTESIAN_POINT('Origin',(32.475,-15.975,12.4449999999968));
#4427=CARTESIAN_POINT('Origin',(-25.2037,16.075,11.2949999999968));
#4428=CARTESIAN_POINT('',(-25.2037,16.075,11.2949999999968));
#4429=CARTESIAN_POINT('',(-25.2037,3.075,11.2949999999968));
#4430=CARTESIAN_POINT('',(-25.2037,3.075,11.2949999999968));
#4431=CARTESIAN_POINT('',(-25.2037,3.075,12.4449999999968));
#4432=CARTESIAN_POINT('',(-25.2037,3.075,11.2949999999968));
#4433=CARTESIAN_POINT('',(-25.2037,16.075,12.4449999999968));
#4434=CARTESIAN_POINT('',(-25.2037,3.075,12.4449999999968));
#4435=CARTESIAN_POINT('',(-25.2037,16.075,11.2949999999968));
#4436=CARTESIAN_POINT('Origin',(-25.7037,16.075,11.2949999999968));
#4437=CARTESIAN_POINT('',(-25.7037,16.575,11.2949999999968));
#4438=CARTESIAN_POINT('Origin',(-25.7037,16.075,11.2949999999968));
#4439=CARTESIAN_POINT('',(-25.7037,16.575,12.4449999999968));
#4440=CARTESIAN_POINT('Origin',(-25.7037,16.075,12.4449999999968));
#4441=CARTESIAN_POINT('',(-25.7037,16.575,11.2949999999968));
#4442=CARTESIAN_POINT('Origin',(-38.7037,16.575,11.2949999999968));
#4443=CARTESIAN_POINT('',(-38.7037,16.575,11.2949999999968));
#4444=CARTESIAN_POINT('',(-25.7037,16.575,11.2949999999968));
#4445=CARTESIAN_POINT('',(-38.7037,16.575,12.4449999999968));
#4446=CARTESIAN_POINT('',(-25.7037,16.575,12.4449999999968));
#4447=CARTESIAN_POINT('',(-38.7037,16.575,11.2949999999968));
#4448=CARTESIAN_POINT('Origin',(-38.7037,16.075,11.2949999999968));
#4449=CARTESIAN_POINT('',(-39.2037,16.075,11.2949999999968));
#4450=CARTESIAN_POINT('Origin',(-38.7037,16.075,11.2949999999968));
#4451=CARTESIAN_POINT('',(-39.2037,16.075,12.4449999999968));
#4452=CARTESIAN_POINT('Origin',(-38.7037,16.075,12.4449999999968));
#4453=CARTESIAN_POINT('',(-39.2037,16.075,11.2949999999968));
#4454=CARTESIAN_POINT('Origin',(-39.2037,3.075,11.2949999999968));
#4455=CARTESIAN_POINT('',(-39.2037,3.075,11.2949999999968));
#4456=CARTESIAN_POINT('',(-39.2037,3.075,11.2949999999968));
#4457=CARTESIAN_POINT('',(-39.2037,3.075,12.4449999999968));
#4458=CARTESIAN_POINT('',(-39.2037,3.075,12.4449999999968));
#4459=CARTESIAN_POINT('',(-39.2037,3.075,11.2949999999968));
#4460=CARTESIAN_POINT('Origin',(-38.7037,3.075,11.2949999999968));
#4461=CARTESIAN_POINT('',(-38.7037,2.575,11.2949999999968));
#4462=CARTESIAN_POINT('Origin',(-38.7037,3.075,11.2949999999968));
#4463=CARTESIAN_POINT('',(-38.7037,2.575,12.4449999999968));
#4464=CARTESIAN_POINT('Origin',(-38.7037,3.075,12.4449999999968));
#4465=CARTESIAN_POINT('',(-38.7037,2.575,11.2949999999968));
#4466=CARTESIAN_POINT('Origin',(-25.7037,2.575,11.2949999999968));
#4467=CARTESIAN_POINT('',(-25.7037,2.575,11.2949999999968));
#4468=CARTESIAN_POINT('',(-25.7037,2.575,11.2949999999968));
#4469=CARTESIAN_POINT('',(-25.7037,2.575,12.4449999999968));
#4470=CARTESIAN_POINT('',(-25.7037,2.575,12.4449999999968));
#4471=CARTESIAN_POINT('',(-25.7037,2.575,11.2949999999968));
#4472=CARTESIAN_POINT('Origin',(-25.7037,3.075,11.2949999999968));
#4473=CARTESIAN_POINT('Origin',(-25.7037,3.075,11.2949999999968));
#4474=CARTESIAN_POINT('Origin',(-25.7037,3.075,12.4449999999968));
#4475=CARTESIAN_POINT('Origin',(13.5821,-22.025,11.2949999999968));
#4476=CARTESIAN_POINT('',(13.5821,-22.025,11.2949999999968));
#4477=CARTESIAN_POINT('',(13.5821,-35.025,11.2949999999968));
#4478=CARTESIAN_POINT('',(13.5821,-35.025,11.2949999999968));
#4479=CARTESIAN_POINT('',(13.5821,-35.025,12.4449999999968));
#4480=CARTESIAN_POINT('',(13.5821,-35.025,11.2949999999968));
#4481=CARTESIAN_POINT('',(13.5821,-22.025,12.4449999999968));
#4482=CARTESIAN_POINT('',(13.5821,-35.025,12.4449999999968));
#4483=CARTESIAN_POINT('',(13.5821,-22.025,11.2949999999968));
#4484=CARTESIAN_POINT('Origin',(13.0821,-22.025,11.2949999999968));
#4485=CARTESIAN_POINT('',(13.0821,-21.525,11.2949999999968));
#4486=CARTESIAN_POINT('Origin',(13.0821,-22.025,11.2949999999968));
#4487=CARTESIAN_POINT('',(13.0821,-21.525,12.4449999999968));
#4488=CARTESIAN_POINT('Origin',(13.0821,-22.025,12.4449999999968));
#4489=CARTESIAN_POINT('',(13.0821,-21.525,11.2949999999968));
#4490=CARTESIAN_POINT('Origin',(0.0820999999999916,-21.525,11.2949999999968));
#4491=CARTESIAN_POINT('',(0.0820999999999916,-21.525,11.2949999999968));
#4492=CARTESIAN_POINT('',(13.0821,-21.525,11.2949999999968));
#4493=CARTESIAN_POINT('',(0.0820999999999916,-21.525,12.4449999999968));
#4494=CARTESIAN_POINT('',(13.0821,-21.525,12.4449999999968));
#4495=CARTESIAN_POINT('',(0.0820999999999916,-21.525,11.2949999999968));
#4496=CARTESIAN_POINT('Origin',(0.0820999999999916,-22.025,11.2949999999968));
#4497=CARTESIAN_POINT('',(-0.417900000000011,-22.025,11.2949999999968));
#4498=CARTESIAN_POINT('Origin',(0.0820999999999916,-22.025,11.2949999999968));
#4499=CARTESIAN_POINT('',(-0.417900000000011,-22.025,12.4449999999968));
#4500=CARTESIAN_POINT('Origin',(0.0820999999999916,-22.025,12.4449999999968));
#4501=CARTESIAN_POINT('',(-0.417900000000011,-22.025,11.2949999999968));
#4502=CARTESIAN_POINT('Origin',(-0.417900000000007,-35.025,11.2949999999968));
#4503=CARTESIAN_POINT('',(-0.417900000000007,-35.025,11.2949999999968));
#4504=CARTESIAN_POINT('',(-0.417900000000007,-35.025,11.2949999999968));
#4505=CARTESIAN_POINT('',(-0.417900000000007,-35.025,12.4449999999968));
#4506=CARTESIAN_POINT('',(-0.417900000000007,-35.025,12.4449999999968));
#4507=CARTESIAN_POINT('',(-0.417900000000007,-35.025,11.2949999999968));
#4508=CARTESIAN_POINT('Origin',(0.0820999999999916,-35.025,11.2949999999968));
#4509=CARTESIAN_POINT('',(0.0820999999999916,-35.525,11.2949999999968));
#4510=CARTESIAN_POINT('Origin',(0.0820999999999916,-35.025,11.2949999999968));
#4511=CARTESIAN_POINT('',(0.0820999999999916,-35.525,12.4449999999968));
#4512=CARTESIAN_POINT('Origin',(0.0820999999999916,-35.025,12.4449999999968));
#4513=CARTESIAN_POINT('',(0.0820999999999916,-35.525,11.2949999999968));
#4514=CARTESIAN_POINT('Origin',(13.0821,-35.525,11.2949999999968));
#4515=CARTESIAN_POINT('',(13.0821,-35.525,11.2949999999968));
#4516=CARTESIAN_POINT('',(13.0821,-35.525,11.2949999999968));
#4517=CARTESIAN_POINT('',(13.0821,-35.525,12.4449999999968));
#4518=CARTESIAN_POINT('',(13.0821,-35.525,12.4449999999968));
#4519=CARTESIAN_POINT('',(13.0821,-35.525,11.2949999999968));
#4520=CARTESIAN_POINT('Origin',(13.0821,-35.025,11.2949999999968));
#4521=CARTESIAN_POINT('Origin',(13.0821,-35.025,11.2949999999968));
#4522=CARTESIAN_POINT('Origin',(13.0821,-35.025,12.4449999999968));
#4523=CARTESIAN_POINT('Origin',(32.975,-22.025,11.2949999999968));
#4524=CARTESIAN_POINT('',(32.975,-22.025,11.2949999999968));
#4525=CARTESIAN_POINT('',(32.975,-35.025,11.2949999999968));
#4526=CARTESIAN_POINT('',(32.975,-35.025,11.2949999999968));
#4527=CARTESIAN_POINT('',(32.975,-35.025,12.4449999999968));
#4528=CARTESIAN_POINT('',(32.975,-35.025,11.2949999999968));
#4529=CARTESIAN_POINT('',(32.975,-22.025,12.4449999999968));
#4530=CARTESIAN_POINT('',(32.975,-35.025,12.4449999999968));
#4531=CARTESIAN_POINT('',(32.975,-22.025,11.2949999999968));
#4532=CARTESIAN_POINT('Origin',(32.475,-22.025,11.2949999999968));
#4533=CARTESIAN_POINT('',(32.475,-21.525,11.2949999999968));
#4534=CARTESIAN_POINT('Origin',(32.475,-22.025,11.2949999999968));
#4535=CARTESIAN_POINT('',(32.475,-21.525,12.4449999999968));
#4536=CARTESIAN_POINT('Origin',(32.475,-22.025,12.4449999999968));
#4537=CARTESIAN_POINT('',(32.475,-21.525,11.2949999999968));
#4538=CARTESIAN_POINT('Origin',(19.475,-21.525,11.2949999999968));
#4539=CARTESIAN_POINT('',(19.475,-21.525,11.2949999999968));
#4540=CARTESIAN_POINT('',(32.475,-21.525,11.2949999999968));
#4541=CARTESIAN_POINT('',(19.475,-21.525,12.4449999999968));
#4542=CARTESIAN_POINT('',(32.475,-21.525,12.4449999999968));
#4543=CARTESIAN_POINT('',(19.475,-21.525,11.2949999999968));
#4544=CARTESIAN_POINT('Origin',(19.475,-22.025,11.2949999999968));
#4545=CARTESIAN_POINT('',(18.975,-22.025,11.2949999999968));
#4546=CARTESIAN_POINT('Origin',(19.475,-22.025,11.2949999999968));
#4547=CARTESIAN_POINT('',(18.975,-22.025,12.4449999999968));
#4548=CARTESIAN_POINT('Origin',(19.475,-22.025,12.4449999999968));
#4549=CARTESIAN_POINT('',(18.975,-22.025,11.2949999999968));
#4550=CARTESIAN_POINT('Origin',(18.975,-35.025,11.2949999999968));
#4551=CARTESIAN_POINT('',(18.975,-35.025,11.2949999999968));
#4552=CARTESIAN_POINT('',(18.975,-35.025,11.2949999999968));
#4553=CARTESIAN_POINT('',(18.975,-35.025,12.4449999999968));
#4554=CARTESIAN_POINT('',(18.975,-35.025,12.4449999999968));
#4555=CARTESIAN_POINT('',(18.975,-35.025,11.2949999999968));
#4556=CARTESIAN_POINT('Origin',(19.475,-35.025,11.2949999999968));
#4557=CARTESIAN_POINT('',(19.475,-35.525,11.2949999999968));
#4558=CARTESIAN_POINT('Origin',(19.475,-35.025,11.2949999999968));
#4559=CARTESIAN_POINT('',(19.475,-35.525,12.4449999999968));
#4560=CARTESIAN_POINT('Origin',(19.475,-35.025,12.4449999999968));
#4561=CARTESIAN_POINT('',(19.475,-35.525,11.2949999999968));
#4562=CARTESIAN_POINT('Origin',(32.475,-35.525,11.2949999999968));
#4563=CARTESIAN_POINT('',(32.475,-35.525,11.2949999999968));
#4564=CARTESIAN_POINT('',(32.475,-35.525,11.2949999999968));
#4565=CARTESIAN_POINT('',(32.475,-35.525,12.4449999999968));
#4566=CARTESIAN_POINT('',(32.475,-35.525,12.4449999999968));
#4567=CARTESIAN_POINT('',(32.475,-35.525,11.2949999999968));
#4568=CARTESIAN_POINT('Origin',(32.475,-35.025,11.2949999999968));
#4569=CARTESIAN_POINT('Origin',(32.475,-35.025,11.2949999999968));
#4570=CARTESIAN_POINT('Origin',(32.475,-35.025,12.4449999999968));
#4571=CARTESIAN_POINT('Origin',(-25.2037,-22.025,11.2949999999968));
#4572=CARTESIAN_POINT('',(-25.2037,-22.025,11.2949999999968));
#4573=CARTESIAN_POINT('',(-25.2037,-35.025,11.2949999999968));
#4574=CARTESIAN_POINT('',(-25.2037,-35.025,11.2949999999968));
#4575=CARTESIAN_POINT('',(-25.2037,-35.025,12.4449999999968));
#4576=CARTESIAN_POINT('',(-25.2037,-35.025,11.2949999999968));
#4577=CARTESIAN_POINT('',(-25.2037,-22.025,12.4449999999968));
#4578=CARTESIAN_POINT('',(-25.2037,-35.025,12.4449999999968));
#4579=CARTESIAN_POINT('',(-25.2037,-22.025,11.2949999999968));
#4580=CARTESIAN_POINT('Origin',(-25.7037,-22.025,11.2949999999968));
#4581=CARTESIAN_POINT('',(-25.7037,-21.525,11.2949999999968));
#4582=CARTESIAN_POINT('Origin',(-25.7037,-22.025,11.2949999999968));
#4583=CARTESIAN_POINT('',(-25.7037,-21.525,12.4449999999968));
#4584=CARTESIAN_POINT('Origin',(-25.7037,-22.025,12.4449999999968));
#4585=CARTESIAN_POINT('',(-25.7037,-21.525,11.2949999999968));
#4586=CARTESIAN_POINT('Origin',(-38.7037,-21.525,11.2949999999968));
#4587=CARTESIAN_POINT('',(-38.7037,-21.525,11.2949999999968));
#4588=CARTESIAN_POINT('',(-25.7037,-21.525,11.2949999999968));
#4589=CARTESIAN_POINT('',(-38.7037,-21.525,12.4449999999968));
#4590=CARTESIAN_POINT('',(-25.7037,-21.525,12.4449999999968));
#4591=CARTESIAN_POINT('',(-38.7037,-21.525,11.2949999999968));
#4592=CARTESIAN_POINT('Origin',(-38.7037,-22.025,11.2949999999968));
#4593=CARTESIAN_POINT('',(-39.2037,-22.025,11.2949999999968));
#4594=CARTESIAN_POINT('Origin',(-38.7037,-22.025,11.2949999999968));
#4595=CARTESIAN_POINT('',(-39.2037,-22.025,12.4449999999968));
#4596=CARTESIAN_POINT('Origin',(-38.7037,-22.025,12.4449999999968));
#4597=CARTESIAN_POINT('',(-39.2037,-22.025,11.2949999999968));
#4598=CARTESIAN_POINT('Origin',(-39.2037,-35.025,11.2949999999968));
#4599=CARTESIAN_POINT('',(-39.2037,-35.025,11.2949999999968));
#4600=CARTESIAN_POINT('',(-39.2037,-35.025,11.2949999999968));
#4601=CARTESIAN_POINT('',(-39.2037,-35.025,12.4449999999968));
#4602=CARTESIAN_POINT('',(-39.2037,-35.025,12.4449999999968));
#4603=CARTESIAN_POINT('',(-39.2037,-35.025,11.2949999999968));
#4604=CARTESIAN_POINT('Origin',(-38.7037,-35.025,11.2949999999968));
#4605=CARTESIAN_POINT('',(-38.7037,-35.525,11.2949999999968));
#4606=CARTESIAN_POINT('Origin',(-38.7037,-35.025,11.2949999999968));
#4607=CARTESIAN_POINT('',(-38.7037,-35.525,12.4449999999968));
#4608=CARTESIAN_POINT('Origin',(-38.7037,-35.025,12.4449999999968));
#4609=CARTESIAN_POINT('',(-38.7037,-35.525,11.2949999999968));
#4610=CARTESIAN_POINT('Origin',(-25.7037,-35.525,11.2949999999968));
#4611=CARTESIAN_POINT('',(-25.7037,-35.525,11.2949999999968));
#4612=CARTESIAN_POINT('',(-25.7037,-35.525,11.2949999999968));
#4613=CARTESIAN_POINT('',(-25.7037,-35.525,12.4449999999968));
#4614=CARTESIAN_POINT('',(-25.7037,-35.525,12.4449999999968));
#4615=CARTESIAN_POINT('',(-25.7037,-35.525,11.2949999999968));
#4616=CARTESIAN_POINT('Origin',(-25.7037,-35.025,11.2949999999968));
#4617=CARTESIAN_POINT('Origin',(-25.7037,-35.025,11.2949999999968));
#4618=CARTESIAN_POINT('Origin',(-25.7037,-35.025,12.4449999999968));
#4619=CARTESIAN_POINT('Origin',(13.5821,-2.97499999999999,11.2949999999968));
#4620=CARTESIAN_POINT('',(13.5821,-2.97499999999999,11.2949999999968));
#4621=CARTESIAN_POINT('',(13.5821,-15.975,11.2949999999968));
#4622=CARTESIAN_POINT('',(13.5821,-15.975,11.2949999999968));
#4623=CARTESIAN_POINT('',(13.5821,-15.975,12.4449999999968));
#4624=CARTESIAN_POINT('',(13.5821,-15.975,11.2949999999968));
#4625=CARTESIAN_POINT('',(13.5821,-2.97499999999999,12.4449999999968));
#4626=CARTESIAN_POINT('',(13.5821,-15.975,12.4449999999968));
#4627=CARTESIAN_POINT('',(13.5821,-2.97499999999999,11.2949999999968));
#4628=CARTESIAN_POINT('Origin',(13.0821,-2.97499999999999,11.2949999999968));
#4629=CARTESIAN_POINT('',(13.0821,-2.475,11.2949999999968));
#4630=CARTESIAN_POINT('Origin',(13.0821,-2.97499999999999,11.2949999999968));
#4631=CARTESIAN_POINT('',(13.0821,-2.475,12.4449999999968));
#4632=CARTESIAN_POINT('Origin',(13.0821,-2.97499999999999,12.4449999999968));
#4633=CARTESIAN_POINT('',(13.0821,-2.475,11.2949999999968));
#4634=CARTESIAN_POINT('Origin',(0.0820999999999916,-2.475,11.2949999999968));
#4635=CARTESIAN_POINT('',(0.0820999999999916,-2.475,11.2949999999968));
#4636=CARTESIAN_POINT('',(13.0821,-2.475,11.2949999999968));
#4637=CARTESIAN_POINT('',(0.0820999999999916,-2.475,12.4449999999968));
#4638=CARTESIAN_POINT('',(13.0821,-2.475,12.4449999999968));
#4639=CARTESIAN_POINT('',(0.0820999999999916,-2.475,11.2949999999968));
#4640=CARTESIAN_POINT('Origin',(0.0820999999999916,-2.97499999999999,11.2949999999968));
#4641=CARTESIAN_POINT('',(-0.417900000000007,-2.97499999999999,11.2949999999968));
#4642=CARTESIAN_POINT('Origin',(0.0820999999999916,-2.97499999999999,11.2949999999968));
#4643=CARTESIAN_POINT('',(-0.417900000000007,-2.97499999999999,12.4449999999968));
#4644=CARTESIAN_POINT('Origin',(0.0820999999999916,-2.97499999999999,12.4449999999968));
#4645=CARTESIAN_POINT('',(-0.417900000000007,-2.97499999999999,11.2949999999968));
#4646=CARTESIAN_POINT('Origin',(-0.417900000000007,-15.975,11.2949999999968));
#4647=CARTESIAN_POINT('',(-0.417900000000007,-15.975,11.2949999999968));
#4648=CARTESIAN_POINT('',(-0.417900000000007,-15.975,11.2949999999968));
#4649=CARTESIAN_POINT('',(-0.417900000000007,-15.975,12.4449999999968));
#4650=CARTESIAN_POINT('',(-0.417900000000007,-15.975,12.4449999999968));
#4651=CARTESIAN_POINT('',(-0.417900000000007,-15.975,11.2949999999968));
#4652=CARTESIAN_POINT('Origin',(0.0820999999999916,-15.975,11.2949999999968));
#4653=CARTESIAN_POINT('',(0.0820999999999916,-16.475,11.2949999999968));
#4654=CARTESIAN_POINT('Origin',(0.0820999999999916,-15.975,11.2949999999968));
#4655=CARTESIAN_POINT('',(0.0820999999999916,-16.475,12.4449999999968));
#4656=CARTESIAN_POINT('Origin',(0.0820999999999916,-15.975,12.4449999999968));
#4657=CARTESIAN_POINT('',(0.0820999999999916,-16.475,11.2949999999968));
#4658=CARTESIAN_POINT('Origin',(13.0821,-16.475,11.2949999999968));
#4659=CARTESIAN_POINT('',(13.0821,-16.475,11.2949999999968));
#4660=CARTESIAN_POINT('',(13.0821,-16.475,11.2949999999968));
#4661=CARTESIAN_POINT('',(13.0821,-16.475,12.4449999999968));
#4662=CARTESIAN_POINT('',(13.0821,-16.475,12.4449999999968));
#4663=CARTESIAN_POINT('',(13.0821,-16.475,11.2949999999968));
#4664=CARTESIAN_POINT('Origin',(13.0821,-15.975,11.2949999999968));
#4665=CARTESIAN_POINT('Origin',(13.0821,-15.975,11.2949999999968));
#4666=CARTESIAN_POINT('Origin',(13.0821,-15.975,12.4449999999968));
#4667=CARTESIAN_POINT('Origin',(13.5821,-41.075,11.2949999999968));
#4668=CARTESIAN_POINT('',(13.5821,-41.075,11.2949999999968));
#4669=CARTESIAN_POINT('',(13.5821,-54.075,11.2949999999968));
#4670=CARTESIAN_POINT('',(13.5821,-54.075,11.2949999999968));
#4671=CARTESIAN_POINT('',(13.5821,-54.075,12.4449999999968));
#4672=CARTESIAN_POINT('',(13.5821,-54.075,11.2949999999968));
#4673=CARTESIAN_POINT('',(13.5821,-41.075,12.4449999999968));
#4674=CARTESIAN_POINT('',(13.5821,-54.075,12.4449999999968));
#4675=CARTESIAN_POINT('',(13.5821,-41.075,11.2949999999968));
#4676=CARTESIAN_POINT('Origin',(13.0821,-41.075,11.2949999999968));
#4677=CARTESIAN_POINT('',(13.0821,-40.575,11.2949999999968));
#4678=CARTESIAN_POINT('Origin',(13.0821,-41.075,11.2949999999968));
#4679=CARTESIAN_POINT('',(13.0821,-40.575,12.4449999999968));
#4680=CARTESIAN_POINT('Origin',(13.0821,-41.075,12.4449999999968));
#4681=CARTESIAN_POINT('',(13.0821,-40.575,11.2949999999968));
#4682=CARTESIAN_POINT('Origin',(0.0820999999999916,-40.575,11.2949999999968));
#4683=CARTESIAN_POINT('',(0.0820999999999916,-40.575,11.2949999999968));
#4684=CARTESIAN_POINT('',(13.0821,-40.575,11.2949999999968));
#4685=CARTESIAN_POINT('',(0.0820999999999916,-40.575,12.4449999999968));
#4686=CARTESIAN_POINT('',(13.0821,-40.575,12.4449999999968));
#4687=CARTESIAN_POINT('',(0.0820999999999916,-40.575,11.2949999999968));
#4688=CARTESIAN_POINT('Origin',(0.0820999999999916,-41.075,11.2949999999968));
#4689=CARTESIAN_POINT('',(-0.417900000000007,-41.075,11.2949999999968));
#4690=CARTESIAN_POINT('Origin',(0.0820999999999916,-41.075,11.2949999999968));
#4691=CARTESIAN_POINT('',(-0.417900000000007,-41.075,12.4449999999968));
#4692=CARTESIAN_POINT('Origin',(0.0820999999999916,-41.075,12.4449999999968));
#4693=CARTESIAN_POINT('',(-0.417900000000007,-41.075,11.2949999999968));
#4694=CARTESIAN_POINT('Origin',(-0.417900000000007,-54.075,11.2949999999968));
#4695=CARTESIAN_POINT('',(-0.417900000000007,-54.075,11.2949999999968));
#4696=CARTESIAN_POINT('',(-0.417900000000007,-54.075,11.2949999999968));
#4697=CARTESIAN_POINT('',(-0.417900000000007,-54.075,12.4449999999968));
#4698=CARTESIAN_POINT('',(-0.417900000000007,-54.075,12.4449999999968));
#4699=CARTESIAN_POINT('',(-0.417900000000007,-54.075,11.2949999999968));
#4700=CARTESIAN_POINT('Origin',(0.0820999999999916,-54.075,11.2949999999968));
#4701=CARTESIAN_POINT('',(0.0820999999999916,-54.575,11.2949999999968));
#4702=CARTESIAN_POINT('Origin',(0.0820999999999916,-54.075,11.2949999999968));
#4703=CARTESIAN_POINT('',(0.0820999999999916,-54.575,12.4449999999968));
#4704=CARTESIAN_POINT('Origin',(0.0820999999999916,-54.075,12.4449999999968));
#4705=CARTESIAN_POINT('',(0.0820999999999916,-54.575,11.2949999999968));
#4706=CARTESIAN_POINT('Origin',(13.0821,-54.575,11.2949999999968));
#4707=CARTESIAN_POINT('',(13.0821,-54.575,11.2949999999968));
#4708=CARTESIAN_POINT('',(13.0821,-54.575,11.2949999999968));
#4709=CARTESIAN_POINT('',(13.0821,-54.575,12.4449999999968));
#4710=CARTESIAN_POINT('',(13.0821,-54.575,12.4449999999968));
#4711=CARTESIAN_POINT('',(13.0821,-54.575,11.2949999999968));
#4712=CARTESIAN_POINT('Origin',(13.0821,-54.075,11.2949999999968));
#4713=CARTESIAN_POINT('Origin',(13.0821,-54.075,11.2949999999968));
#4714=CARTESIAN_POINT('Origin',(13.0821,-54.075,12.4449999999968));
#4715=CARTESIAN_POINT('Origin',(-25.2037,-41.075,11.2949999999968));
#4716=CARTESIAN_POINT('',(-25.2037,-41.075,11.2949999999968));
#4717=CARTESIAN_POINT('',(-25.2037,-54.075,11.2949999999968));
#4718=CARTESIAN_POINT('',(-25.2037,-54.075,11.2949999999968));
#4719=CARTESIAN_POINT('',(-25.2037,-54.075,12.4449999999968));
#4720=CARTESIAN_POINT('',(-25.2037,-54.075,11.2949999999968));
#4721=CARTESIAN_POINT('',(-25.2037,-41.075,12.4449999999968));
#4722=CARTESIAN_POINT('',(-25.2037,-54.075,12.4449999999968));
#4723=CARTESIAN_POINT('',(-25.2037,-41.075,11.2949999999968));
#4724=CARTESIAN_POINT('Origin',(-25.7037,-41.075,11.2949999999968));
#4725=CARTESIAN_POINT('',(-25.7037,-40.575,11.2949999999968));
#4726=CARTESIAN_POINT('Origin',(-25.7037,-41.075,11.2949999999968));
#4727=CARTESIAN_POINT('',(-25.7037,-40.575,12.4449999999968));
#4728=CARTESIAN_POINT('Origin',(-25.7037,-41.075,12.4449999999968));
#4729=CARTESIAN_POINT('',(-25.7037,-40.575,11.2949999999968));
#4730=CARTESIAN_POINT('Origin',(-38.7037,-40.575,11.2949999999968));
#4731=CARTESIAN_POINT('',(-38.7037,-40.575,11.2949999999968));
#4732=CARTESIAN_POINT('',(-25.7037,-40.575,11.2949999999968));
#4733=CARTESIAN_POINT('',(-38.7037,-40.575,12.4449999999968));
#4734=CARTESIAN_POINT('',(-25.7037,-40.575,12.4449999999968));
#4735=CARTESIAN_POINT('',(-38.7037,-40.575,11.2949999999968));
#4736=CARTESIAN_POINT('Origin',(-38.7037,-41.075,11.2949999999968));
#4737=CARTESIAN_POINT('',(-39.2037,-41.075,11.2949999999968));
#4738=CARTESIAN_POINT('Origin',(-38.7037,-41.075,11.2949999999968));
#4739=CARTESIAN_POINT('',(-39.2037,-41.075,12.4449999999968));
#4740=CARTESIAN_POINT('Origin',(-38.7037,-41.075,12.4449999999968));
#4741=CARTESIAN_POINT('',(-39.2037,-41.075,11.2949999999968));
#4742=CARTESIAN_POINT('Origin',(-39.2037,-54.075,11.2949999999968));
#4743=CARTESIAN_POINT('',(-39.2037,-54.075,11.2949999999968));
#4744=CARTESIAN_POINT('',(-39.2037,-54.075,11.2949999999968));
#4745=CARTESIAN_POINT('',(-39.2037,-54.075,12.4449999999968));
#4746=CARTESIAN_POINT('',(-39.2037,-54.075,12.4449999999968));
#4747=CARTESIAN_POINT('',(-39.2037,-54.075,11.2949999999968));
#4748=CARTESIAN_POINT('Origin',(-38.7037,-54.075,11.2949999999968));
#4749=CARTESIAN_POINT('',(-38.7037,-54.575,11.2949999999968));
#4750=CARTESIAN_POINT('Origin',(-38.7037,-54.075,11.2949999999968));
#4751=CARTESIAN_POINT('',(-38.7037,-54.575,12.4449999999968));
#4752=CARTESIAN_POINT('Origin',(-38.7037,-54.075,12.4449999999968));
#4753=CARTESIAN_POINT('',(-38.7037,-54.575,11.2949999999968));
#4754=CARTESIAN_POINT('Origin',(-25.7037,-54.575,11.2949999999968));
#4755=CARTESIAN_POINT('',(-25.7037,-54.575,11.2949999999968));
#4756=CARTESIAN_POINT('',(-25.7037,-54.575,11.2949999999968));
#4757=CARTESIAN_POINT('',(-25.7037,-54.575,12.4449999999968));
#4758=CARTESIAN_POINT('',(-25.7037,-54.575,12.4449999999968));
#4759=CARTESIAN_POINT('',(-25.7037,-54.575,11.2949999999968));
#4760=CARTESIAN_POINT('Origin',(-25.7037,-54.075,11.2949999999968));
#4761=CARTESIAN_POINT('Origin',(-25.7037,-54.075,11.2949999999968));
#4762=CARTESIAN_POINT('Origin',(-25.7037,-54.075,12.4449999999968));
#4763=CARTESIAN_POINT('Origin',(-37.6,34.1,11.2949999999968));
#4764=CARTESIAN_POINT('',(-37.6,34.1,11.2949999999968));
#4765=CARTESIAN_POINT('',(-37.6,41.6,11.2949999999968));
#4766=CARTESIAN_POINT('',(-37.6,41.6,11.2949999999968));
#4767=CARTESIAN_POINT('',(-37.6,41.6,12.4449999999968));
#4768=CARTESIAN_POINT('',(-37.6,41.6,11.2949999999968));
#4769=CARTESIAN_POINT('',(-37.6,34.1,12.4449999999968));
#4770=CARTESIAN_POINT('',(-37.6,41.6,12.4449999999968));
#4771=CARTESIAN_POINT('',(-37.6,34.1,11.2949999999968));
#4772=CARTESIAN_POINT('Origin',(-34.6,34.1,11.2949999999968));
#4773=CARTESIAN_POINT('',(-34.6,34.1,11.2949999999968));
#4774=CARTESIAN_POINT('',(-37.6,34.1,11.2949999999968));
#4775=CARTESIAN_POINT('',(-34.6,34.1,12.4449999999968));
#4776=CARTESIAN_POINT('',(-37.6,34.1,12.4449999999968));
#4777=CARTESIAN_POINT('',(-34.6,34.1,11.2949999999968));
#4778=CARTESIAN_POINT('Origin',(-34.6,29.6,11.2949999999968));
#4779=CARTESIAN_POINT('',(-34.6,29.6,11.2949999999968));
#4780=CARTESIAN_POINT('',(-34.6,29.6,11.2949999999968));
#4781=CARTESIAN_POINT('',(-34.6,29.6,12.4449999999968));
#4782=CARTESIAN_POINT('',(-34.6,29.6,12.4449999999968));
#4783=CARTESIAN_POINT('',(-34.6,29.6,11.2949999999968));
#4784=CARTESIAN_POINT('Origin',(-3.6,29.6,11.2949999999968));
#4785=CARTESIAN_POINT('',(-3.6,29.6,11.2949999999968));
#4786=CARTESIAN_POINT('',(-3.6,29.6,11.2949999999968));
#4787=CARTESIAN_POINT('',(-3.6,29.6,12.4449999999968));
#4788=CARTESIAN_POINT('',(-3.6,29.6,12.4449999999968));
#4789=CARTESIAN_POINT('',(-3.6,29.6,11.2949999999968));
#4790=CARTESIAN_POINT('Origin',(-3.6,41.6,11.2949999999968));
#4791=CARTESIAN_POINT('',(-3.6,41.6,11.2949999999968));
#4792=CARTESIAN_POINT('',(-3.6,41.6,11.2949999999968));
#4793=CARTESIAN_POINT('',(-3.6,41.6,12.4449999999968));
#4794=CARTESIAN_POINT('',(-3.6,41.6,12.4449999999968));
#4795=CARTESIAN_POINT('',(-3.6,41.6,11.2949999999968));
#4796=CARTESIAN_POINT('Origin',(-37.6,41.6,11.2949999999968));
#4797=CARTESIAN_POINT('',(-34.6,41.6,11.2949999999968));
#4798=CARTESIAN_POINT('',(-34.6,41.6,12.4449999999968));
#4799=CARTESIAN_POINT('Origin',(-5.8108,-22.025,11.2949999999968));
#4800=CARTESIAN_POINT('',(-5.8108,-22.025,11.2949999999968));
#4801=CARTESIAN_POINT('',(-5.81080000000001,-35.025,11.2949999999968));
#4802=CARTESIAN_POINT('',(-5.8108,-35.025,11.2949999999968));
#4803=CARTESIAN_POINT('',(-5.81080000000001,-35.025,12.4449999999968));
#4804=CARTESIAN_POINT('',(-5.81080000000001,-35.025,11.2949999999968));
#4805=CARTESIAN_POINT('',(-5.8108,-22.025,12.4449999999968));
#4806=CARTESIAN_POINT('',(-5.8108,-35.025,12.4449999999968));
#4807=CARTESIAN_POINT('',(-5.8108,-22.025,11.2949999999968));
#4808=CARTESIAN_POINT('Origin',(-6.31080000000001,-22.025,11.2949999999968));
#4809=CARTESIAN_POINT('',(-6.31080000000001,-21.525,11.2949999999968));
#4810=CARTESIAN_POINT('Origin',(-6.31080000000001,-22.025,11.2949999999968));
#4811=CARTESIAN_POINT('',(-6.31080000000001,-21.525,12.4449999999968));
#4812=CARTESIAN_POINT('Origin',(-6.31080000000001,-22.025,12.4449999999968));
#4813=CARTESIAN_POINT('',(-6.31080000000001,-21.525,11.2949999999968));
#4814=CARTESIAN_POINT('Origin',(-19.3108,-21.525,11.2949999999968));
#4815=CARTESIAN_POINT('',(-19.3108,-21.525,11.2949999999968));
#4816=CARTESIAN_POINT('',(-6.31080000000001,-21.525,11.2949999999968));
#4817=CARTESIAN_POINT('',(-19.3108,-21.525,12.4449999999968));
#4818=CARTESIAN_POINT('',(-6.31080000000001,-21.525,12.4449999999968));
#4819=CARTESIAN_POINT('',(-19.3108,-21.525,11.2949999999968));
#4820=CARTESIAN_POINT('Origin',(-19.3108,-22.025,11.2949999999968));
#4821=CARTESIAN_POINT('',(-19.8108,-22.025,11.2949999999968));
#4822=CARTESIAN_POINT('Origin',(-19.3108,-22.025,11.2949999999968));
#4823=CARTESIAN_POINT('',(-19.8108,-22.025,12.4449999999968));
#4824=CARTESIAN_POINT('Origin',(-19.3108,-22.025,12.4449999999968));
#4825=CARTESIAN_POINT('',(-19.8108,-22.025,11.2949999999968));
#4826=CARTESIAN_POINT('Origin',(-19.8108,-35.025,11.2949999999968));
#4827=CARTESIAN_POINT('',(-19.8108,-35.025,11.2949999999968));
#4828=CARTESIAN_POINT('',(-19.8108,-35.025,11.2949999999968));
#4829=CARTESIAN_POINT('',(-19.8108,-35.025,12.4449999999968));
#4830=CARTESIAN_POINT('',(-19.8108,-35.025,12.4449999999968));
#4831=CARTESIAN_POINT('',(-19.8108,-35.025,11.2949999999968));
#4832=CARTESIAN_POINT('Origin',(-19.3108,-35.025,11.2949999999968));
#4833=CARTESIAN_POINT('',(-19.3108,-35.525,11.2949999999968));
#4834=CARTESIAN_POINT('Origin',(-19.3108,-35.025,11.2949999999968));
#4835=CARTESIAN_POINT('',(-19.3108,-35.525,12.4449999999968));
#4836=CARTESIAN_POINT('Origin',(-19.3108,-35.025,12.4449999999968));
#4837=CARTESIAN_POINT('',(-19.3108,-35.525,11.2949999999968));
#4838=CARTESIAN_POINT('Origin',(-6.31080000000001,-35.525,11.2949999999968));
#4839=CARTESIAN_POINT('',(-6.31080000000001,-35.525,11.2949999999968));
#4840=CARTESIAN_POINT('',(-6.31080000000001,-35.525,11.2949999999968));
#4841=CARTESIAN_POINT('',(-6.31080000000001,-35.525,12.4449999999968));
#4842=CARTESIAN_POINT('',(-6.31080000000001,-35.525,12.4449999999968));
#4843=CARTESIAN_POINT('',(-6.31080000000001,-35.525,11.2949999999968));
#4844=CARTESIAN_POINT('Origin',(-6.31080000000001,-35.025,11.2949999999968));
#4845=CARTESIAN_POINT('Origin',(-6.31080000000001,-35.025,11.2949999999968));
#4846=CARTESIAN_POINT('Origin',(-6.31080000000001,-35.025,12.4449999999968));
#4847=CARTESIAN_POINT('Origin',(-25.2037,-2.97499999999999,11.2949999999968));
#4848=CARTESIAN_POINT('',(-25.2037,-2.97499999999999,11.2949999999968));
#4849=CARTESIAN_POINT('',(-25.2037,-15.975,11.2949999999968));
#4850=CARTESIAN_POINT('',(-25.2037,-15.975,11.2949999999968));
#4851=CARTESIAN_POINT('',(-25.2037,-15.975,12.4449999999968));
#4852=CARTESIAN_POINT('',(-25.2037,-15.975,11.2949999999968));
#4853=CARTESIAN_POINT('',(-25.2037,-2.97499999999999,12.4449999999968));
#4854=CARTESIAN_POINT('',(-25.2037,-15.975,12.4449999999968));
#4855=CARTESIAN_POINT('',(-25.2037,-2.97499999999999,11.2949999999968));
#4856=CARTESIAN_POINT('Origin',(-25.7037,-2.97499999999999,11.2949999999968));
#4857=CARTESIAN_POINT('',(-25.7037,-2.475,11.2949999999968));
#4858=CARTESIAN_POINT('Origin',(-25.7037,-2.97499999999999,11.2949999999968));
#4859=CARTESIAN_POINT('',(-25.7037,-2.475,12.4449999999968));
#4860=CARTESIAN_POINT('Origin',(-25.7037,-2.97499999999999,12.4449999999968));
#4861=CARTESIAN_POINT('',(-25.7037,-2.475,11.2949999999968));
#4862=CARTESIAN_POINT('Origin',(-38.7037,-2.475,11.2949999999968));
#4863=CARTESIAN_POINT('',(-38.7037,-2.475,11.2949999999968));
#4864=CARTESIAN_POINT('',(-25.7037,-2.475,11.2949999999968));
#4865=CARTESIAN_POINT('',(-38.7037,-2.475,12.4449999999968));
#4866=CARTESIAN_POINT('',(-25.7037,-2.475,12.4449999999968));
#4867=CARTESIAN_POINT('',(-38.7037,-2.475,11.2949999999968));
#4868=CARTESIAN_POINT('Origin',(-38.7037,-2.97499999999999,11.2949999999968));
#4869=CARTESIAN_POINT('',(-39.2037,-2.97499999999999,11.2949999999968));
#4870=CARTESIAN_POINT('Origin',(-38.7037,-2.97499999999999,11.2949999999968));
#4871=CARTESIAN_POINT('',(-39.2037,-2.97499999999999,12.4449999999968));
#4872=CARTESIAN_POINT('Origin',(-38.7037,-2.97499999999999,12.4449999999968));
#4873=CARTESIAN_POINT('',(-39.2037,-2.97499999999999,11.2949999999968));
#4874=CARTESIAN_POINT('Origin',(-39.2037,-15.975,11.2949999999968));
#4875=CARTESIAN_POINT('',(-39.2037,-15.975,11.2949999999968));
#4876=CARTESIAN_POINT('',(-39.2037,-15.975,11.2949999999968));
#4877=CARTESIAN_POINT('',(-39.2037,-15.975,12.4449999999968));
#4878=CARTESIAN_POINT('',(-39.2037,-15.975,12.4449999999968));
#4879=CARTESIAN_POINT('',(-39.2037,-15.975,11.2949999999968));
#4880=CARTESIAN_POINT('Origin',(-38.7037,-15.975,11.2949999999968));
#4881=CARTESIAN_POINT('',(-38.7037,-16.475,11.2949999999968));
#4882=CARTESIAN_POINT('Origin',(-38.7037,-15.975,11.2949999999968));
#4883=CARTESIAN_POINT('',(-38.7037,-16.475,12.4449999999968));
#4884=CARTESIAN_POINT('Origin',(-38.7037,-15.975,12.4449999999968));
#4885=CARTESIAN_POINT('',(-38.7037,-16.475,11.2949999999968));
#4886=CARTESIAN_POINT('Origin',(-25.7037,-16.475,11.2949999999968));
#4887=CARTESIAN_POINT('',(-25.7037,-16.475,11.2949999999968));
#4888=CARTESIAN_POINT('',(-25.7037,-16.475,11.2949999999968));
#4889=CARTESIAN_POINT('',(-25.7037,-16.475,12.4449999999968));
#4890=CARTESIAN_POINT('',(-25.7037,-16.475,12.4449999999968));
#4891=CARTESIAN_POINT('',(-25.7037,-16.475,11.2949999999968));
#4892=CARTESIAN_POINT('Origin',(-25.7037,-15.975,11.2949999999968));
#4893=CARTESIAN_POINT('Origin',(-25.7037,-15.975,11.2949999999968));
#4894=CARTESIAN_POINT('Origin',(-25.7037,-15.975,12.4449999999968));
#4895=CARTESIAN_POINT('Origin',(32.975,16.075,11.2949999999968));
#4896=CARTESIAN_POINT('',(32.975,16.075,11.2949999999968));
#4897=CARTESIAN_POINT('',(32.975,3.075,11.2949999999968));
#4898=CARTESIAN_POINT('',(32.975,3.075,11.2949999999968));
#4899=CARTESIAN_POINT('',(32.975,3.075,12.4449999999968));
#4900=CARTESIAN_POINT('',(32.975,3.075,11.2949999999968));
#4901=CARTESIAN_POINT('',(32.975,16.075,12.4449999999968));
#4902=CARTESIAN_POINT('',(32.975,3.075,12.4449999999968));
#4903=CARTESIAN_POINT('',(32.975,16.075,11.2949999999968));
#4904=CARTESIAN_POINT('Origin',(32.475,16.075,11.2949999999968));
#4905=CARTESIAN_POINT('',(32.475,16.575,11.2949999999968));
#4906=CARTESIAN_POINT('Origin',(32.475,16.075,11.2949999999968));
#4907=CARTESIAN_POINT('',(32.475,16.575,12.4449999999968));
#4908=CARTESIAN_POINT('Origin',(32.475,16.075,12.4449999999968));
#4909=CARTESIAN_POINT('',(32.475,16.575,11.2949999999968));
#4910=CARTESIAN_POINT('Origin',(19.475,16.575,11.2949999999968));
#4911=CARTESIAN_POINT('',(19.475,16.575,11.2949999999968));
#4912=CARTESIAN_POINT('',(32.475,16.575,11.2949999999968));
#4913=CARTESIAN_POINT('',(19.475,16.575,12.4449999999968));
#4914=CARTESIAN_POINT('',(32.475,16.575,12.4449999999968));
#4915=CARTESIAN_POINT('',(19.475,16.575,11.2949999999968));
#4916=CARTESIAN_POINT('Origin',(19.475,16.075,11.2949999999968));
#4917=CARTESIAN_POINT('',(18.975,16.075,11.2949999999968));
#4918=CARTESIAN_POINT('Origin',(19.475,16.075,11.2949999999968));
#4919=CARTESIAN_POINT('',(18.975,16.075,12.4449999999968));
#4920=CARTESIAN_POINT('Origin',(19.475,16.075,12.4449999999968));
#4921=CARTESIAN_POINT('',(18.975,16.075,11.2949999999968));
#4922=CARTESIAN_POINT('Origin',(18.975,3.075,11.2949999999968));
#4923=CARTESIAN_POINT('',(18.975,3.075,11.2949999999968));
#4924=CARTESIAN_POINT('',(18.975,3.075,11.2949999999968));
#4925=CARTESIAN_POINT('',(18.975,3.075,12.4449999999968));
#4926=CARTESIAN_POINT('',(18.975,3.075,12.4449999999968));
#4927=CARTESIAN_POINT('',(18.975,3.075,11.2949999999968));
#4928=CARTESIAN_POINT('Origin',(19.475,3.075,11.2949999999968));
#4929=CARTESIAN_POINT('',(19.475,2.575,11.2949999999968));
#4930=CARTESIAN_POINT('Origin',(19.475,3.075,11.2949999999968));
#4931=CARTESIAN_POINT('',(19.475,2.575,12.4449999999968));
#4932=CARTESIAN_POINT('Origin',(19.475,3.075,12.4449999999968));
#4933=CARTESIAN_POINT('',(19.475,2.575,11.2949999999968));
#4934=CARTESIAN_POINT('Origin',(32.475,2.575,11.2949999999968));
#4935=CARTESIAN_POINT('',(32.475,2.575,11.2949999999968));
#4936=CARTESIAN_POINT('',(32.475,2.575,11.2949999999968));
#4937=CARTESIAN_POINT('',(32.475,2.575,12.4449999999968));
#4938=CARTESIAN_POINT('',(32.475,2.575,12.4449999999968));
#4939=CARTESIAN_POINT('',(32.475,2.575,11.2949999999968));
#4940=CARTESIAN_POINT('Origin',(32.475,3.075,11.2949999999968));
#4941=CARTESIAN_POINT('Origin',(32.475,3.075,11.2949999999968));
#4942=CARTESIAN_POINT('Origin',(32.475,3.075,12.4449999999968));
#4943=CARTESIAN_POINT('Origin',(9.80000000000002,35.9,11.2949999999968));
#4944=CARTESIAN_POINT('',(13.8,35.9,12.4449999999968));
#4945=CARTESIAN_POINT('Origin',(9.80000000000002,35.9,12.4449999999968));
#4946=CARTESIAN_POINT('',(13.8,35.9,11.2949999999968));
#4947=CARTESIAN_POINT('',(13.8,35.9,11.2949999999968));
#4948=CARTESIAN_POINT('Origin',(9.80000000000002,35.9,11.2949999999968));
#4949=CARTESIAN_POINT('Origin',(30.,35.9,11.2949999999968));
#4950=CARTESIAN_POINT('',(34.,35.9,12.4449999999968));
#4951=CARTESIAN_POINT('Origin',(30.,35.9,12.4449999999968));
#4952=CARTESIAN_POINT('',(34.,35.9,11.2949999999968));
#4953=CARTESIAN_POINT('',(34.,35.9,11.2949999999968));
#4954=CARTESIAN_POINT('Origin',(30.,35.9,11.2949999999968));
#4955=CARTESIAN_POINT('Origin',(-5.8108,-41.075,11.2949999999968));
#4956=CARTESIAN_POINT('',(-5.8108,-41.075,11.2949999999968));
#4957=CARTESIAN_POINT('',(-5.81080000000001,-54.075,11.2949999999968));
#4958=CARTESIAN_POINT('',(-5.8108,-54.075,11.2949999999968));
#4959=CARTESIAN_POINT('',(-5.81080000000001,-54.075,12.4449999999968));
#4960=CARTESIAN_POINT('',(-5.81080000000001,-54.075,11.2949999999968));
#4961=CARTESIAN_POINT('',(-5.8108,-41.075,12.4449999999968));
#4962=CARTESIAN_POINT('',(-5.8108,-54.075,12.4449999999968));
#4963=CARTESIAN_POINT('',(-5.8108,-41.075,11.2949999999968));
#4964=CARTESIAN_POINT('Origin',(-6.31080000000001,-41.075,11.2949999999968));
#4965=CARTESIAN_POINT('',(-6.31080000000001,-40.575,11.2949999999968));
#4966=CARTESIAN_POINT('Origin',(-6.31080000000001,-41.075,11.2949999999968));
#4967=CARTESIAN_POINT('',(-6.31080000000001,-40.575,12.4449999999968));
#4968=CARTESIAN_POINT('Origin',(-6.31080000000001,-41.075,12.4449999999968));
#4969=CARTESIAN_POINT('',(-6.31080000000001,-40.575,11.2949999999968));
#4970=CARTESIAN_POINT('Origin',(-19.3108,-40.575,11.2949999999968));
#4971=CARTESIAN_POINT('',(-19.3108,-40.575,11.2949999999968));
#4972=CARTESIAN_POINT('',(-6.31080000000001,-40.575,11.2949999999968));
#4973=CARTESIAN_POINT('',(-19.3108,-40.575,12.4449999999968));
#4974=CARTESIAN_POINT('',(-6.31080000000001,-40.575,12.4449999999968));
#4975=CARTESIAN_POINT('',(-19.3108,-40.575,11.2949999999968));
#4976=CARTESIAN_POINT('Origin',(-19.3108,-41.075,11.2949999999968));
#4977=CARTESIAN_POINT('',(-19.8108,-41.075,11.2949999999968));
#4978=CARTESIAN_POINT('Origin',(-19.3108,-41.075,11.2949999999968));
#4979=CARTESIAN_POINT('',(-19.8108,-41.075,12.4449999999968));
#4980=CARTESIAN_POINT('Origin',(-19.3108,-41.075,12.4449999999968));
#4981=CARTESIAN_POINT('',(-19.8108,-41.075,11.2949999999968));
#4982=CARTESIAN_POINT('Origin',(-19.8108,-54.075,11.2949999999968));
#4983=CARTESIAN_POINT('',(-19.8108,-54.075,11.2949999999968));
#4984=CARTESIAN_POINT('',(-19.8108,-54.075,11.2949999999968));
#4985=CARTESIAN_POINT('',(-19.8108,-54.075,12.4449999999968));
#4986=CARTESIAN_POINT('',(-19.8108,-54.075,12.4449999999968));
#4987=CARTESIAN_POINT('',(-19.8108,-54.075,11.2949999999968));
#4988=CARTESIAN_POINT('Origin',(-19.3108,-54.075,11.2949999999968));
#4989=CARTESIAN_POINT('',(-19.3108,-54.575,11.2949999999968));
#4990=CARTESIAN_POINT('Origin',(-19.3108,-54.075,11.2949999999968));
#4991=CARTESIAN_POINT('',(-19.3108,-54.575,12.4449999999968));
#4992=CARTESIAN_POINT('Origin',(-19.3108,-54.075,12.4449999999968));
#4993=CARTESIAN_POINT('',(-19.3108,-54.575,11.2949999999968));
#4994=CARTESIAN_POINT('Origin',(-6.31080000000001,-54.575,11.2949999999968));
#4995=CARTESIAN_POINT('',(-6.31080000000001,-54.575,11.2949999999968));
#4996=CARTESIAN_POINT('',(-6.31080000000001,-54.575,11.2949999999968));
#4997=CARTESIAN_POINT('',(-6.31080000000001,-54.575,12.4449999999968));
#4998=CARTESIAN_POINT('',(-6.31080000000001,-54.575,12.4449999999968));
#4999=CARTESIAN_POINT('',(-6.31080000000001,-54.575,11.2949999999968));
#5000=CARTESIAN_POINT('Origin',(-6.31080000000001,-54.075,11.2949999999968));
#5001=CARTESIAN_POINT('Origin',(-6.31080000000001,-54.075,11.2949999999968));
#5002=CARTESIAN_POINT('Origin',(-6.31080000000001,-54.075,12.4449999999968));
#5003=CARTESIAN_POINT('Origin',(-5.8108,-2.97499999999999,11.2949999999968));
#5004=CARTESIAN_POINT('',(-5.8108,-2.97499999999999,11.2949999999968));
#5005=CARTESIAN_POINT('',(-5.81080000000001,-15.975,11.2949999999968));
#5006=CARTESIAN_POINT('',(-5.8108,-15.975,11.2949999999968));
#5007=CARTESIAN_POINT('',(-5.81080000000001,-15.975,12.4449999999968));
#5008=CARTESIAN_POINT('',(-5.81080000000001,-15.975,11.2949999999968));
#5009=CARTESIAN_POINT('',(-5.8108,-2.97499999999999,12.4449999999968));
#5010=CARTESIAN_POINT('',(-5.8108,-15.975,12.4449999999968));
#5011=CARTESIAN_POINT('',(-5.8108,-2.97499999999999,11.2949999999968));
#5012=CARTESIAN_POINT('Origin',(-6.31080000000001,-2.97499999999999,11.2949999999968));
#5013=CARTESIAN_POINT('',(-6.31080000000001,-2.47499999999999,11.2949999999968));
#5014=CARTESIAN_POINT('Origin',(-6.31080000000001,-2.97499999999999,11.2949999999968));
#5015=CARTESIAN_POINT('',(-6.31080000000001,-2.47499999999999,12.4449999999968));
#5016=CARTESIAN_POINT('Origin',(-6.31080000000001,-2.97499999999999,12.4449999999968));
#5017=CARTESIAN_POINT('',(-6.31080000000001,-2.47499999999999,11.2949999999968));
#5018=CARTESIAN_POINT('Origin',(-19.3108,-2.475,11.2949999999968));
#5019=CARTESIAN_POINT('',(-19.3108,-2.475,11.2949999999968));
#5020=CARTESIAN_POINT('',(-6.31080000000001,-2.475,11.2949999999968));
#5021=CARTESIAN_POINT('',(-19.3108,-2.475,12.4449999999968));
#5022=CARTESIAN_POINT('',(-6.31080000000001,-2.475,12.4449999999968));
#5023=CARTESIAN_POINT('',(-19.3108,-2.475,11.2949999999968));
#5024=CARTESIAN_POINT('Origin',(-19.3108,-2.97499999999999,11.2949999999968));
#5025=CARTESIAN_POINT('',(-19.8108,-2.97499999999999,11.2949999999968));
#5026=CARTESIAN_POINT('Origin',(-19.3108,-2.97499999999999,11.2949999999968));
#5027=CARTESIAN_POINT('',(-19.8108,-2.97499999999999,12.4449999999968));
#5028=CARTESIAN_POINT('Origin',(-19.3108,-2.97499999999999,12.4449999999968));
#5029=CARTESIAN_POINT('',(-19.8108,-2.97499999999999,11.2949999999968));
#5030=CARTESIAN_POINT('Origin',(-19.8108,-15.975,11.2949999999968));
#5031=CARTESIAN_POINT('',(-19.8108,-15.975,11.2949999999968));
#5032=CARTESIAN_POINT('',(-19.8108,-15.975,11.2949999999968));
#5033=CARTESIAN_POINT('',(-19.8108,-15.975,12.4449999999968));
#5034=CARTESIAN_POINT('',(-19.8108,-15.975,12.4449999999968));
#5035=CARTESIAN_POINT('',(-19.8108,-15.975,11.2949999999968));
#5036=CARTESIAN_POINT('Origin',(-19.3108,-15.975,11.2949999999968));
#5037=CARTESIAN_POINT('',(-19.3108,-16.475,11.2949999999968));
#5038=CARTESIAN_POINT('Origin',(-19.3108,-15.975,11.2949999999968));
#5039=CARTESIAN_POINT('',(-19.3108,-16.475,12.4449999999968));
#5040=CARTESIAN_POINT('Origin',(-19.3108,-15.975,12.4449999999968));
#5041=CARTESIAN_POINT('',(-19.3108,-16.475,11.2949999999968));
#5042=CARTESIAN_POINT('Origin',(-6.31080000000001,-16.475,11.2949999999968));
#5043=CARTESIAN_POINT('',(-6.31080000000001,-16.475,11.2949999999968));
#5044=CARTESIAN_POINT('',(-6.31080000000001,-16.475,11.2949999999968));
#5045=CARTESIAN_POINT('',(-6.31080000000001,-16.475,12.4449999999968));
#5046=CARTESIAN_POINT('',(-6.31080000000001,-16.475,12.4449999999968));
#5047=CARTESIAN_POINT('',(-6.31080000000001,-16.475,11.2949999999968));
#5048=CARTESIAN_POINT('Origin',(-6.31080000000001,-15.975,11.2949999999968));
#5049=CARTESIAN_POINT('Origin',(-6.31080000000001,-15.975,11.2949999999968));
#5050=CARTESIAN_POINT('Origin',(-6.31080000000001,-15.975,12.4449999999968));
#5051=CARTESIAN_POINT('Origin',(-56.2,27.8,11.2949999999968));
#5052=CARTESIAN_POINT('',(-56.2,27.8,11.2949999999968));
#5053=CARTESIAN_POINT('',(-56.2,-59.4,11.2949999999968));
#5054=CARTESIAN_POINT('',(-56.2,27.8,11.2949999999968));
#5055=CARTESIAN_POINT('',(-56.2,-59.4,12.4449999999968));
#5056=CARTESIAN_POINT('',(-56.2,-59.4,11.2949999999968));
#5057=CARTESIAN_POINT('',(-56.2,27.8,12.4449999999968));
#5058=CARTESIAN_POINT('',(-56.2,27.8,12.4449999999968));
#5059=CARTESIAN_POINT('',(-56.2,27.8,11.2949999999968));
#5060=CARTESIAN_POINT('Origin',(-56.2,30.8,11.2949999999968));
#5061=CARTESIAN_POINT('',(-53.2,30.8,11.2949999999968));
#5062=CARTESIAN_POINT('Origin',(-56.2,30.8,11.2949999999968));
#5063=CARTESIAN_POINT('',(-53.2,30.8,12.4449999999968));
#5064=CARTESIAN_POINT('Origin',(-56.2,30.8,12.4449999999968));
#5065=CARTESIAN_POINT('',(-53.2,30.8,11.2949999999968));
#5066=CARTESIAN_POINT('Origin',(-53.2,41.6,11.2949999999968));
#5067=CARTESIAN_POINT('',(-53.2,41.6,11.2949999999968));
#5068=CARTESIAN_POINT('',(-53.2,41.6,11.2949999999968));
#5069=CARTESIAN_POINT('',(-53.2,41.6,12.4449999999968));
#5070=CARTESIAN_POINT('',(-53.2,41.6,12.4449999999968));
#5071=CARTESIAN_POINT('',(-53.2,41.6,11.2949999999968));
#5072=CARTESIAN_POINT('Origin',(-56.2,41.6,11.2949999999968));
#5073=CARTESIAN_POINT('',(-56.2,44.6,11.2949999999968));
#5074=CARTESIAN_POINT('Origin',(-56.2,41.6,11.2949999999968));
#5075=CARTESIAN_POINT('',(-56.2,44.6,12.4449999999968));
#5076=CARTESIAN_POINT('Origin',(-56.2,41.6,12.4449999999968));
#5077=CARTESIAN_POINT('',(-56.2,44.6,11.2949999999968));
#5078=CARTESIAN_POINT('Origin',(-45.2,44.6,11.2949999999968));
#5079=CARTESIAN_POINT('',(-45.2,55.6,11.2949999999968));
#5080=CARTESIAN_POINT('Origin',(-45.2,44.6,11.2949999999968));
#5081=CARTESIAN_POINT('',(-45.2,55.6,12.4449999999968));
#5082=CARTESIAN_POINT('Origin',(-45.2,44.6,12.4449999999968));
#5083=CARTESIAN_POINT('',(-45.2,55.6,11.2949999999968));
#5084=CARTESIAN_POINT('Origin',(40.6,55.6,11.2949999999968));
#5085=CARTESIAN_POINT('',(40.6,55.6,11.2949999999968));
#5086=CARTESIAN_POINT('',(40.6,55.6,11.2949999999968));
#5087=CARTESIAN_POINT('',(40.6,55.6,12.4449999999968));
#5088=CARTESIAN_POINT('',(40.6,55.6,12.4449999999968));
#5089=CARTESIAN_POINT('',(40.6,55.6,11.2949999999968));
#5090=CARTESIAN_POINT('Origin',(40.6,44.6,11.2949999999968));
#5091=CARTESIAN_POINT('',(51.6,44.6,11.2949999999968));
#5092=CARTESIAN_POINT('Origin',(40.6,44.6,11.2949999999968));
#5093=CARTESIAN_POINT('',(51.6,44.6,12.4449999999968));
#5094=CARTESIAN_POINT('Origin',(40.6,44.6,12.4449999999968));
#5095=CARTESIAN_POINT('',(51.6,44.6,11.2949999999968));
#5096=CARTESIAN_POINT('Origin',(51.6,-59.4,11.2949999999968));
#5097=CARTESIAN_POINT('',(51.6,-59.4,11.2949999999968));
#5098=CARTESIAN_POINT('',(51.6,-59.4,11.2949999999968));
#5099=CARTESIAN_POINT('',(51.6,-59.4,12.4449999999968));
#5100=CARTESIAN_POINT('',(51.6,-59.4,12.4449999999968));
#5101=CARTESIAN_POINT('',(51.6,-59.4,11.2949999999968));
#5102=CARTESIAN_POINT('Origin',(40.6,-59.4,11.2949999999968));
#5103=CARTESIAN_POINT('',(40.6,-70.4,11.2949999999968));
#5104=CARTESIAN_POINT('Origin',(40.6,-59.4,11.2949999999968));
#5105=CARTESIAN_POINT('',(40.6,-70.4,12.4449999999968));
#5106=CARTESIAN_POINT('Origin',(40.6,-59.4,12.4449999999968));
#5107=CARTESIAN_POINT('',(40.6,-70.4,11.2949999999968));
#5108=CARTESIAN_POINT('Origin',(-45.2,-70.4,11.2949999999968));
#5109=CARTESIAN_POINT('',(-45.2,-70.4,11.2949999999968));
#5110=CARTESIAN_POINT('',(-45.2,-70.4,11.2949999999968));
#5111=CARTESIAN_POINT('',(-45.2,-70.4,12.4449999999968));
#5112=CARTESIAN_POINT('',(-45.2,-70.4,12.4449999999968));
#5113=CARTESIAN_POINT('',(-45.2,-70.4,11.2949999999968));
#5114=CARTESIAN_POINT('Origin',(-45.2,-59.4,11.2949999999968));
#5115=CARTESIAN_POINT('Origin',(-45.2,-59.4,11.2949999999968));
#5116=CARTESIAN_POINT('Origin',(-45.2,-59.4,12.4449999999968));
#5117=CARTESIAN_POINT('Origin',(-2.3,-7.39999999999999,12.4449999999968));
#5118=CARTESIAN_POINT('Origin',(-2.3,-7.39999999999999,11.2949999999968));
#5119=UNCERTAINTY_MEASURE_WITH_UNIT(LENGTH_MEASURE(0.01),#5123,
'DISTANCE_ACCURACY_VALUE',
'Maximum model space distance between geometric entities at asserted c
onnectivities');
#5120=UNCERTAINTY_MEASURE_WITH_UNIT(LENGTH_MEASURE(0.01),#5123,
'DISTANCE_ACCURACY_VALUE',
'Maximum model space distance between geometric entities at asserted c
onnectivities');
#5121=(
GEOMETRIC_REPRESENTATION_CONTEXT(3)
GLOBAL_UNCERTAINTY_ASSIGNED_CONTEXT((#5119))
GLOBAL_UNIT_ASSIGNED_CONTEXT((#5123,#5125,#5126))
REPRESENTATION_CONTEXT('','3D')
);
#5122=(
GEOMETRIC_REPRESENTATION_CONTEXT(3)
GLOBAL_UNCERTAINTY_ASSIGNED_CONTEXT((#5120))
GLOBAL_UNIT_ASSIGNED_CONTEXT((#5123,#5125,#5126))
REPRESENTATION_CONTEXT('','3D')
);
#5123=(
LENGTH_UNIT()
NAMED_UNIT(*)
SI_UNIT(.MILLI.,.METRE.)
);
#5124=(
LENGTH_UNIT()
NAMED_UNIT(*)
SI_UNIT($,.METRE.)
);
#5125=(
NAMED_UNIT(*)
PLANE_ANGLE_UNIT()
SI_UNIT($,.RADIAN.)
);
#5126=(
NAMED_UNIT(*)
SI_UNIT($,.STERADIAN.)
SOLID_ANGLE_UNIT()
);
#5127=SHAPE_DEFINITION_REPRESENTATION(#5128,#5129);
#5128=PRODUCT_DEFINITION_SHAPE('',$,#5131);
#5129=SHAPE_REPRESENTATION('',(#3055),#5121);
#5130=PRODUCT_DEFINITION_CONTEXT('part definition',#5135,'design');
#5131=PRODUCT_DEFINITION('TopPanel','TopPanel',#5132,#5130);
#5132=PRODUCT_DEFINITION_FORMATION('',$,#5137);
#5133=PRODUCT_RELATED_PRODUCT_CATEGORY('TopPanel','TopPanel',(#5137));
#5134=APPLICATION_PROTOCOL_DEFINITION('international standard',
'automotive_design',2009,#5135);
#5135=APPLICATION_CONTEXT(
'Core Data for Automotive Mechanical Design Process');
#5136=PRODUCT_CONTEXT('part definition',#5135,'mechanical');
#5137=PRODUCT('TopPanel','TopPanel',$,(#5136));
#5138=PRESENTATION_STYLE_ASSIGNMENT((#5140));
#5139=PRESENTATION_STYLE_ASSIGNMENT((#5141));
#5140=SURFACE_STYLE_USAGE(.BOTH.,#5142);
#5141=SURFACE_STYLE_USAGE(.BOTH.,#5143);
#5142=SURFACE_SIDE_STYLE('',(#5144));
#5143=SURFACE_SIDE_STYLE('',(#5145));
#5144=SURFACE_STYLE_FILL_AREA(#5146);
#5145=SURFACE_STYLE_FILL_AREA(#5147);
#5146=FILL_AREA_STYLE('Steel - Satin',(#5148));
#5147=FILL_AREA_STYLE('Opaque(44,44,44)',(#5149));
#5148=FILL_AREA_STYLE_COLOUR('Steel - Satin',#5150);
#5149=FILL_AREA_STYLE_COLOUR('Opaque(44,44,44)',#5151);
#5150=COLOUR_RGB('Steel - Satin',0.627450980392157,0.627450980392157,0.627450980392157);
#5151=COLOUR_RGB('Opaque(44,44,44)',0.172549019607843,0.172549019607843,
0.172549019607843);
ENDSEC;
END-ISO-10303-21;
